start,end,rq_time,rq_type,subnetwork,request_id,is_multimodal,modal_state,transfer_station_ids,max_transfers
92,117,5280,intra,left,0,False,0,,0
22,65,4260,intra,left,1,False,0,,0
40,113,11040,intra,left,2,False,0,,0
117,91,10230,intra,left,3,False,0,,0
92,0,10740,intra,left,4,False,0,,0
59,88,13140,intra,left,5,False,0,,0
106,120,3960,intra,left,6,False,0,,0
18,86,9120,intra,left,7,False,0,,0
1,56,10410,intra,left,8,False,0,,0
11,37,11850,intra,left,9,False,0,,0
102,119,7710,intra,left,10,False,0,,0
80,56,5070,intra,left,11,False,0,,0
63,104,7830,intra,left,12,False,0,,0
33,77,10230,intra,left,13,False,0,,0
108,54,5490,intra,left,14,False,0,,0
22,50,12480,intra,left,15,False,0,,0
99,52,9180,intra,left,16,False,0,,0
0,74,7920,intra,left,17,False,0,,0
4,111,11430,intra,left,18,False,0,,0
40,4,13440,intra,left,19,False,0,,0
64,1,12300,intra,left,20,False,0,,0
109,91,6840,intra,left,21,False,0,,0
115,77,11010,intra,left,22,False,0,,0
114,15,10800,intra,left,23,False,0,,0
102,66,14220,intra,left,24,False,0,,0
61,110,8010,intra,left,25,False,0,,0
50,113,8880,intra,left,26,False,0,,0
81,96,12300,intra,left,27,False,0,,0
16,100,8700,intra,left,28,False,0,,0
56,112,4020,intra,left,29,False,0,,0
75,29,14010,intra,left,30,False,0,,0
36,91,5520,intra,left,31,False,0,,0
1,102,6210,intra,left,32,False,0,,0
118,33,9900,intra,left,33,False,0,,0
16,57,13830,intra,left,34,False,0,,0
112,94,13560,intra,left,35,False,0,,0
79,11,4260,intra,left,36,False,0,,0
41,66,6660,intra,left,37,False,0,,0
48,105,11820,intra,left,38,False,0,,0
117,10,10890,intra,left,39,False,0,,0
22,29,10410,intra,left,40,False,0,,0
62,1,13380,intra,left,41,False,0,,0
24,102,12480,intra,left,42,False,0,,0
81,7,3600,intra,left,43,False,0,,0
111,58,12330,intra,left,44,False,0,,0
16,87,5430,intra,left,45,False,0,,0
36,98,12480,intra,left,46,False,0,,0
43,56,6990,intra,left,47,False,0,,0
18,84,9660,intra,left,48,False,0,,0
33,86,7230,intra,left,49,False,0,,0
85,49,11490,intra,left,50,False,0,,0
82,99,11580,intra,left,51,False,0,,0
67,97,12150,intra,left,52,False,0,,0
58,34,7860,intra,left,53,False,0,,0
11,70,13650,intra,left,54,False,0,,0
29,97,10380,intra,left,55,False,0,,0
52,25,7350,intra,left,56,False,0,,0
70,111,6810,intra,left,57,False,0,,0
28,85,4650,intra,left,58,False,0,,0
86,10,7350,intra,left,59,False,0,,0
116,13,7500,intra,left,60,False,0,,0
30,92,6060,intra,left,61,False,0,,0
73,116,8640,intra,left,62,False,0,,0
93,50,8910,intra,left,63,False,0,,0
46,9,7500,intra,left,64,False,0,,0
59,23,8520,intra,left,65,False,0,,0
18,79,11490,intra,left,66,False,0,,0
113,16,8880,intra,left,67,False,0,,0
41,111,4080,intra,left,68,False,0,,0
67,3,4410,intra,left,69,False,0,,0
6,84,4950,intra,left,70,False,0,,0
94,8,5790,intra,left,71,False,0,,0
9,14,6120,intra,left,72,False,0,,0
59,26,8640,intra,left,73,False,0,,0
22,5,8220,intra,left,74,False,0,,0
94,29,10620,intra,left,75,False,0,,0
6,46,7140,intra,left,76,False,0,,0
5,117,4260,intra,left,77,False,0,,0
117,108,14280,intra,left,78,False,0,,0
71,12,12750,intra,left,79,False,0,,0
56,104,9540,intra,left,80,False,0,,0
55,100,9510,intra,left,81,False,0,,0
3,63,9060,intra,left,82,False,0,,0
96,92,4650,intra,left,83,False,0,,0
12,90,9540,intra,left,84,False,0,,0
78,23,8160,intra,left,85,False,0,,0
25,51,8280,intra,left,86,False,0,,0
49,63,9540,intra,left,87,False,0,,0
100,40,9990,intra,left,88,False,0,,0
83,91,12330,intra,left,89,False,0,,0
107,14,8310,intra,left,90,False,0,,0
113,16,3630,intra,left,91,False,0,,0
15,114,5970,intra,left,92,False,0,,0
48,73,10800,intra,left,93,False,0,,0
104,38,9780,intra,left,94,False,0,,0
70,37,12060,intra,left,95,False,0,,0
118,8,11070,intra,left,96,False,0,,0
30,94,3930,intra,left,97,False,0,,0
7,35,13800,intra,left,98,False,0,,0
7,12,7680,intra,left,99,False,0,,0
85,104,9780,intra,left,100,False,0,,0
114,14,6990,intra,left,101,False,0,,0
103,116,6480,intra,left,102,False,0,,0
58,107,4170,intra,left,103,False,0,,0
88,16,10860,intra,left,104,False,0,,0
34,60,7140,intra,left,105,False,0,,0
12,68,5430,intra,left,106,False,0,,0
86,9,14400,intra,left,107,False,0,,0
75,20,11580,intra,left,108,False,0,,0
20,45,12330,intra,left,109,False,0,,0
54,6,13140,intra,left,110,False,0,,0
113,75,4350,intra,left,111,False,0,,0
110,30,4650,intra,left,112,False,0,,0
101,53,5880,intra,left,113,False,0,,0
118,43,13320,intra,left,114,False,0,,0
9,44,6690,intra,left,115,False,0,,0
66,82,7350,intra,left,116,False,0,,0
52,84,9870,intra,left,117,False,0,,0
49,1,13500,intra,left,118,False,0,,0
26,97,10680,intra,left,119,False,0,,0
21,103,8760,intra,left,120,False,0,,0
12,68,5670,intra,left,121,False,0,,0
84,71,7170,intra,left,122,False,0,,0
113,28,10200,intra,left,123,False,0,,0
13,9,9480,intra,left,124,False,0,,0
101,63,7800,intra,left,125,False,0,,0
44,92,13770,intra,left,126,False,0,,0
89,45,14280,intra,left,127,False,0,,0
115,31,10830,intra,left,128,False,0,,0
35,29,9750,intra,left,129,False,0,,0
79,23,3870,intra,left,130,False,0,,0
77,83,14310,intra,left,131,False,0,,0
86,23,13200,intra,left,132,False,0,,0
24,107,6900,intra,left,133,False,0,,0
12,69,6360,intra,left,134,False,0,,0
117,29,9570,intra,left,135,False,0,,0
80,9,7380,intra,left,136,False,0,,0
81,28,5880,intra,left,137,False,0,,0
80,19,12870,intra,left,138,False,0,,0
15,70,13410,intra,left,139,False,0,,0
83,41,9660,intra,left,140,False,0,,0
14,105,12990,intra,left,141,False,0,,0
89,36,8610,intra,left,142,False,0,,0
28,81,12150,intra,left,143,False,0,,0
96,23,12630,intra,left,144,False,0,,0
120,43,5850,intra,left,145,False,0,,0
1,96,4050,intra,left,146,False,0,,0
29,44,6930,intra,left,147,False,0,,0
34,89,6360,intra,left,148,False,0,,0
23,18,10860,intra,left,149,False,0,,0
3,62,4440,intra,left,150,False,0,,0
73,12,8970,intra,left,151,False,0,,0
118,74,13530,intra,left,152,False,0,,0
75,29,8280,intra,left,153,False,0,,0
105,20,10050,intra,left,154,False,0,,0
93,32,4590,intra,left,155,False,0,,0
82,75,12540,intra,left,156,False,0,,0
22,114,4380,intra,left,157,False,0,,0
95,67,11880,intra,left,158,False,0,,0
57,43,13110,intra,left,159,False,0,,0
104,136,5430,inter,left,160,True,3,MH-L;MH-R,1
41,213,6630,inter,left,161,True,3,MH-L;MH-R,1
27,220,7170,inter,left,162,True,3,MH-L;MH-R,1
88,189,8580,inter,left,163,True,3,MH-L;MH-R,1
74,132,12660,inter,left,164,True,3,MH-L;MH-R,1
105,125,10530,inter,left,165,True,3,MH-L;MH-R,1
63,235,8010,inter,left,166,True,3,MH-L;MH-R,1
38,205,9150,inter,left,167,True,3,MH-L;MH-R,1
21,191,5490,inter,left,168,True,3,MH-L;MH-R,1
67,131,12840,inter,left,169,True,3,MH-L;MH-R,1
70,124,7170,inter,left,170,True,3,MH-L;MH-R,1
79,173,8850,inter,left,171,True,3,MH-L;MH-R,1
95,201,4380,inter,left,172,True,3,MH-L;MH-R,1
56,213,12300,inter,left,173,True,3,MH-L;MH-R,1
76,148,6900,inter,left,174,True,3,MH-L;MH-R,1
15,134,11460,inter,left,175,True,3,MH-L;MH-R,1
59,236,11100,inter,left,176,True,3,MH-L;MH-R,1
73,133,7650,inter,left,177,True,3,MH-L;MH-R,1
15,162,5610,inter,left,178,True,3,MH-L;MH-R,1
105,200,5040,inter,left,179,True,3,MH-L;MH-R,1
12,121,7290,inter,left,180,True,3,MH-L;MH-R,1
106,217,14310,inter,left,181,True,3,MH-L;MH-R,1
38,187,13770,inter,left,182,True,3,MH-L;MH-R,1
95,179,12660,inter,left,183,True,3,MH-L;MH-R,1
12,230,9000,inter,left,184,True,3,MH-L;MH-R,1
98,172,12990,inter,left,185,True,3,MH-L;MH-R,1
58,227,8430,inter,left,186,True,3,MH-L;MH-R,1
85,218,6180,inter,left,187,True,3,MH-L;MH-R,1
113,150,9540,inter,left,188,True,3,MH-L;MH-R,1
17,134,4680,inter,left,189,True,3,MH-L;MH-R,1
1,139,11640,inter,left,190,True,3,MH-L;MH-R,1
105,171,14370,inter,left,191,True,3,MH-L;MH-R,1
6,228,8790,inter,left,192,True,3,MH-L;MH-R,1
42,169,7740,inter,left,193,True,3,MH-L;MH-R,1
74,133,5520,inter,left,194,True,3,MH-L;MH-R,1
21,209,13050,inter,left,195,True,3,MH-L;MH-R,1
48,191,10050,inter,left,196,True,3,MH-L;MH-R,1
33,138,4860,inter,left,197,True,3,MH-L;MH-R,1
18,158,7800,inter,left,198,True,3,MH-L;MH-R,1
90,130,7290,inter,left,199,True,3,MH-L;MH-R,1
22,177,9510,inter,left,200,True,3,MH-L;MH-R,1
33,236,9060,inter,left,201,True,3,MH-L;MH-R,1
114,188,13050,inter,left,202,True,3,MH-L;MH-R,1
63,185,6960,inter,left,203,True,3,MH-L;MH-R,1
72,172,10020,inter,left,204,True,3,MH-L;MH-R,1
37,208,7860,inter,left,205,True,3,MH-L;MH-R,1
110,187,5040,inter,left,206,True,3,MH-L;MH-R,1
105,225,6450,inter,left,207,True,3,MH-L;MH-R,1
50,123,11400,inter,left,208,True,3,MH-L;MH-R,1
5,192,6420,inter,left,209,True,3,MH-L;MH-R,1
36,153,12660,inter,left,210,True,3,MH-L;MH-R,1
107,192,12240,inter,left,211,True,3,MH-L;MH-R,1
21,140,5730,inter,left,212,True,3,MH-L;MH-R,1
63,147,10230,inter,left,213,True,3,MH-L;MH-R,1
9,233,4290,inter,left,214,True,3,MH-L;MH-R,1
84,134,8130,inter,left,215,True,3,MH-L;MH-R,1
88,159,11310,inter,left,216,True,3,MH-L;MH-R,1
46,130,11460,inter,left,217,True,3,MH-L;MH-R,1
8,171,4890,inter,left,218,True,3,MH-L;MH-R,1
33,144,10830,inter,left,219,True,3,MH-L;MH-R,1
58,141,6180,inter,left,220,True,3,MH-L;MH-R,1
35,123,9120,inter,left,221,True,3,MH-L;MH-R,1
7,138,7920,inter,left,222,True,3,MH-L;MH-R,1
36,220,8670,inter,left,223,True,3,MH-L;MH-R,1
68,159,8820,inter,left,224,True,3,MH-L;MH-R,1
82,191,8760,inter,left,225,True,3,MH-L;MH-R,1
20,156,8880,inter,left,226,True,3,MH-L;MH-R,1
64,195,3930,inter,left,227,True,3,MH-L;MH-R,1
23,166,9210,inter,left,228,True,3,MH-L;MH-R,1
10,212,14370,inter,left,229,True,3,MH-L;MH-R,1
21,180,12090,inter,left,230,True,3,MH-L;MH-R,1
53,203,6600,inter,left,231,True,3,MH-L;MH-R,1
6,152,11850,inter,left,232,True,3,MH-L;MH-R,1
35,210,13410,inter,left,233,True,3,MH-L;MH-R,1
18,169,13140,inter,left,234,True,3,MH-L;MH-R,1
8,214,8310,inter,left,235,True,3,MH-L;MH-R,1
46,170,13680,inter,left,236,True,3,MH-L;MH-R,1
56,142,4020,inter,left,237,True,3,MH-L;MH-R,1
2,235,9330,inter,left,238,True,3,MH-L;MH-R,1
34,136,9480,inter,left,239,True,3,MH-L;MH-R,1
60,207,4200,inter,left,240,True,3,MH-L;MH-R,1
46,205,12900,inter,left,241,True,3,MH-L;MH-R,1
99,177,11220,inter,left,242,True,3,MH-L;MH-R,1
8,124,11700,inter,left,243,True,3,MH-L;MH-R,1
1,210,5190,inter,left,244,True,3,MH-L;MH-R,1
54,208,4710,inter,left,245,True,3,MH-L;MH-R,1
89,225,4290,inter,left,246,True,3,MH-L;MH-R,1
83,194,10890,inter,left,247,True,3,MH-L;MH-R,1
66,177,6300,inter,left,248,True,3,MH-L;MH-R,1
111,139,9180,inter,left,249,True,3,MH-L;MH-R,1
67,145,8940,inter,left,250,True,3,MH-L;MH-R,1
3,200,13680,inter,left,251,True,3,MH-L;MH-R,1
106,172,4830,inter,left,252,True,3,MH-L;MH-R,1
84,125,6960,inter,left,253,True,3,MH-L;MH-R,1
99,146,14310,inter,left,254,True,3,MH-L;MH-R,1
33,206,9570,inter,left,255,True,3,MH-L;MH-R,1
115,128,7500,inter,left,256,True,3,MH-L;MH-R,1
67,140,7680,inter,left,257,True,3,MH-L;MH-R,1
35,183,13740,inter,left,258,True,3,MH-L;MH-R,1
8,180,4020,inter,left,259,True,3,MH-L;MH-R,1
0,172,7710,inter,left,260,True,3,MH-L;MH-R,1
42,134,8250,inter,left,261,True,3,MH-L;MH-R,1
4,224,9870,inter,left,262,True,3,MH-L;MH-R,1
110,195,4710,inter,left,263,True,3,MH-L;MH-R,1
13,129,13860,inter,left,264,True,3,MH-L;MH-R,1
29,144,10050,inter,left,265,True,3,MH-L;MH-R,1
82,230,14190,inter,left,266,True,3,MH-L;MH-R,1
47,159,8790,inter,left,267,True,3,MH-L;MH-R,1
42,207,12120,inter,left,268,True,3,MH-L;MH-R,1
18,218,6600,inter,left,269,True,3,MH-L;MH-R,1
5,202,12090,inter,left,270,True,3,MH-L;MH-R,1
113,184,9540,inter,left,271,True,3,MH-L;MH-R,1
43,180,3840,inter,left,272,True,3,MH-L;MH-R,1
86,201,5430,inter,left,273,True,3,MH-L;MH-R,1
41,135,5820,inter,left,274,True,3,MH-L;MH-R,1
110,228,5580,inter,left,275,True,3,MH-L;MH-R,1
9,159,8190,inter,left,276,True,3,MH-L;MH-R,1
97,217,6450,inter,left,277,True,3,MH-L;MH-R,1
90,184,9810,inter,left,278,True,3,MH-L;MH-R,1
16,146,9120,inter,left,279,True,3,MH-L;MH-R,1
8,154,13020,inter,left,280,True,3,MH-L;MH-R,1
38,173,6360,inter,left,281,True,3,MH-L;MH-R,1
31,137,6420,inter,left,282,True,3,MH-L;MH-R,1
25,150,5010,inter,left,283,True,3,MH-L;MH-R,1
34,190,9990,inter,left,284,True,3,MH-L;MH-R,1
46,170,4560,inter,left,285,True,3,MH-L;MH-R,1
101,143,9750,inter,left,286,True,3,MH-L;MH-R,1
25,170,8070,inter,left,287,True,3,MH-L;MH-R,1
6,187,14250,inter,left,288,True,3,MH-L;MH-R,1
18,147,5640,inter,left,289,True,3,MH-L;MH-R,1
91,133,5670,inter,left,290,True,3,MH-L;MH-R,1
74,160,5220,inter,left,291,True,3,MH-L;MH-R,1
35,175,4110,inter,left,292,True,3,MH-L;MH-R,1
77,233,6210,inter,left,293,True,3,MH-L;MH-R,1
50,134,12030,inter,left,294,True,3,MH-L;MH-R,1
27,231,8580,inter,left,295,True,3,MH-L;MH-R,1
60,216,12540,inter,left,296,True,3,MH-L;MH-R,1
99,197,12180,inter,left,297,True,3,MH-L;MH-R,1
44,138,4110,inter,left,298,True,3,MH-L;MH-R,1
67,154,4740,inter,left,299,True,3,MH-L;MH-R,1
93,145,4650,inter,left,300,True,3,MH-L;MH-R,1
97,216,6150,inter,left,301,True,3,MH-L;MH-R,1
50,214,6030,inter,left,302,True,3,MH-L;MH-R,1
18,224,10800,inter,left,303,True,3,MH-L;MH-R,1
39,124,5580,inter,left,304,True,3,MH-L;MH-R,1
41,224,4050,inter,left,305,True,3,MH-L;MH-R,1
5,156,13410,inter,left,306,True,3,MH-L;MH-R,1
91,168,11760,inter,left,307,True,3,MH-L;MH-R,1
66,190,4050,inter,left,308,True,3,MH-L;MH-R,1
6,124,9360,inter,left,309,True,3,MH-L;MH-R,1
60,161,12810,inter,left,310,True,3,MH-L;MH-R,1
73,191,9360,inter,left,311,True,3,MH-L;MH-R,1
103,224,13260,inter,left,312,True,3,MH-L;MH-R,1
34,176,6990,inter,left,313,True,3,MH-L;MH-R,1
93,152,9540,inter,left,314,True,3,MH-L;MH-R,1
47,163,9450,inter,left,315,True,3,MH-L;MH-R,1
44,174,4830,inter,left,316,True,3,MH-L;MH-R,1
107,135,4920,inter,left,317,True,3,MH-L;MH-R,1
14,121,10050,inter,left,318,True,3,MH-L;MH-R,1
49,197,5730,inter,left,319,True,3,MH-L;MH-R,1
30,122,12600,inter,left,320,True,3,MH-L;MH-R,1
94,150,5160,inter,left,321,True,3,MH-L;MH-R,1
34,196,5070,inter,left,322,True,3,MH-L;MH-R,1
11,233,4590,inter,left,323,True,3,MH-L;MH-R,1
101,126,4320,inter,left,324,True,3,MH-L;MH-R,1
43,178,9450,inter,left,325,True,3,MH-L;MH-R,1
43,216,11850,inter,left,326,True,3,MH-L;MH-R,1
13,128,5160,inter,left,327,True,3,MH-L;MH-R,1
77,206,5880,inter,left,328,True,3,MH-L;MH-R,1
97,227,14190,inter,left,329,True,3,MH-L;MH-R,1
91,203,7080,inter,left,330,True,3,MH-L;MH-R,1
0,217,7080,inter,left,331,True,3,MH-L;MH-R,1
71,194,9150,inter,left,332,True,3,MH-L;MH-R,1
91,152,5220,inter,left,333,True,3,MH-L;MH-R,1
50,196,7740,inter,left,334,True,3,MH-L;MH-R,1
64,204,14010,inter,left,335,True,3,MH-L;MH-R,1
61,152,9780,inter,left,336,True,3,MH-L;MH-R,1
90,211,11790,inter,left,337,True,3,MH-L;MH-R,1
94,229,13170,inter,left,338,True,3,MH-L;MH-R,1
76,196,10920,inter,left,339,True,3,MH-L;MH-R,1
44,173,6960,inter,left,340,True,3,MH-L;MH-R,1
61,145,11160,inter,left,341,True,3,MH-L;MH-R,1
75,157,8490,inter,left,342,True,3,MH-L;MH-R,1
36,186,5610,inter,left,343,True,3,MH-L;MH-R,1
1,180,5010,inter,left,344,True,3,MH-L;MH-R,1
88,230,7920,inter,left,345,True,3,MH-L;MH-R,1
72,131,7080,inter,left,346,True,3,MH-L;MH-R,1
18,164,10350,inter,left,347,True,3,MH-L;MH-R,1
59,168,8070,inter,left,348,True,3,MH-L;MH-R,1
105,173,8550,inter,left,349,True,3,MH-L;MH-R,1
64,231,12570,inter,left,350,True,3,MH-L;MH-R,1
34,133,14400,inter,left,351,True,3,MH-L;MH-R,1
31,231,11040,inter,left,352,True,3,MH-L;MH-R,1
14,151,6900,inter,left,353,True,3,MH-L;MH-R,1
55,197,7830,inter,left,354,True,3,MH-L;MH-R,1
75,155,12540,inter,left,355,True,3,MH-L;MH-R,1
24,136,7890,inter,left,356,True,3,MH-L;MH-R,1
26,232,8430,inter,left,357,True,3,MH-L;MH-R,1
23,133,14070,inter,left,358,True,3,MH-L;MH-R,1
7,139,5130,inter,left,359,True,3,MH-L;MH-R,1
39,164,4320,inter,left,360,True,3,MH-L;MH-R,1
41,236,9390,inter,left,361,True,3,MH-L;MH-R,1
108,233,10380,inter,left,362,True,3,MH-L;MH-R,1
40,224,9300,inter,left,363,True,3,MH-L;MH-R,1
71,133,5940,inter,left,364,True,3,MH-L;MH-R,1
90,160,5550,inter,left,365,True,3,MH-L;MH-R,1
26,227,11460,inter,left,366,True,3,MH-L;MH-R,1
10,197,9090,inter,left,367,True,3,MH-L;MH-R,1
105,184,4290,inter,left,368,True,3,MH-L;MH-R,1
26,181,9360,inter,left,369,True,3,MH-L;MH-R,1
51,164,5970,inter,left,370,True,3,MH-L;MH-R,1
52,233,8970,inter,left,371,True,3,MH-L;MH-R,1
43,134,4080,inter,left,372,True,3,MH-L;MH-R,1
115,214,13740,inter,left,373,True,3,MH-L;MH-R,1
31,235,5220,inter,left,374,True,3,MH-L;MH-R,1
29,211,13620,inter,left,375,True,3,MH-L;MH-R,1
76,158,9300,inter,left,376,True,3,MH-L;MH-R,1
98,121,5430,inter,left,377,True,3,MH-L;MH-R,1
90,233,5160,inter,left,378,True,3,MH-L;MH-R,1
16,157,4020,inter,left,379,True,3,MH-L;MH-R,1
16,133,6330,inter,left,380,True,3,MH-L;MH-R,1
46,159,7590,inter,left,381,True,3,MH-L;MH-R,1
75,166,6810,inter,left,382,True,3,MH-L;MH-R,1
13,217,12270,inter,left,383,True,3,MH-L;MH-R,1
93,169,7200,inter,left,384,True,3,MH-L;MH-R,1
73,145,14400,inter,left,385,True,3,MH-L;MH-R,1
65,177,11670,inter,left,386,True,3,MH-L;MH-R,1
22,180,9120,inter,left,387,True,3,MH-L;MH-R,1
20,185,13890,inter,left,388,True,3,MH-L;MH-R,1
21,215,3840,inter,left,389,True,3,MH-L;MH-R,1
113,212,6690,inter,left,390,True,3,MH-L;MH-R,1
37,154,5640,inter,left,391,True,3,MH-L;MH-R,1
12,155,6300,inter,left,392,True,3,MH-L;MH-R,1
71,188,8550,inter,left,393,True,3,MH-L;MH-R,1
105,203,3630,inter,left,394,True,3,MH-L;MH-R,1
76,158,6330,inter,left,395,True,3,MH-L;MH-R,1
23,165,4260,inter,left,396,True,3,MH-L;MH-R,1
113,232,4320,inter,left,397,True,3,MH-L;MH-R,1
43,172,9090,inter,left,398,True,3,MH-L;MH-R,1
60,214,6480,inter,left,399,True,3,MH-L;MH-R,1
167,222,14220,intra,right,400,False,0,,0
240,150,12690,intra,right,401,False,0,,0
186,138,13020,intra,right,402,False,0,,0
139,208,6300,intra,right,403,False,0,,0
137,206,4290,intra,right,404,False,0,,0
209,181,11280,intra,right,405,False,0,,0
150,133,13170,intra,right,406,False,0,,0
221,162,12900,intra,right,407,False,0,,0
165,130,9900,intra,right,408,False,0,,0
181,228,9300,intra,right,409,False,0,,0
241,236,10440,intra,right,410,False,0,,0
193,124,12510,intra,right,411,False,0,,0
202,218,9330,intra,right,412,False,0,,0
187,172,7320,intra,right,413,False,0,,0
228,192,8520,intra,right,414,False,0,,0
156,222,5850,intra,right,415,False,0,,0
167,208,4830,intra,right,416,False,0,,0
235,137,6270,intra,right,417,False,0,,0
121,190,12930,intra,right,418,False,0,,0
176,201,6060,intra,right,419,False,0,,0
218,162,10890,intra,right,420,False,0,,0
212,128,7290,intra,right,421,False,0,,0
172,132,9840,intra,right,422,False,0,,0
235,168,8370,intra,right,423,False,0,,0
206,170,8820,intra,right,424,False,0,,0
172,235,6780,intra,right,425,False,0,,0
161,155,9870,intra,right,426,False,0,,0
237,144,9630,intra,right,427,False,0,,0
123,164,14340,intra,right,428,False,0,,0
172,220,6090,intra,right,429,False,0,,0
235,183,5940,intra,right,430,False,0,,0
161,125,11400,intra,right,431,False,0,,0
198,228,7830,intra,right,432,False,0,,0
136,204,3720,intra,right,433,False,0,,0
150,235,7470,intra,right,434,False,0,,0
217,130,10890,intra,right,435,False,0,,0
163,223,8970,intra,right,436,False,0,,0
207,233,6600,intra,right,437,False,0,,0
238,153,7980,intra,right,438,False,0,,0
208,133,6990,intra,right,439,False,0,,0
133,190,11430,intra,right,440,False,0,,0
142,157,7050,intra,right,441,False,0,,0
241,232,10290,intra,right,442,False,0,,0
217,145,8550,intra,right,443,False,0,,0
176,210,9690,intra,right,444,False,0,,0
196,171,12000,intra,right,445,False,0,,0
224,171,8430,intra,right,446,False,0,,0
183,124,10980,intra,right,447,False,0,,0
151,167,7470,intra,right,448,False,0,,0
159,217,4950,intra,right,449,False,0,,0
181,186,12540,intra,right,450,False,0,,0
232,147,9030,intra,right,451,False,0,,0
150,225,10710,intra,right,452,False,0,,0
132,185,13920,intra,right,453,False,0,,0
184,212,8100,intra,right,454,False,0,,0
133,212,4740,intra,right,455,False,0,,0
171,175,4560,intra,right,456,False,0,,0
164,185,10920,intra,right,457,False,0,,0
133,127,9570,intra,right,458,False,0,,0
169,227,11850,intra,right,459,False,0,,0
207,138,9840,intra,right,460,False,0,,0
191,221,10860,intra,right,461,False,0,,0
131,198,10110,intra,right,462,False,0,,0
136,183,12750,intra,right,463,False,0,,0
210,204,11970,intra,right,464,False,0,,0
227,163,6750,intra,right,465,False,0,,0
213,207,8700,intra,right,466,False,0,,0
134,131,12240,intra,right,467,False,0,,0
180,232,10830,intra,right,468,False,0,,0
229,163,8160,intra,right,469,False,0,,0
190,157,9480,intra,right,470,False,0,,0
200,157,13530,intra,right,471,False,0,,0
130,210,6690,intra,right,472,False,0,,0
149,178,9900,intra,right,473,False,0,,0
181,228,7770,intra,right,474,False,0,,0
205,171,7740,intra,right,475,False,0,,0
130,211,10530,intra,right,476,False,0,,0
162,214,9120,intra,right,477,False,0,,0
231,138,9630,intra,right,478,False,0,,0
169,218,14340,intra,right,479,False,0,,0
238,140,10920,intra,right,480,False,0,,0
185,142,10530,intra,right,481,False,0,,0
140,221,4980,intra,right,482,False,0,,0
141,214,11460,intra,right,483,False,0,,0
121,202,7470,intra,right,484,False,0,,0
214,231,11460,intra,right,485,False,0,,0
189,143,6000,intra,right,486,False,0,,0
156,209,3870,intra,right,487,False,0,,0
187,234,9660,intra,right,488,False,0,,0
148,216,13470,intra,right,489,False,0,,0
184,131,10950,intra,right,490,False,0,,0
150,166,11460,intra,right,491,False,0,,0
207,149,4950,intra,right,492,False,0,,0
229,235,3990,intra,right,493,False,0,,0
209,147,3630,intra,right,494,False,0,,0
143,218,9990,intra,right,495,False,0,,0
173,144,12270,intra,right,496,False,0,,0
216,164,7170,intra,right,497,False,0,,0
209,132,9060,intra,right,498,False,0,,0
223,175,11760,intra,right,499,False,0,,0
176,230,14190,intra,right,500,False,0,,0
205,200,4800,intra,right,501,False,0,,0
233,164,5490,intra,right,502,False,0,,0
167,161,4890,intra,right,503,False,0,,0
234,150,13290,intra,right,504,False,0,,0
219,126,3960,intra,right,505,False,0,,0
147,235,10080,intra,right,506,False,0,,0
159,123,12090,intra,right,507,False,0,,0
180,197,12600,intra,right,508,False,0,,0
151,175,9060,intra,right,509,False,0,,0
197,140,11790,intra,right,510,False,0,,0
229,177,10770,intra,right,511,False,0,,0
221,174,9930,intra,right,512,False,0,,0
165,150,6420,intra,right,513,False,0,,0
124,205,6210,intra,right,514,False,0,,0
147,200,14220,intra,right,515,False,0,,0
177,201,11790,intra,right,516,False,0,,0
127,179,11970,intra,right,517,False,0,,0
140,192,3750,intra,right,518,False,0,,0
127,226,5640,intra,right,519,False,0,,0
126,188,5670,intra,right,520,False,0,,0
129,203,11100,intra,right,521,False,0,,0
137,192,8640,intra,right,522,False,0,,0
222,154,13230,intra,right,523,False,0,,0
241,133,12150,intra,right,524,False,0,,0
216,180,6660,intra,right,525,False,0,,0
165,212,4440,intra,right,526,False,0,,0
162,194,9180,intra,right,527,False,0,,0
230,126,5550,intra,right,528,False,0,,0
225,178,13020,intra,right,529,False,0,,0
125,166,5070,intra,right,530,False,0,,0
209,167,5310,intra,right,531,False,0,,0
204,182,7140,intra,right,532,False,0,,0
239,145,13290,intra,right,533,False,0,,0
152,175,9300,intra,right,534,False,0,,0
226,174,3600,intra,right,535,False,0,,0
180,126,8400,intra,right,536,False,0,,0
162,205,12330,intra,right,537,False,0,,0
135,170,13170,intra,right,538,False,0,,0
135,229,9750,intra,right,539,False,0,,0
225,157,13020,intra,right,540,False,0,,0
224,145,8190,intra,right,541,False,0,,0
176,130,4590,intra,right,542,False,0,,0
145,206,5100,intra,right,543,False,0,,0
183,221,7110,intra,right,544,False,0,,0
143,218,13920,intra,right,545,False,0,,0
187,214,7440,intra,right,546,False,0,,0
234,216,5730,intra,right,547,False,0,,0
131,156,9270,intra,right,548,False,0,,0
185,214,9150,intra,right,549,False,0,,0
157,153,8520,intra,right,550,False,0,,0
186,123,13140,intra,right,551,False,0,,0
155,208,13440,intra,right,552,False,0,,0
211,182,6930,intra,right,553,False,0,,0
241,163,9450,intra,right,554,False,0,,0
207,225,11160,intra,right,555,False,0,,0
138,186,10230,intra,right,556,False,0,,0
175,224,14250,intra,right,557,False,0,,0
169,210,10710,intra,right,558,False,0,,0
175,179,12510,intra,right,559,False,0,,0
143,37,8520,inter,right,560,True,3,MH-R;MH-L,1
185,92,9960,inter,right,561,True,3,MH-R;MH-L,1
149,92,10650,inter,right,562,True,3,MH-R;MH-L,1
223,9,11730,inter,right,563,True,3,MH-R;MH-L,1
145,68,8340,inter,right,564,True,3,MH-R;MH-L,1
146,38,14160,inter,right,565,True,3,MH-R;MH-L,1
171,56,13110,inter,right,566,True,3,MH-R;MH-L,1
194,74,8070,inter,right,567,True,3,MH-R;MH-L,1
227,103,11550,inter,right,568,True,3,MH-R;MH-L,1
146,35,5100,inter,right,569,True,3,MH-R;MH-L,1
233,46,5700,inter,right,570,True,3,MH-R;MH-L,1
164,109,10320,inter,right,571,True,3,MH-R;MH-L,1
169,39,12720,inter,right,572,True,3,MH-R;MH-L,1
152,30,13380,inter,right,573,True,3,MH-R;MH-L,1
225,75,12930,inter,right,574,True,3,MH-R;MH-L,1
158,115,7380,inter,right,575,True,3,MH-R;MH-L,1
214,68,10950,inter,right,576,True,3,MH-R;MH-L,1
141,21,6090,inter,right,577,True,3,MH-R;MH-L,1
154,36,7350,inter,right,578,True,3,MH-R;MH-L,1
207,99,12450,inter,right,579,True,3,MH-R;MH-L,1
186,20,12750,inter,right,580,True,3,MH-R;MH-L,1
228,20,11400,inter,right,581,True,3,MH-R;MH-L,1
149,64,13320,inter,right,582,True,3,MH-R;MH-L,1
231,77,10950,inter,right,583,True,3,MH-R;MH-L,1
235,25,8010,inter,right,584,True,3,MH-R;MH-L,1
140,12,12810,inter,right,585,True,3,MH-R;MH-L,1
178,52,8880,inter,right,586,True,3,MH-R;MH-L,1
130,109,11640,inter,right,587,True,3,MH-R;MH-L,1
131,72,4650,inter,right,588,True,3,MH-R;MH-L,1
144,76,13890,inter,right,589,True,3,MH-R;MH-L,1
226,48,10860,inter,right,590,True,3,MH-R;MH-L,1
145,35,5160,inter,right,591,True,3,MH-R;MH-L,1
178,88,12990,inter,right,592,True,3,MH-R;MH-L,1
190,87,5400,inter,right,593,True,3,MH-R;MH-L,1
171,26,9180,inter,right,594,True,3,MH-R;MH-L,1
230,42,8130,inter,right,595,True,3,MH-R;MH-L,1
176,16,13860,inter,right,596,True,3,MH-R;MH-L,1
179,114,13020,inter,right,597,True,3,MH-R;MH-L,1
210,57,5550,inter,right,598,True,3,MH-R;MH-L,1
215,109,13080,inter,right,599,True,3,MH-R;MH-L,1
166,6,6750,inter,right,600,True,3,MH-R;MH-L,1
230,112,9270,inter,right,601,True,3,MH-R;MH-L,1
225,45,11670,inter,right,602,True,3,MH-R;MH-L,1
216,30,8970,inter,right,603,True,3,MH-R;MH-L,1
128,27,3960,inter,right,604,True,3,MH-R;MH-L,1
219,103,11250,inter,right,605,True,3,MH-R;MH-L,1
235,69,7200,inter,right,606,True,3,MH-R;MH-L,1
201,59,12630,inter,right,607,True,3,MH-R;MH-L,1
162,111,6360,inter,right,608,True,3,MH-R;MH-L,1
142,101,8550,inter,right,609,True,3,MH-R;MH-L,1
196,31,9090,inter,right,610,True,3,MH-R;MH-L,1
204,63,6240,inter,right,611,True,3,MH-R;MH-L,1
192,75,4770,inter,right,612,True,3,MH-R;MH-L,1
208,6,9300,inter,right,613,True,3,MH-R;MH-L,1
209,68,13770,inter,right,614,True,3,MH-R;MH-L,1
188,29,13680,inter,right,615,True,3,MH-R;MH-L,1
184,61,3930,inter,right,616,True,3,MH-R;MH-L,1
206,48,10950,inter,right,617,True,3,MH-R;MH-L,1
217,9,6000,inter,right,618,True,3,MH-R;MH-L,1
214,80,13080,inter,right,619,True,3,MH-R;MH-L,1
159,93,10770,inter,right,620,True,3,MH-R;MH-L,1
165,32,14400,inter,right,621,True,3,MH-R;MH-L,1
193,83,13890,inter,right,622,True,3,MH-R;MH-L,1
236,58,7680,inter,right,623,True,3,MH-R;MH-L,1
132,82,4290,inter,right,624,True,3,MH-R;MH-L,1
226,69,12810,inter,right,625,True,3,MH-R;MH-L,1
166,44,8850,inter,right,626,True,3,MH-R;MH-L,1
184,78,7350,inter,right,627,True,3,MH-R;MH-L,1
147,84,6900,inter,right,628,True,3,MH-R;MH-L,1
140,73,10320,inter,right,629,True,3,MH-R;MH-L,1
159,42,3750,inter,right,630,True,3,MH-R;MH-L,1
140,74,9030,inter,right,631,True,3,MH-R;MH-L,1
189,44,6510,inter,right,632,True,3,MH-R;MH-L,1
226,75,6600,inter,right,633,True,3,MH-R;MH-L,1
142,67,5340,inter,right,634,True,3,MH-R;MH-L,1
201,100,13140,inter,right,635,True,3,MH-R;MH-L,1
156,39,11910,inter,right,636,True,3,MH-R;MH-L,1
190,88,5070,inter,right,637,True,3,MH-R;MH-L,1
226,51,8190,inter,right,638,True,3,MH-R;MH-L,1
167,84,9000,inter,right,639,True,3,MH-R;MH-L,1
173,17,12720,inter,right,640,True,3,MH-R;MH-L,1
124,54,7890,inter,right,641,True,3,MH-R;MH-L,1
144,85,12630,inter,right,642,True,3,MH-R;MH-L,1
163,86,11610,inter,right,643,True,3,MH-R;MH-L,1
212,1,11040,inter,right,644,True,3,MH-R;MH-L,1
138,90,12780,inter,right,645,True,3,MH-R;MH-L,1
142,24,4470,inter,right,646,True,3,MH-R;MH-L,1
160,74,13440,inter,right,647,True,3,MH-R;MH-L,1
179,26,5280,inter,right,648,True,3,MH-R;MH-L,1
222,103,8940,inter,right,649,True,3,MH-R;MH-L,1
135,4,14040,inter,right,650,True,3,MH-R;MH-L,1
210,5,6390,inter,right,651,True,3,MH-R;MH-L,1
157,84,10260,inter,right,652,True,3,MH-R;MH-L,1
153,84,3750,inter,right,653,True,3,MH-R;MH-L,1
179,100,10020,inter,right,654,True,3,MH-R;MH-L,1
236,3,9630,inter,right,655,True,3,MH-R;MH-L,1
167,18,4560,inter,right,656,True,3,MH-R;MH-L,1
147,115,6720,inter,right,657,True,3,MH-R;MH-L,1
191,59,9480,inter,right,658,True,3,MH-R;MH-L,1
135,59,12600,inter,right,659,True,3,MH-R;MH-L,1
196,90,12450,inter,right,660,True,3,MH-R;MH-L,1
154,22,5220,inter,right,661,True,3,MH-R;MH-L,1
157,17,4920,inter,right,662,True,3,MH-R;MH-L,1
171,7,9690,inter,right,663,True,3,MH-R;MH-L,1
180,53,4710,inter,right,664,True,3,MH-R;MH-L,1
192,16,4350,inter,right,665,True,3,MH-R;MH-L,1
203,63,13740,inter,right,666,True,3,MH-R;MH-L,1
138,51,5280,inter,right,667,True,3,MH-R;MH-L,1
234,41,9210,inter,right,668,True,3,MH-R;MH-L,1
211,75,8220,inter,right,669,True,3,MH-R;MH-L,1
228,48,6840,inter,right,670,True,3,MH-R;MH-L,1
218,113,12420,inter,right,671,True,3,MH-R;MH-L,1
210,79,6120,inter,right,672,True,3,MH-R;MH-L,1
234,83,7590,inter,right,673,True,3,MH-R;MH-L,1
125,110,9450,inter,right,674,True,3,MH-R;MH-L,1
141,21,7320,inter,right,675,True,3,MH-R;MH-L,1
192,2,6570,inter,right,676,True,3,MH-R;MH-L,1
163,43,4050,inter,right,677,True,3,MH-R;MH-L,1
221,3,11280,inter,right,678,True,3,MH-R;MH-L,1
168,13,4290,inter,right,679,True,3,MH-R;MH-L,1
138,75,4980,inter,right,680,True,3,MH-R;MH-L,1
196,69,4740,inter,right,681,True,3,MH-R;MH-L,1
172,97,12990,inter,right,682,True,3,MH-R;MH-L,1
209,7,5160,inter,right,683,True,3,MH-R;MH-L,1
146,50,7290,inter,right,684,True,3,MH-R;MH-L,1
160,11,9300,inter,right,685,True,3,MH-R;MH-L,1
147,29,11070,inter,right,686,True,3,MH-R;MH-L,1
211,90,5790,inter,right,687,True,3,MH-R;MH-L,1
225,95,9570,inter,right,688,True,3,MH-R;MH-L,1
125,114,4890,inter,right,689,True,3,MH-R;MH-L,1
206,45,5610,inter,right,690,True,3,MH-R;MH-L,1
152,35,12960,inter,right,691,True,3,MH-R;MH-L,1
165,34,5820,inter,right,692,True,3,MH-R;MH-L,1
188,21,5370,inter,right,693,True,3,MH-R;MH-L,1
129,72,8910,inter,right,694,True,3,MH-R;MH-L,1
134,85,7560,inter,right,695,True,3,MH-R;MH-L,1
191,56,7860,inter,right,696,True,3,MH-R;MH-L,1
149,14,11280,inter,right,697,True,3,MH-R;MH-L,1
148,86,7710,inter,right,698,True,3,MH-R;MH-L,1
171,30,4590,inter,right,699,True,3,MH-R;MH-L,1
162,8,13110,inter,right,700,True,3,MH-R;MH-L,1
197,103,9930,inter,right,701,True,3,MH-R;MH-L,1
221,7,11700,inter,right,702,True,3,MH-R;MH-L,1
153,5,5640,inter,right,703,True,3,MH-R;MH-L,1
217,111,7140,inter,right,704,True,3,MH-R;MH-L,1
140,7,6420,inter,right,705,True,3,MH-R;MH-L,1
227,89,11340,inter,right,706,True,3,MH-R;MH-L,1
233,59,12000,inter,right,707,True,3,MH-R;MH-L,1
218,75,11220,inter,right,708,True,3,MH-R;MH-L,1
123,3,6330,inter,right,709,True,3,MH-R;MH-L,1
202,103,9270,inter,right,710,True,3,MH-R;MH-L,1
204,50,12390,inter,right,711,True,3,MH-R;MH-L,1
187,108,9570,inter,right,712,True,3,MH-R;MH-L,1
125,51,5370,inter,right,713,True,3,MH-R;MH-L,1
219,62,7890,inter,right,714,True,3,MH-R;MH-L,1
163,16,13290,inter,right,715,True,3,MH-R;MH-L,1
163,78,8940,inter,right,716,True,3,MH-R;MH-L,1
214,39,9420,inter,right,717,True,3,MH-R;MH-L,1
183,79,10620,inter,right,718,True,3,MH-R;MH-L,1
199,81,4770,inter,right,719,True,3,MH-R;MH-L,1
231,6,13980,inter,right,720,True,3,MH-R;MH-L,1
221,6,9330,inter,right,721,True,3,MH-R;MH-L,1
156,76,11490,inter,right,722,True,3,MH-R;MH-L,1
213,28,8370,inter,right,723,True,3,MH-R;MH-L,1
161,109,11010,inter,right,724,True,3,MH-R;MH-L,1
156,94,10530,inter,right,725,True,3,MH-R;MH-L,1
234,8,13620,inter,right,726,True,3,MH-R;MH-L,1
222,55,7710,inter,right,727,True,3,MH-R;MH-L,1
189,15,4710,inter,right,728,True,3,MH-R;MH-L,1
133,79,4080,inter,right,729,True,3,MH-R;MH-L,1
131,74,12090,inter,right,730,True,3,MH-R;MH-L,1
143,63,7050,inter,right,731,True,3,MH-R;MH-L,1
176,59,4410,inter,right,732,True,3,MH-R;MH-L,1
183,110,7770,inter,right,733,True,3,MH-R;MH-L,1
193,1,3660,inter,right,734,True,3,MH-R;MH-L,1
141,32,6060,inter,right,735,True,3,MH-R;MH-L,1
172,98,5490,inter,right,736,True,3,MH-R;MH-L,1
206,41,4320,inter,right,737,True,3,MH-R;MH-L,1
201,30,10860,inter,right,738,True,3,MH-R;MH-L,1
175,96,7470,inter,right,739,True,3,MH-R;MH-L,1
173,54,4860,inter,right,740,True,3,MH-R;MH-L,1
187,40,13530,inter,right,741,True,3,MH-R;MH-L,1
144,71,13230,inter,right,742,True,3,MH-R;MH-L,1
147,2,13050,inter,right,743,True,3,MH-R;MH-L,1
234,84,5220,inter,right,744,True,3,MH-R;MH-L,1
169,26,10950,inter,right,745,True,3,MH-R;MH-L,1
136,40,12030,inter,right,746,True,3,MH-R;MH-L,1
132,42,3900,inter,right,747,True,3,MH-R;MH-L,1
156,8,11520,inter,right,748,True,3,MH-R;MH-L,1
235,38,7950,inter,right,749,True,3,MH-R;MH-L,1
236,21,10440,inter,right,750,True,3,MH-R;MH-L,1
214,19,4980,inter,right,751,True,3,MH-R;MH-L,1
124,45,13680,inter,right,752,True,3,MH-R;MH-L,1
155,43,12510,inter,right,753,True,3,MH-R;MH-L,1
178,47,11520,inter,right,754,True,3,MH-R;MH-L,1
195,46,4200,inter,right,755,True,3,MH-R;MH-L,1
123,14,7920,inter,right,756,True,3,MH-R;MH-L,1
129,43,13800,inter,right,757,True,3,MH-R;MH-L,1
178,87,3810,inter,right,758,True,3,MH-R;MH-L,1
151,41,13680,inter,right,759,True,3,MH-R;MH-L,1
234,39,11220,inter,right,760,True,3,MH-R;MH-L,1
221,25,7380,inter,right,761,True,3,MH-R;MH-L,1
220,9,10950,inter,right,762,True,3,MH-R;MH-L,1
169,97,4560,inter,right,763,True,3,MH-R;MH-L,1
204,99,14280,inter,right,764,True,3,MH-R;MH-L,1
210,90,7770,inter,right,765,True,3,MH-R;MH-L,1
142,80,6510,inter,right,766,True,3,MH-R;MH-L,1
215,68,4500,inter,right,767,True,3,MH-R;MH-L,1
187,75,10830,inter,right,768,True,3,MH-R;MH-L,1
161,50,13830,inter,right,769,True,3,MH-R;MH-L,1
227,44,3630,inter,right,770,True,3,MH-R;MH-L,1
170,89,6630,inter,right,771,True,3,MH-R;MH-L,1
187,114,11490,inter,right,772,True,3,MH-R;MH-L,1
178,99,13710,inter,right,773,True,3,MH-R;MH-L,1
182,21,10710,inter,right,774,True,3,MH-R;MH-L,1
224,19,5550,inter,right,775,True,3,MH-R;MH-L,1
173,83,12630,inter,right,776,True,3,MH-R;MH-L,1
166,24,4020,inter,right,777,True,3,MH-R;MH-L,1
148,95,10230,inter,right,778,True,3,MH-R;MH-L,1
171,72,10320,inter,right,779,True,3,MH-R;MH-L,1
182,37,3660,inter,right,780,True,3,MH-R;MH-L,1
136,63,11790,inter,right,781,True,3,MH-R;MH-L,1
184,39,6810,inter,right,782,True,3,MH-R;MH-L,1
153,101,7710,inter,right,783,True,3,MH-R;MH-L,1
177,62,3870,inter,right,784,True,3,MH-R;MH-L,1
151,32,4560,inter,right,785,True,3,MH-R;MH-L,1
186,102,14100,inter,right,786,True,3,MH-R;MH-L,1
130,38,9630,inter,right,787,True,3,MH-R;MH-L,1
217,34,14160,inter,right,788,True,3,MH-R;MH-L,1
155,3,10050,inter,right,789,True,3,MH-R;MH-L,1
226,84,5280,inter,right,790,True,3,MH-R;MH-L,1
186,80,3840,inter,right,791,True,3,MH-R;MH-L,1
210,42,4050,inter,right,792,True,3,MH-R;MH-L,1
208,51,3810,inter,right,793,True,3,MH-R;MH-L,1
181,51,8430,inter,right,794,True,3,MH-R;MH-L,1
157,69,8400,inter,right,795,True,3,MH-R;MH-L,1
170,95,13290,inter,right,796,True,3,MH-R;MH-L,1
194,11,5010,inter,right,797,True,3,MH-R;MH-L,1
132,54,6570,inter,right,798,True,3,MH-R;MH-L,1
230,26,8670,inter,right,799,True,3,MH-R;MH-L,1
