start,end,rq_time,rq_type,subnetwork,request_id,start_station_street_ids,end_station_street_ids,walk_start_to_station_street_distance,walk_start_to_station_street_tt,walk_station_to_end_street_distance,walk_station_to_end_street_tt,start_station_street_arrival_time,start_station_departure_time,end_station_arrival_time,end_station_street_arrival_time,pt_journey_duration,num_transfers,selected_start_station_id,selected_end_station_id,walking_time,walking_arrival_time,best_option,end_arrival_time,pt_total_journey_duration,pt_journey_plan,best_journey_duration
106,24,11070,intra,left,0,[106],[24],0,0,0,0,11070,11130.0,13320.0,13380.0,2190.0,2.0,106,24,3383.0,14453.0,pt,13380.0,2310.0,"{'duration': 2190, 'source_transfer_time': 0, 'waiting_time': 540, 'trip_time': 1650, 'num_transfers': 2, 'departure_time': 11130, 'departure_day': 'current_day', 'arrival_time': 13320, 'arrival_day': 'current_day', 'steps': [{'duration': 810, 'departure_time': 11670, 'arrival_time': 12480, 'day': 'current_day', 'from_stop_id': '106-5', 'to_stop_id': 'A-5', 'trip_id': '8-1-14', 'agency_name': 'Unknown'}, {'duration': 30, 'departure_time': 12480, 'arrival_time': 12510, 'day': 'current_day', 'from_stop_id': 'A-5', 'to_stop_id': 'A-4', 'trip_id': 'walking', 'agency_name': 'Unknown'}, {'duration': 540, 'departure_time': 12780, 'arrival_time': 13320, 'day': 'current_day', 'from_stop_id': 'A-4', 'to_stop_id': '24-4', 'trip_id': '7-1-15', 'agency_name': 'Unknown'}]}",2310.0
3,56,11280,intra,left,1,[5],[56],1000,751,0,0,12031,12091.0,13590.0,13650.0,1499.0,2.0,5,56,2255.0,13535.0,walking,13650.0,2370.0,"{'duration': 1499, 'source_transfer_time': 0, 'waiting_time': 479, 'trip_time': 1020, 'num_transfers': 2, 'departure_time': 12091, 'departure_day': 'current_day', 'arrival_time': 13590, 'arrival_day': 'current_day', 'steps': [{'duration': 450, 'departure_time': 12570, 'arrival_time': 13020, 'day': 'current_day', 'from_stop_id': '5-2', 'to_stop_id': 'A-2', 'trip_id': '2-1-15', 'agency_name': 'Unknown'}, {'duration': 30, 'departure_time': 13020, 'arrival_time': 13050, 'day': 'current_day', 'from_stop_id': 'A-2', 'to_stop_id': 'A-1', 'trip_id': 'walking', 'agency_name': 'Unknown'}, {'duration': 270, 'departure_time': 13320, 'arrival_time': 13590, 'day': 'current_day', 'from_stop_id': 'A-1', 'to_stop_id': '56-1', 'trip_id': '1-1-16', 'agency_name': 'Unknown'}]}",2255.0
21,119,8040,intra,left,2,[10; 20],[119],500,375,0,0,8415,8475.0,9570.0,9630.0,1095.0,0.0,10,119,3759.0,11799.0,pt,9630.0,1590.0,"{'duration': 1095, 'source_transfer_time': 0, 'waiting_time': 105, 'trip_time': 990, 'num_transfers': 0, 'departure_time': 8475, 'departure_day': 'current_day', 'arrival_time': 9570, 'arrival_day': 'current_day', 'steps': [{'duration': 990, 'departure_time': 8580, 'arrival_time': 9570, 'day': 'current_day', 'from_stop_id': '10-5', 'to_stop_id': '119-5', 'trip_id': '8-0-9', 'agency_name': 'Unknown'}]}",1590.0
44,93,4380,intra,left,3,[54],[92; 104],500,375,500,375,4755,4815.0,6210.0,6270.0,1395.0,2.0,54,92,5263.0,9643.0,pt,6645.0,2265.0,"{'duration': 1395, 'source_transfer_time': 0, 'waiting_time': 255, 'trip_time': 1140, 'num_transfers': 2, 'departure_time': 4815, 'departure_day': 'current_day', 'arrival_time': 6210, 'arrival_day': 'current_day', 'steps': [{'duration': 540, 'departure_time': 5070, 'arrival_time': 5610, 'day': 'current_day', 'from_stop_id': '54-1', 'to_stop_id': '118-1', 'trip_id': '1-0-3', 'agency_name': 'Unknown'}, {'duration': 30, 'departure_time': 5610, 'arrival_time': 5640, 'day': 'current_day', 'from_stop_id': '118-1', 'to_stop_id': '118-4', 'trip_id': 'walking', 'agency_name': 'Unknown'}, {'duration': 540, 'departure_time': 5670, 'arrival_time': 6210, 'day': 'current_day', 'from_stop_id': '118-4', 'to_stop_id': '92-4', 'trip_id': '7-0-3', 'agency_name': 'Unknown'}]}",2265.0
22,66,11340,intra,left,4,[11; 23],[66],500,375,0,0,11715,11775.0,13260.0,13320.0,1485.0,2.0,11,66,3007.0,14347.0,pt,13320.0,1980.0,"{'duration': 1485, 'source_transfer_time': 0, 'waiting_time': 195, 'trip_time': 1290, 'num_transfers': 2, 'departure_time': 11775, 'departure_day': 'current_day', 'arrival_time': 13260, 'arrival_day': 'current_day', 'steps': [{'duration': 810, 'departure_time': 11970, 'arrival_time': 12780, 'day': 'current_day', 'from_stop_id': '11-4', 'to_stop_id': 'A-4', 'trip_id': '7-0-15', 'agency_name': 'Unknown'}, {'duration': 30, 'departure_time': 12780, 'arrival_time': 12810, 'day': 'current_day', 'from_stop_id': 'A-4', 'to_stop_id': 'A-5', 'trip_id': 'walking', 'agency_name': 'Unknown'}, {'duration': 180, 'departure_time': 13080, 'arrival_time': 13260, 'day': 'current_day', 'from_stop_id': 'A-5', 'to_stop_id': '66-5', 'trip_id': '8-0-15', 'agency_name': 'Unknown'}]}",1980.0
63,60,7470,intra,left,5,[55],[60],500,375,0,0,7845,7905.0,8880.0,8940.0,975.0,0.0,55,60,3383.0,10853.0,pt,8940.0,1470.0,"{'duration': 975, 'source_transfer_time': 0, 'waiting_time': 255, 'trip_time': 720, 'num_transfers': 0, 'departure_time': 7905, 'departure_day': 'current_day', 'arrival_time': 8880, 'arrival_day': 'current_day', 'steps': [{'duration': 720, 'departure_time': 8160, 'arrival_time': 8880, 'day': 'current_day', 'from_stop_id': '55-1', 'to_stop_id': '60-1', 'trip_id': '1-0-8', 'agency_name': 'Unknown'}]}",1470.0
29,106,8160,intra,left,6,[29],[106],0,0,0,0,8160,8220.0,9690.0,9750.0,1470.0,0.0,29,106,5263.0,13423.0,pt,9750.0,1590.0,"{'duration': 1470, 'source_transfer_time': 0, 'waiting_time': 210, 'trip_time': 1260, 'num_transfers': 0, 'departure_time': 8220, 'departure_day': 'current_day', 'arrival_time': 9690, 'arrival_day': 'current_day', 'steps': [{'duration': 1260, 'departure_time': 8430, 'arrival_time': 9690, 'day': 'current_day', 'from_stop_id': '29-5', 'to_stop_id': '106-5', 'trip_id': '8-0-8', 'agency_name': 'Unknown'}]}",1590.0
62,7,8730,intra,left,7,[54],[5; 9; 19; 29],500,375,1000,751,9105,9165.0,10470.0,10530.0,1305.0,2.0,54,5,4887.0,13617.0,pt,11281.0,2551.0,"{'duration': 1305, 'source_transfer_time': 0, 'waiting_time': 105, 'trip_time': 1200, 'num_transfers': 2, 'departure_time': 9165, 'departure_day': 'current_day', 'arrival_time': 10470, 'arrival_day': 'current_day', 'steps': [{'duration': 450, 'departure_time': 9270, 'arrival_time': 9720, 'day': 'current_day', 'from_stop_id': '54-1', 'to_stop_id': 'A-1', 'trip_id': '1-0-10', 'agency_name': 'Unknown'}, {'duration': 30, 'departure_time': 9720, 'arrival_time': 9750, 'day': 'current_day', 'from_stop_id': 'A-1', 'to_stop_id': 'A-2', 'trip_id': 'walking', 'agency_name': 'Unknown'}, {'duration': 450, 'departure_time': 10020, 'arrival_time': 10470, 'day': 'current_day', 'from_stop_id': 'A-2', 'to_stop_id': '5-2', 'trip_id': '2-0-10', 'agency_name': 'Unknown'}]}",2551.0
33,79,8880,intra,left,8,[11; 23; 35; 54],[79],1000,751,0,0,9631,9691.0,10740.0,10800.0,1049.0,0.0,23,79,4135.0,13015.0,pt,10800.0,1920.0,"{'duration': 1049, 'source_transfer_time': 0, 'waiting_time': 59, 'trip_time': 990, 'num_transfers': 0, 'departure_time': 9691, 'departure_day': 'current_day', 'arrival_time': 10740, 'arrival_day': 'current_day', 'steps': [{'duration': 990, 'departure_time': 9750, 'arrival_time': 10740, 'day': 'current_day', 'from_stop_id': '23-4', 'to_stop_id': '79-4', 'trip_id': '7-0-11', 'agency_name': 'Unknown'}]}",1920.0
37,20,14100,intra,left,9,[36; 38; 48],[20],500,375,0,0,14475,14535.0,15600.0,15660.0,1065.0,2.0,38,20,2631.0,16731.0,pt,15660.0,1560.0,"{'duration': 1065, 'source_transfer_time': 0, 'waiting_time': 105, 'trip_time': 960, 'num_transfers': 2, 'departure_time': 14535, 'departure_day': 'current_day', 'arrival_time': 15600, 'arrival_day': 'current_day', 'steps': [{'duration': 90, 'departure_time': 14640, 'arrival_time': 14730, 'day': 'current_day', 'from_stop_id': '38-2', 'to_stop_id': '116-2', 'trip_id': '2-1-18', 'agency_name': 'Unknown'}, {'duration': 30, 'departure_time': 14730, 'arrival_time': 14760, 'day': 'current_day', 'from_stop_id': '116-2', 'to_stop_id': '116-5', 'trip_id': 'walking', 'agency_name': 'Unknown'}, {'duration': 630, 'departure_time': 14970, 'arrival_time': 15600, 'day': 'current_day', 'from_stop_id': '116-5', 'to_stop_id': '20-5', 'trip_id': '8-1-18', 'agency_name': 'Unknown'}]}",1560.0
49,21,9780,intra,left,10,[49],[10; 20],0,0,500,375,9780,9840.0,10800.0,10860.0,960.0,0.0,49,20,2631.0,12411.0,pt,11235.0,1455.0,"{'duration': 960, 'source_transfer_time': 0, 'waiting_time': 420, 'trip_time': 540, 'num_transfers': 0, 'departure_time': 9840, 'departure_day': 'current_day', 'arrival_time': 10800, 'arrival_day': 'current_day', 'steps': [{'duration': 540, 'departure_time': 10260, 'arrival_time': 10800, 'day': 'current_day', 'from_stop_id': '49-5', 'to_stop_id': '20-5', 'trip_id': '8-1-10', 'agency_name': 'Unknown'}]}",1455.0
119,54,3600,intra,left,11,[119],[54],0,0,0,0,3600,3660.0,4770.0,4830.0,1110.0,2.0,119,54,2255.0,5855.0,pt,4830.0,1230.0,"{'duration': 1110, 'source_transfer_time': 0, 'waiting_time': 270, 'trip_time': 840, 'num_transfers': 2, 'departure_time': 3660, 'departure_day': 'current_day', 'arrival_time': 4770, 'arrival_day': 'current_day', 'steps': [{'duration': 90, 'departure_time': 3930, 'arrival_time': 4020, 'day': 'current_day', 'from_stop_id': '119-2', 'to_stop_id': 'A-2', 'trip_id': '2-0-0', 'agency_name': 'Unknown'}, {'duration': 30, 'departure_time': 4020, 'arrival_time': 4050, 'day': 'current_day', 'from_stop_id': 'A-2', 'to_stop_id': 'A-1', 'trip_id': 'walking', 'agency_name': 'Unknown'}, {'duration': 450, 'departure_time': 4320, 'arrival_time': 4770, 'day': 'current_day', 'from_stop_id': 'A-1', 'to_stop_id': '54-1', 'trip_id': '1-1-1', 'agency_name': 'Unknown'}]}",1230.0
64,105,11820,intra,left,12,[56],[105],500,375,0,0,12195,12255.0,13980.0,14040.0,1725.0,2.0,56,105,2255.0,14075.0,pt,14040.0,2220.0,"{'duration': 1725, 'source_transfer_time': 0, 'waiting_time': 195, 'trip_time': 1530, 'num_transfers': 2, 'departure_time': 12255, 'departure_day': 'current_day', 'arrival_time': 13980, 'arrival_day': 'current_day', 'steps': [{'duration': 270, 'departure_time': 12450, 'arrival_time': 12720, 'day': 'current_day', 'from_stop_id': '56-1', 'to_stop_id': 'A-1', 'trip_id': '1-0-15', 'agency_name': 'Unknown'}, {'duration': 30, 'departure_time': 12720, 'arrival_time': 12750, 'day': 'current_day', 'from_stop_id': 'A-1', 'to_stop_id': 'A-5', 'trip_id': 'walking', 'agency_name': 'Unknown'}, {'duration': 900, 'departure_time': 13080, 'arrival_time': 13980, 'day': 'current_day', 'from_stop_id': 'A-5', 'to_stop_id': '105-5', 'trip_id': '8-0-15', 'agency_name': 'Unknown'}]}",2220.0
116,63,8550,intra,left,13,[116],[55],0,0,500,375,8550,8610.0,9480.0,9540.0,870.0,2.0,116,55,2255.0,10805.0,pt,9915.0,1365.0,"{'duration': 870, 'source_transfer_time': 0, 'waiting_time': 120, 'trip_time': 750, 'num_transfers': 2, 'departure_time': 8610, 'departure_day': 'current_day', 'arrival_time': 9480, 'arrival_day': 'current_day', 'steps': [{'duration': 90, 'departure_time': 8730, 'arrival_time': 8820, 'day': 'current_day', 'from_stop_id': '116-2', 'to_stop_id': 'A-2', 'trip_id': '2-1-8', 'agency_name': 'Unknown'}, {'duration': 30, 'departure_time': 8820, 'arrival_time': 8850, 'day': 'current_day', 'from_stop_id': 'A-2', 'to_stop_id': 'A-1', 'trip_id': 'walking', 'agency_name': 'Unknown'}, {'duration': 360, 'departure_time': 9120, 'arrival_time': 9480, 'day': 'current_day', 'from_stop_id': 'A-1', 'to_stop_id': '55-1', 'trip_id': '1-1-9', 'agency_name': 'Unknown'}]}",1365.0
71,37,11190,intra,left,14,[61],[36; 38; 48],500,375,500,375,11565,11625.0,12360.0,12420.0,735.0,2.0,61,48,3383.0,14573.0,pt,12795.0,1605.0,"{'duration': 735, 'source_transfer_time': 0, 'waiting_time': 45, 'trip_time': 690, 'num_transfers': 2, 'departure_time': 11625, 'departure_day': 'current_day', 'arrival_time': 12360, 'arrival_day': 'current_day', 'steps': [{'duration': 360, 'departure_time': 11670, 'arrival_time': 12030, 'day': 'current_day', 'from_stop_id': '61-1', 'to_stop_id': '118-1', 'trip_id': '1-1-14', 'agency_name': 'Unknown'}, {'duration': 30, 'departure_time': 12030, 'arrival_time': 12060, 'day': 'current_day', 'from_stop_id': '118-1', 'to_stop_id': '118-4', 'trip_id': 'walking', 'agency_name': 'Unknown'}, {'duration': 270, 'departure_time': 12090, 'arrival_time': 12360, 'day': 'current_day', 'from_stop_id': '118-4', 'to_stop_id': '48-4', 'trip_id': '7-1-14', 'agency_name': 'Unknown'}]}",1605.0
113,1,13830,intra,left,15,[91; 103; 115],[0; 12],1000,751,500,375,14581,14641.0,16500.0,16560.0,1859.0,0.0,91,12,6390.0,20220.0,pt,16935.0,3105.0,"{'duration': 1859, 'source_transfer_time': 0, 'waiting_time': 599, 'trip_time': 1260, 'num_transfers': 0, 'departure_time': 14641, 'departure_day': 'current_day', 'arrival_time': 16500, 'arrival_day': 'current_day', 'steps': [{'duration': 1260, 'departure_time': 15240, 'arrival_time': 16500, 'day': 'current_day', 'from_stop_id': '91-4', 'to_stop_id': '12-4', 'trip_id': '7-1-20', 'agency_name': 'Unknown'}]}",3105.0
91,16,13680,intra,left,16,[91],[16],0,0,0,0,13680,13740.0,15180.0,15240.0,1440.0,2.0,91,16,3759.0,17439.0,pt,15240.0,1560.0,"{'duration': 1440, 'source_transfer_time': 0, 'waiting_time': 300, 'trip_time': 1140, 'num_transfers': 2, 'departure_time': 13740, 'departure_day': 'current_day', 'arrival_time': 15180, 'arrival_day': 'current_day', 'steps': [{'duration': 540, 'departure_time': 14040, 'arrival_time': 14580, 'day': 'current_day', 'from_stop_id': '91-4', 'to_stop_id': 'A-4', 'trip_id': '7-1-18', 'agency_name': 'Unknown'}, {'duration': 30, 'departure_time': 14580, 'arrival_time': 14610, 'day': 'current_day', 'from_stop_id': 'A-4', 'to_stop_id': 'A-2', 'trip_id': 'walking', 'agency_name': 'Unknown'}, {'duration': 360, 'departure_time': 14820, 'arrival_time': 15180, 'day': 'current_day', 'from_stop_id': 'A-2', 'to_stop_id': '16-2', 'trip_id': '2-0-18', 'agency_name': 'Unknown'}]}",1560.0
32,16,11820,intra,left,17,[10; 20; 30],[16],1000,751,0,0,12571,12631.0,13980.0,14040.0,1349.0,2.0,10,16,2255.0,14075.0,pt,14040.0,2220.0,"{'duration': 1349, 'source_transfer_time': 0, 'waiting_time': 149, 'trip_time': 1200, 'num_transfers': 2, 'departure_time': 12631, 'departure_day': 'current_day', 'arrival_time': 13980, 'arrival_day': 'current_day', 'steps': [{'duration': 810, 'departure_time': 12780, 'arrival_time': 13590, 'day': 'current_day', 'from_stop_id': '10-5', 'to_stop_id': '116-5', 'trip_id': '8-0-16', 'agency_name': 'Unknown'}, {'duration': 30, 'departure_time': 13590, 'arrival_time': 13620, 'day': 'current_day', 'from_stop_id': '116-5', 'to_stop_id': '116-2', 'trip_id': 'walking', 'agency_name': 'Unknown'}, {'duration': 270, 'departure_time': 13710, 'arrival_time': 13980, 'day': 'current_day', 'from_stop_id': '116-2', 'to_stop_id': '16-2', 'trip_id': '2-0-16', 'agency_name': 'Unknown'}]}",2220.0
30,48,12270,intra,left,18,[30],[48],0,0,0,0,12270,12330.0,13560.0,13620.0,1230.0,2.0,30,48,2255.0,14525.0,pt,13620.0,1350.0,"{'duration': 1230, 'source_transfer_time': 0, 'waiting_time': 210, 'trip_time': 1020, 'num_transfers': 2, 'departure_time': 12330, 'departure_day': 'current_day', 'arrival_time': 13560, 'arrival_day': 'current_day', 'steps': [{'duration': 540, 'departure_time': 12540, 'arrival_time': 13080, 'day': 'current_day', 'from_stop_id': '30-5', 'to_stop_id': 'A-5', 'trip_id': '8-0-15', 'agency_name': 'Unknown'}, {'duration': 30, 'departure_time': 13080, 'arrival_time': 13110, 'day': 'current_day', 'from_stop_id': 'A-5', 'to_stop_id': 'A-4', 'trip_id': 'walking', 'agency_name': 'Unknown'}, {'duration': 180, 'departure_time': 13380, 'arrival_time': 13560, 'day': 'current_day', 'from_stop_id': 'A-4', 'to_stop_id': '48-4', 'trip_id': '7-1-16', 'agency_name': 'Unknown'}]}",1350.0
52,113,10860,intra,left,19,[60],[91; 103; 115],500,375,1000,751,11235,11295.0,12720.0,12780.0,1425.0,2.0,60,91,2631.0,13491.0,walking,13531.0,2671.0,"{'duration': 1425, 'source_transfer_time': 0, 'waiting_time': 465, 'trip_time': 960, 'num_transfers': 2, 'departure_time': 11295, 'departure_day': 'current_day', 'arrival_time': 12720, 'arrival_day': 'current_day', 'steps': [{'duration': 270, 'departure_time': 11760, 'arrival_time': 12030, 'day': 'current_day', 'from_stop_id': '60-1', 'to_stop_id': '118-1', 'trip_id': '1-1-14', 'agency_name': 'Unknown'}, {'duration': 30, 'departure_time': 12030, 'arrival_time': 12060, 'day': 'current_day', 'from_stop_id': '118-1', 'to_stop_id': '118-4', 'trip_id': 'walking', 'agency_name': 'Unknown'}, {'duration': 450, 'departure_time': 12270, 'arrival_time': 12720, 'day': 'current_day', 'from_stop_id': '118-4', 'to_stop_id': '91-4', 'trip_id': '7-0-14', 'agency_name': 'Unknown'}]}",2631.0
2,28,4680,intra,left,20,[0; 12; 24],[27; 29; 39],1000,751,500,375,5431,5491.0,6690.0,6750.0,1199.0,2.0,24,27,2255.0,6935.0,walking,7125.0,2445.0,"{'duration': 1199, 'source_transfer_time': 0, 'waiting_time': 149, 'trip_time': 1050, 'num_transfers': 2, 'departure_time': 5491, 'departure_day': 'current_day', 'arrival_time': 6690, 'arrival_day': 'current_day', 'steps': [{'duration': 540, 'departure_time': 5640, 'arrival_time': 6180, 'day': 'current_day', 'from_stop_id': '24-4', 'to_stop_id': 'A-4', 'trip_id': '7-0-4', 'agency_name': 'Unknown'}, {'duration': 30, 'departure_time': 6180, 'arrival_time': 6210, 'day': 'current_day', 'from_stop_id': 'A-4', 'to_stop_id': 'A-2', 'trip_id': 'walking', 'agency_name': 'Unknown'}, {'duration': 270, 'departure_time': 6420, 'arrival_time': 6690, 'day': 'current_day', 'from_stop_id': 'A-2', 'to_stop_id': '27-2', 'trip_id': '2-0-4', 'agency_name': 'Unknown'}]}",2255.0
59,74,9060,intra,left,21,[59],[75; 85],0,0,500,375,9060,9120.0,10440.0,10500.0,1320.0,2.0,59,75,3007.0,12067.0,pt,10875.0,1815.0,"{'duration': 1320, 'source_transfer_time': 0, 'waiting_time': 330, 'trip_time': 990, 'num_transfers': 2, 'departure_time': 9120, 'departure_day': 'current_day', 'arrival_time': 10440, 'arrival_day': 'current_day', 'steps': [{'duration': 270, 'departure_time': 9450, 'arrival_time': 9720, 'day': 'current_day', 'from_stop_id': '59-1', 'to_stop_id': 'A-1', 'trip_id': '1-1-10', 'agency_name': 'Unknown'}, {'duration': 30, 'departure_time': 9720, 'arrival_time': 9750, 'day': 'current_day', 'from_stop_id': 'A-1', 'to_stop_id': 'A-5', 'trip_id': 'walking', 'agency_name': 'Unknown'}, {'duration': 360, 'departure_time': 10080, 'arrival_time': 10440, 'day': 'current_day', 'from_stop_id': 'A-5', 'to_stop_id': '75-5', 'trip_id': '8-0-10', 'agency_name': 'Unknown'}]}",1815.0
21,113,12960,intra,left,22,[10; 20],[91; 103; 115],500,375,1000,751,13335,13395.0,15120.0,15180.0,1725.0,2.0,20,91,4135.0,17095.0,pt,15931.0,2971.0,"{'duration': 1725, 'source_transfer_time': 0, 'waiting_time': 165, 'trip_time': 1560, 'num_transfers': 2, 'departure_time': 13395, 'departure_day': 'current_day', 'arrival_time': 15120, 'arrival_day': 'current_day', 'steps': [{'duration': 720, 'departure_time': 13560, 'arrival_time': 14280, 'day': 'current_day', 'from_stop_id': '20-5', 'to_stop_id': 'A-5', 'trip_id': '8-0-17', 'agency_name': 'Unknown'}, {'duration': 30, 'departure_time': 14280, 'arrival_time': 14310, 'day': 'current_day', 'from_stop_id': 'A-5', 'to_stop_id': 'A-4', 'trip_id': 'walking', 'agency_name': 'Unknown'}, {'duration': 540, 'departure_time': 14580, 'arrival_time': 15120, 'day': 'current_day', 'from_stop_id': 'A-4', 'to_stop_id': '91-4', 'trip_id': '7-0-18', 'agency_name': 'Unknown'}]}",2971.0
104,39,12150,intra,left,23,[104],[39],0,0,0,0,12150,12210.0,13950.0,14010.0,1740.0,2.0,104,39,3759.0,15909.0,pt,14010.0,1860.0,"{'duration': 1740, 'source_transfer_time': 0, 'waiting_time': 360, 'trip_time': 1380, 'num_transfers': 2, 'departure_time': 12210, 'departure_day': 'current_day', 'arrival_time': 13950, 'arrival_day': 'current_day', 'steps': [{'duration': 810, 'departure_time': 12570, 'arrival_time': 13380, 'day': 'current_day', 'from_stop_id': '104-4', 'to_stop_id': 'A-4', 'trip_id': '7-1-16', 'agency_name': 'Unknown'}, {'duration': 30, 'departure_time': 13380, 'arrival_time': 13410, 'day': 'current_day', 'from_stop_id': 'A-4', 'to_stop_id': 'A-5', 'trip_id': 'walking', 'agency_name': 'Unknown'}, {'duration': 270, 'departure_time': 13680, 'arrival_time': 13950, 'day': 'current_day', 'from_stop_id': 'A-5', 'to_stop_id': '39-5', 'trip_id': '8-1-16', 'agency_name': 'Unknown'}]}",1860.0
32,48,3870,intra,left,24,[10; 20; 30],[48],1000,751,0,0,4621,4681.0,5760.0,5820.0,1079.0,2.0,30,48,3007.0,6877.0,pt,5820.0,1950.0,"{'duration': 1079, 'source_transfer_time': 0, 'waiting_time': 59, 'trip_time': 1020, 'num_transfers': 2, 'departure_time': 4681, 'departure_day': 'current_day', 'arrival_time': 5760, 'arrival_day': 'current_day', 'steps': [{'duration': 540, 'departure_time': 4740, 'arrival_time': 5280, 'day': 'current_day', 'from_stop_id': '30-5', 'to_stop_id': 'A-5', 'trip_id': '8-0-2', 'agency_name': 'Unknown'}, {'duration': 30, 'departure_time': 5280, 'arrival_time': 5310, 'day': 'current_day', 'from_stop_id': 'A-5', 'to_stop_id': 'A-4', 'trip_id': 'walking', 'agency_name': 'Unknown'}, {'duration': 180, 'departure_time': 5580, 'arrival_time': 5760, 'day': 'current_day', 'from_stop_id': 'A-4', 'to_stop_id': '48-4', 'trip_id': '7-1-3', 'agency_name': 'Unknown'}]}",1950.0
33,111,10080,intra,left,25,[11; 23; 35; 54],[110],1000,751,500,375,10831,10891.0,12270.0,12330.0,1379.0,2.0,23,110,4887.0,14967.0,pt,12705.0,2625.0,"{'duration': 1379, 'source_transfer_time': 0, 'waiting_time': 59, 'trip_time': 1320, 'num_transfers': 2, 'departure_time': 10891, 'departure_day': 'current_day', 'arrival_time': 12270, 'arrival_day': 'current_day', 'steps': [{'duration': 630, 'departure_time': 10950, 'arrival_time': 11580, 'day': 'current_day', 'from_stop_id': '23-4', 'to_stop_id': 'A-4', 'trip_id': '7-0-13', 'agency_name': 'Unknown'}, {'duration': 30, 'departure_time': 11580, 'arrival_time': 11610, 'day': 'current_day', 'from_stop_id': 'A-4', 'to_stop_id': 'A-2', 'trip_id': 'walking', 'agency_name': 'Unknown'}, {'duration': 450, 'departure_time': 11820, 'arrival_time': 12270, 'day': 'current_day', 'from_stop_id': 'A-2', 'to_stop_id': '110-2', 'trip_id': '2-1-13', 'agency_name': 'Unknown'}]}",2625.0
84,10,9840,intra,left,26,[85; 95],[10],500,375,0,0,10215,10275.0,12180.0,12240.0,1905.0,0.0,85,10,6390.0,16230.0,pt,12240.0,2400.0,"{'duration': 1905, 'source_transfer_time': 0, 'waiting_time': 465, 'trip_time': 1440, 'num_transfers': 0, 'departure_time': 10275, 'departure_day': 'current_day', 'arrival_time': 12180, 'arrival_day': 'current_day', 'steps': [{'duration': 1440, 'departure_time': 10740, 'arrival_time': 12180, 'day': 'current_day', 'from_stop_id': '85-5', 'to_stop_id': '10-5', 'trip_id': '8-1-12', 'agency_name': 'Unknown'}]}",2400.0
45,114,5160,intra,left,27,[55],[103; 115],500,375,500,375,5535,5595.0,6900.0,6960.0,1305.0,2.0,55,103,5263.0,10423.0,pt,7335.0,2175.0,"{'duration': 1305, 'source_transfer_time': 0, 'waiting_time': 165, 'trip_time': 1140, 'num_transfers': 2, 'departure_time': 5595, 'departure_day': 'current_day', 'arrival_time': 6900, 'arrival_day': 'current_day', 'steps': [{'duration': 450, 'departure_time': 5760, 'arrival_time': 6210, 'day': 'current_day', 'from_stop_id': '55-1', 'to_stop_id': '118-1', 'trip_id': '1-0-4', 'agency_name': 'Unknown'}, {'duration': 30, 'departure_time': 6210, 'arrival_time': 6240, 'day': 'current_day', 'from_stop_id': '118-1', 'to_stop_id': '118-4', 'trip_id': 'walking', 'agency_name': 'Unknown'}, {'duration': 630, 'departure_time': 6270, 'arrival_time': 6900, 'day': 'current_day', 'from_stop_id': '118-4', 'to_stop_id': '103-4', 'trip_id': '7-0-4', 'agency_name': 'Unknown'}]}",2175.0
1,18,3660,intra,left,28,[0; 12],[19; 29],500,375,500,375,4035,4095.0,5730.0,5790.0,1635.0,2.0,12,29,2631.0,6291.0,pt,6165.0,2505.0,"{'duration': 1635, 'source_transfer_time': 0, 'waiting_time': 165, 'trip_time': 1470, 'num_transfers': 2, 'departure_time': 4095, 'departure_day': 'current_day', 'arrival_time': 5730, 'arrival_day': 'current_day', 'steps': [{'duration': 720, 'departure_time': 4260, 'arrival_time': 4980, 'day': 'current_day', 'from_stop_id': '12-4', 'to_stop_id': 'A-4', 'trip_id': '7-0-2', 'agency_name': 'Unknown'}, {'duration': 30, 'departure_time': 4980, 'arrival_time': 5010, 'day': 'current_day', 'from_stop_id': 'A-4', 'to_stop_id': 'A-5', 'trip_id': 'walking', 'agency_name': 'Unknown'}, {'duration': 450, 'departure_time': 5280, 'arrival_time': 5730, 'day': 'current_day', 'from_stop_id': 'A-5', 'to_stop_id': '29-5', 'trip_id': '8-1-2', 'agency_name': 'Unknown'}]}",2505.0
20,62,4260,intra,left,29,[20],[54],0,0,500,375,4260,4320.0,5970.0,6030.0,1650.0,2.0,20,54,5263.0,9523.0,pt,6405.0,2145.0,"{'duration': 1650, 'source_transfer_time': 0, 'waiting_time': 240, 'trip_time': 1410, 'num_transfers': 2, 'departure_time': 4320, 'departure_day': 'current_day', 'arrival_time': 5970, 'arrival_day': 'current_day', 'steps': [{'duration': 720, 'departure_time': 4560, 'arrival_time': 5280, 'day': 'current_day', 'from_stop_id': '20-5', 'to_stop_id': 'A-5', 'trip_id': '8-0-2', 'agency_name': 'Unknown'}, {'duration': 30, 'departure_time': 5280, 'arrival_time': 5310, 'day': 'current_day', 'from_stop_id': 'A-5', 'to_stop_id': 'A-1', 'trip_id': 'walking', 'agency_name': 'Unknown'}, {'duration': 450, 'departure_time': 5520, 'arrival_time': 5970, 'day': 'current_day', 'from_stop_id': 'A-1', 'to_stop_id': '54-1', 'trip_id': '1-1-3', 'agency_name': 'Unknown'}]}",2145.0
92,107,7650,intra,left,30,[92],[96; 106],0,0,500,375,7650,7710.0,9510.0,9570.0,1800.0,2.0,92,96,3383.0,11033.0,pt,9945.0,2295.0,"{'duration': 1800, 'source_transfer_time': 0, 'waiting_time': 240, 'trip_time': 1560, 'num_transfers': 2, 'departure_time': 7710, 'departure_day': 'current_day', 'arrival_time': 9510, 'arrival_day': 'current_day', 'steps': [{'duration': 630, 'departure_time': 7950, 'arrival_time': 8580, 'day': 'current_day', 'from_stop_id': '92-4', 'to_stop_id': 'A-4', 'trip_id': '7-1-8', 'agency_name': 'Unknown'}, {'duration': 30, 'departure_time': 8580, 'arrival_time': 8610, 'day': 'current_day', 'from_stop_id': 'A-4', 'to_stop_id': 'A-5', 'trip_id': 'walking', 'agency_name': 'Unknown'}, {'duration': 630, 'departure_time': 8880, 'arrival_time': 9510, 'day': 'current_day', 'from_stop_id': 'A-5', 'to_stop_id': '96-5', 'trip_id': '8-0-8', 'agency_name': 'Unknown'}]}",2295.0
53,107,3840,intra,left,31,[61],[96; 106],500,375,500,375,4215,4275.0,5910.0,5970.0,1635.0,2.0,61,96,5263.0,9103.0,pt,6345.0,2505.0,"{'duration': 1635, 'source_transfer_time': 0, 'waiting_time': 195, 'trip_time': 1440, 'num_transfers': 2, 'departure_time': 4275, 'departure_day': 'current_day', 'arrival_time': 5910, 'arrival_day': 'current_day', 'steps': [{'duration': 450, 'departure_time': 4470, 'arrival_time': 4920, 'day': 'current_day', 'from_stop_id': '61-1', 'to_stop_id': 'A-1', 'trip_id': '1-1-2', 'agency_name': 'Unknown'}, {'duration': 30, 'departure_time': 4920, 'arrival_time': 4950, 'day': 'current_day', 'from_stop_id': 'A-1', 'to_stop_id': 'A-5', 'trip_id': 'walking', 'agency_name': 'Unknown'}, {'duration': 630, 'departure_time': 5280, 'arrival_time': 5910, 'day': 'current_day', 'from_stop_id': 'A-5', 'to_stop_id': '96-5', 'trip_id': '8-0-2', 'agency_name': 'Unknown'}]}",2505.0
24,78,5880,intra,left,32,[24],[67; 77; 79],0,0,500,375,5880,5940.0,6960.0,7020.0,1020.0,0.0,24,67,3383.0,9263.0,pt,7395.0,1515.0,"{'duration': 1020, 'source_transfer_time': 0, 'waiting_time': 300, 'trip_time': 720, 'num_transfers': 0, 'departure_time': 5940, 'departure_day': 'current_day', 'arrival_time': 6960, 'arrival_day': 'current_day', 'steps': [{'duration': 720, 'departure_time': 6240, 'arrival_time': 6960, 'day': 'current_day', 'from_stop_id': '24-4', 'to_stop_id': '67-4', 'trip_id': '7-0-5', 'agency_name': 'Unknown'}]}",1515.0
19,100,4380,intra,left,33,[19],[99],0,0,500,375,4380,4440.0,6180.0,6240.0,1740.0,2.0,19,99,3759.0,8139.0,pt,6615.0,2235.0,"{'duration': 1740, 'source_transfer_time': 0, 'waiting_time': 210, 'trip_time': 1530, 'num_transfers': 2, 'departure_time': 4440, 'departure_day': 'current_day', 'arrival_time': 6180, 'arrival_day': 'current_day', 'steps': [{'duration': 630, 'departure_time': 4650, 'arrival_time': 5280, 'day': 'current_day', 'from_stop_id': '19-5', 'to_stop_id': 'A-5', 'trip_id': '8-0-2', 'agency_name': 'Unknown'}, {'duration': 30, 'departure_time': 5280, 'arrival_time': 5310, 'day': 'current_day', 'from_stop_id': 'A-5', 'to_stop_id': 'A-2', 'trip_id': 'walking', 'agency_name': 'Unknown'}, {'duration': 360, 'departure_time': 5820, 'arrival_time': 6180, 'day': 'current_day', 'from_stop_id': 'A-2', 'to_stop_id': '99-2', 'trip_id': '2-1-3', 'agency_name': 'Unknown'}]}",2235.0
5,84,14130,intra,left,34,[5],[85; 95],0,0,500,375,14130,14190.0,15420.0,15480.0,1230.0,2.0,5,85,4511.0,18641.0,pt,15855.0,1725.0,"{'duration': 1230, 'source_transfer_time': 0, 'waiting_time': 180, 'trip_time': 1050, 'num_transfers': 2, 'departure_time': 14190, 'departure_day': 'current_day', 'arrival_time': 15420, 'arrival_day': 'current_day', 'steps': [{'duration': 540, 'departure_time': 14370, 'arrival_time': 14910, 'day': 'current_day', 'from_stop_id': '5-2', 'to_stop_id': '119-2', 'trip_id': '2-1-18', 'agency_name': 'Unknown'}, {'duration': 30, 'departure_time': 14910, 'arrival_time': 14940, 'day': 'current_day', 'from_stop_id': '119-2', 'to_stop_id': '119-5', 'trip_id': 'walking', 'agency_name': 'Unknown'}, {'duration': 450, 'departure_time': 14970, 'arrival_time': 15420, 'day': 'current_day', 'from_stop_id': '119-5', 'to_stop_id': '85-5', 'trip_id': '8-0-18', 'agency_name': 'Unknown'}]}",1725.0
105,227,13710,inter,left,35,[105],[227],0,0,0,0,13710,13770.0,18090.0,18150.0,4320.0,4.0,105,227,,,pt,18150.0,4440.0,"{'duration': 4320, 'source_transfer_time': 0, 'waiting_time': 210, 'trip_time': 4110, 'num_transfers': 4, 'departure_time': 13770, 'departure_day': 'current_day', 'arrival_time': 18090, 'arrival_day': 'current_day', 'steps': [{'duration': 900, 'departure_time': 13980, 'arrival_time': 14880, 'day': 'current_day', 'from_stop_id': '105-5', 'to_stop_id': 'A-5', 'trip_id': '8-1-18', 'agency_name': 'Unknown'}, {'duration': 30, 'departure_time': 14880, 'arrival_time': 14910, 'day': 'current_day', 'from_stop_id': 'A-5', 'to_stop_id': 'A-0', 'trip_id': 'walking', 'agency_name': 'Unknown'}, {'duration': 1800, 'departure_time': 15000, 'arrival_time': 16800, 'day': 'current_day', 'from_stop_id': 'A-0', 'to_stop_id': 'B-0', 'trip_id': 'IE-10-0', 'agency_name': 'Unknown'}, {'duration': 30, 'departure_time': 16800, 'arrival_time': 16830, 'day': 'current_day', 'from_stop_id': 'B-0', 'to_stop_id': 'B-5', 'trip_id': 'walking', 'agency_name': 'Unknown'}, {'duration': 810, 'departure_time': 17280, 'arrival_time': 18090, 'day': 'current_day', 'from_stop_id': 'B-5', 'to_stop_id': '227-5', 'trip_id': '10-0-22', 'agency_name': 'Unknown'}]}",4440.0
9,153,7830,inter,left,36,[9],[131; 141; 151],0,0,1000,751,7830,7890.0,11820.0,11880.0,3930.0,4.0,9,151,,,pt,12631.0,4801.0,"{'duration': 3930, 'source_transfer_time': 0, 'waiting_time': 180, 'trip_time': 3750, 'num_transfers': 4, 'departure_time': 7890, 'departure_day': 'current_day', 'arrival_time': 11820, 'arrival_day': 'current_day', 'steps': [{'duration': 810, 'departure_time': 8070, 'arrival_time': 8880, 'day': 'current_day', 'from_stop_id': '9-5', 'to_stop_id': 'A-5', 'trip_id': '8-0-8', 'agency_name': 'Unknown'}, {'duration': 30, 'departure_time': 8880, 'arrival_time': 8910, 'day': 'current_day', 'from_stop_id': 'A-5', 'to_stop_id': 'A-0', 'trip_id': 'walking', 'agency_name': 'Unknown'}, {'duration': 1800, 'departure_time': 9000, 'arrival_time': 10800, 'day': 'current_day', 'from_stop_id': 'A-0', 'to_stop_id': 'B-0', 'trip_id': 'IE-6-0', 'agency_name': 'Unknown'}, {'duration': 30, 'departure_time': 10800, 'arrival_time': 10830, 'day': 'current_day', 'from_stop_id': 'B-0', 'to_stop_id': 'B-5', 'trip_id': 'walking', 'agency_name': 'Unknown'}, {'duration': 540, 'departure_time': 11280, 'arrival_time': 11820, 'day': 'current_day', 'from_stop_id': 'B-5', 'to_stop_id': '151-5', 'trip_id': '10-1-12', 'agency_name': 'Unknown'}]}",4801.0
44,192,14040,inter,left,37,[54],[182],500,375,500,375,14415,14475.0,19170.0,19230.0,4695.0,4.0,54,182,,,pt,19605.0,5565.0,"{'duration': 4695, 'source_transfer_time': 0, 'waiting_time': 195, 'trip_time': 4500, 'num_transfers': 4, 'departure_time': 14475, 'departure_day': 'current_day', 'arrival_time': 19170, 'arrival_day': 'current_day', 'steps': [{'duration': 450, 'departure_time': 14670, 'arrival_time': 15120, 'day': 'current_day', 'from_stop_id': '54-1', 'to_stop_id': 'A-1', 'trip_id': '1-0-19', 'agency_name': 'Unknown'}, {'duration': 30, 'departure_time': 15120, 'arrival_time': 15150, 'day': 'current_day', 'from_stop_id': 'A-1', 'to_stop_id': 'A-0', 'trip_id': 'walking', 'agency_name': 'Unknown'}, {'duration': 1800, 'departure_time': 16500, 'arrival_time': 18300, 'day': 'current_day', 'from_stop_id': 'A-0', 'to_stop_id': 'B-0', 'trip_id': 'IE-11-0', 'agency_name': 'Unknown'}, {'duration': 30, 'departure_time': 18300, 'arrival_time': 18330, 'day': 'current_day', 'from_stop_id': 'B-0', 'to_stop_id': 'B-1', 'trip_id': 'walking', 'agency_name': 'Unknown'}, {'duration': 450, 'departure_time': 18720, 'arrival_time': 19170, 'day': 'current_day', 'from_stop_id': 'B-1', 'to_stop_id': '182-1', 'trip_id': '3-0-25', 'agency_name': 'Unknown'}]}",5565.0
36,163,9600,inter,left,38,[36],[141; 151; 161; 181],0,0,1000,751,9600,9660.0,12840.0,12900.0,3180.0,4.0,36,161,,,pt,13651.0,4051.0,"{'duration': 3180, 'source_transfer_time': 0, 'waiting_time': 360, 'trip_time': 2820, 'num_transfers': 4, 'departure_time': 9660, 'departure_day': 'current_day', 'arrival_time': 12840, 'arrival_day': 'current_day', 'steps': [{'duration': 360, 'departure_time': 10020, 'arrival_time': 10380, 'day': 'current_day', 'from_stop_id': '36-4', 'to_stop_id': 'A-4', 'trip_id': '7-0-11', 'agency_name': 'Unknown'}, {'duration': 30, 'departure_time': 10380, 'arrival_time': 10410, 'day': 'current_day', 'from_stop_id': 'A-4', 'to_stop_id': 'A-0', 'trip_id': 'walking', 'agency_name': 'Unknown'}, {'duration': 1800, 'departure_time': 10500, 'arrival_time': 12300, 'day': 'current_day', 'from_stop_id': 'A-0', 'to_stop_id': 'B-0', 'trip_id': 'IE-7-0', 'agency_name': 'Unknown'}, {'duration': 30, 'departure_time': 12300, 'arrival_time': 12330, 'day': 'current_day', 'from_stop_id': 'B-0', 'to_stop_id': 'B-5', 'trip_id': 'walking', 'agency_name': 'Unknown'}, {'duration': 360, 'departure_time': 12480, 'arrival_time': 12840, 'day': 'current_day', 'from_stop_id': 'B-5', 'to_stop_id': '161-5', 'trip_id': '10-1-14', 'agency_name': 'Unknown'}]}",4051.0
26,145,8040,inter,left,39,[27],[145],500,375,0,0,8415,8475.0,11520.0,11580.0,3045.0,4.0,27,145,,,pt,11580.0,3540.0,"{'duration': 3045, 'source_transfer_time': 0, 'waiting_time': 75, 'trip_time': 2970, 'num_transfers': 4, 'departure_time': 8475, 'departure_day': 'current_day', 'arrival_time': 11520, 'arrival_day': 'current_day', 'steps': [{'duration': 270, 'departure_time': 8550, 'arrival_time': 8820, 'day': 'current_day', 'from_stop_id': '27-2', 'to_stop_id': 'A-2', 'trip_id': '2-1-8', 'agency_name': 'Unknown'}, {'duration': 30, 'departure_time': 8820, 'arrival_time': 8850, 'day': 'current_day', 'from_stop_id': 'A-2', 'to_stop_id': 'A-0', 'trip_id': 'walking', 'agency_name': 'Unknown'}, {'duration': 1800, 'departure_time': 9000, 'arrival_time': 10800, 'day': 'current_day', 'from_stop_id': 'A-0', 'to_stop_id': 'B-0', 'trip_id': 'IE-6-0', 'agency_name': 'Unknown'}, {'duration': 30, 'departure_time': 10800, 'arrival_time': 10830, 'day': 'current_day', 'from_stop_id': 'B-0', 'to_stop_id': 'B-4', 'trip_id': 'walking', 'agency_name': 'Unknown'}, {'duration': 540, 'departure_time': 10980, 'arrival_time': 11520, 'day': 'current_day', 'from_stop_id': 'B-4', 'to_stop_id': '145-4', 'trip_id': '9-1-12', 'agency_name': 'Unknown'}]}",3540.0
62,165,8340,inter,left,40,[54],[175],500,375,500,375,8715,8775.0,13170.0,13230.0,4395.0,4.0,54,175,,,pt,13605.0,5265.0,"{'duration': 4395, 'source_transfer_time': 0, 'waiting_time': 495, 'trip_time': 3900, 'num_transfers': 4, 'departure_time': 8775, 'departure_day': 'current_day', 'arrival_time': 13170, 'arrival_day': 'current_day', 'steps': [{'duration': 450, 'departure_time': 9270, 'arrival_time': 9720, 'day': 'current_day', 'from_stop_id': '54-1', 'to_stop_id': 'A-1', 'trip_id': '1-0-10', 'agency_name': 'Unknown'}, {'duration': 30, 'departure_time': 9720, 'arrival_time': 9750, 'day': 'current_day', 'from_stop_id': 'A-1', 'to_stop_id': 'A-0', 'trip_id': 'walking', 'agency_name': 'Unknown'}, {'duration': 1800, 'departure_time': 10500, 'arrival_time': 12300, 'day': 'current_day', 'from_stop_id': 'A-0', 'to_stop_id': 'B-0', 'trip_id': 'IE-7-0', 'agency_name': 'Unknown'}, {'duration': 30, 'departure_time': 12300, 'arrival_time': 12330, 'day': 'current_day', 'from_stop_id': 'B-0', 'to_stop_id': 'B-1', 'trip_id': 'walking', 'agency_name': 'Unknown'}, {'duration': 450, 'departure_time': 12720, 'arrival_time': 13170, 'day': 'current_day', 'from_stop_id': 'B-1', 'to_stop_id': '175-1', 'trip_id': '3-1-15', 'agency_name': 'Unknown'}]}",5265.0
32,174,6180,inter,left,41,[10; 20; 30],[182],1000,751,500,375,6931,6991.0,11370.0,11430.0,4379.0,4.0,10,182,,,pt,11805.0,5625.0,"{'duration': 4379, 'source_transfer_time': 0, 'waiting_time': 389, 'trip_time': 3990, 'num_transfers': 4, 'departure_time': 6991, 'departure_day': 'current_day', 'arrival_time': 11370, 'arrival_day': 'current_day', 'steps': [{'duration': 900, 'departure_time': 7380, 'arrival_time': 8280, 'day': 'current_day', 'from_stop_id': '10-5', 'to_stop_id': 'A-5', 'trip_id': '8-0-7', 'agency_name': 'Unknown'}, {'duration': 30, 'departure_time': 8280, 'arrival_time': 8310, 'day': 'current_day', 'from_stop_id': 'A-5', 'to_stop_id': 'A-0', 'trip_id': 'walking', 'agency_name': 'Unknown'}, {'duration': 1800, 'departure_time': 9000, 'arrival_time': 10800, 'day': 'current_day', 'from_stop_id': 'A-0', 'to_stop_id': 'B-0', 'trip_id': 'IE-6-0', 'agency_name': 'Unknown'}, {'duration': 30, 'departure_time': 10800, 'arrival_time': 10830, 'day': 'current_day', 'from_stop_id': 'B-0', 'to_stop_id': 'B-1', 'trip_id': 'walking', 'agency_name': 'Unknown'}, {'duration': 450, 'departure_time': 10920, 'arrival_time': 11370, 'day': 'current_day', 'from_stop_id': 'B-1', 'to_stop_id': '182-1', 'trip_id': '3-0-12', 'agency_name': 'Unknown'}]}",5625.0
39,181,14130,inter,left,42,[39],[181],0,0,0,0,14130,14190.0,17280.0,17340.0,3090.0,4.0,39,181,,,pt,17340.0,3210.0,"{'duration': 3090, 'source_transfer_time': 0, 'waiting_time': 420, 'trip_time': 2670, 'num_transfers': 4, 'departure_time': 14190, 'departure_day': 'current_day', 'arrival_time': 17280, 'arrival_day': 'current_day', 'steps': [{'duration': 270, 'departure_time': 14610, 'arrival_time': 14880, 'day': 'current_day', 'from_stop_id': '39-5', 'to_stop_id': 'A-5', 'trip_id': '8-0-18', 'agency_name': 'Unknown'}, {'duration': 30, 'departure_time': 14880, 'arrival_time': 14910, 'day': 'current_day', 'from_stop_id': 'A-5', 'to_stop_id': 'A-0', 'trip_id': 'walking', 'agency_name': 'Unknown'}, {'duration': 1800, 'departure_time': 15000, 'arrival_time': 16800, 'day': 'current_day', 'from_stop_id': 'A-0', 'to_stop_id': 'B-0', 'trip_id': 'IE-10-0', 'agency_name': 'Unknown'}, {'duration': 30, 'departure_time': 16800, 'arrival_time': 16830, 'day': 'current_day', 'from_stop_id': 'B-0', 'to_stop_id': 'B-1', 'trip_id': 'walking', 'agency_name': 'Unknown'}, {'duration': 360, 'departure_time': 16920, 'arrival_time': 17280, 'day': 'current_day', 'from_stop_id': 'B-1', 'to_stop_id': '181-1', 'trip_id': '3-0-22', 'agency_name': 'Unknown'}]}",3210.0
32,208,13920,inter,left,43,[10; 20; 30],[197; 207; 209],1000,751,500,375,14671,14731.0,18690.0,18750.0,3959.0,4.0,10,209,,,pt,19125.0,5205.0,"{'duration': 3959, 'source_transfer_time': 0, 'waiting_time': 449, 'trip_time': 3510, 'num_transfers': 4, 'departure_time': 14731, 'departure_day': 'current_day', 'arrival_time': 18690, 'arrival_day': 'current_day', 'steps': [{'duration': 900, 'departure_time': 15180, 'arrival_time': 16080, 'day': 'current_day', 'from_stop_id': '10-5', 'to_stop_id': 'A-5', 'trip_id': '8-0-20', 'agency_name': 'Unknown'}, {'duration': 30, 'departure_time': 16080, 'arrival_time': 16110, 'day': 'current_day', 'from_stop_id': 'A-5', 'to_stop_id': 'A-0', 'trip_id': 'walking', 'agency_name': 'Unknown'}, {'duration': 1800, 'departure_time': 16500, 'arrival_time': 18300, 'day': 'current_day', 'from_stop_id': 'A-0', 'to_stop_id': 'B-0', 'trip_id': 'IE-11-0', 'agency_name': 'Unknown'}, {'duration': 30, 'departure_time': 18300, 'arrival_time': 18330, 'day': 'current_day', 'from_stop_id': 'B-0', 'to_stop_id': 'B-2', 'trip_id': 'walking', 'agency_name': 'Unknown'}, {'duration': 270, 'departure_time': 18420, 'arrival_time': 18690, 'day': 'current_day', 'from_stop_id': 'B-2', 'to_stop_id': '209-2', 'trip_id': '4-1-24', 'agency_name': 'Unknown'}]}",5205.0
33,206,12810,inter,left,44,[11; 23; 35; 54],[206],1000,751,0,0,13561,13621.0,17820.0,17880.0,4199.0,4.0,11,206,,,pt,17880.0,5070.0,"{'duration': 4199, 'source_transfer_time': 0, 'waiting_time': 149, 'trip_time': 4050, 'num_transfers': 4, 'departure_time': 13621, 'departure_day': 'current_day', 'arrival_time': 17820, 'arrival_day': 'current_day', 'steps': [{'duration': 810, 'departure_time': 13770, 'arrival_time': 14580, 'day': 'current_day', 'from_stop_id': '11-4', 'to_stop_id': 'A-4', 'trip_id': '7-0-18', 'agency_name': 'Unknown'}, {'duration': 30, 'departure_time': 14580, 'arrival_time': 14610, 'day': 'current_day', 'from_stop_id': 'A-4', 'to_stop_id': 'A-0', 'trip_id': 'walking', 'agency_name': 'Unknown'}, {'duration': 1800, 'departure_time': 15000, 'arrival_time': 16800, 'day': 'current_day', 'from_stop_id': 'A-0', 'to_stop_id': 'B-0', 'trip_id': 'IE-10-0', 'agency_name': 'Unknown'}, {'duration': 30, 'departure_time': 16800, 'arrival_time': 16830, 'day': 'current_day', 'from_stop_id': 'B-0', 'to_stop_id': 'B-5', 'trip_id': 'walking', 'agency_name': 'Unknown'}, {'duration': 540, 'departure_time': 17280, 'arrival_time': 17820, 'day': 'current_day', 'from_stop_id': 'B-5', 'to_stop_id': '206-5', 'trip_id': '10-0-22', 'agency_name': 'Unknown'}]}",5070.0
90,200,14040,inter,left,45,[79; 91],[200],500,375,0,0,14415,14475.0,19140.0,19200.0,4665.0,4.0,79,200,,,pt,19200.0,5160.0,"{'duration': 4665, 'source_transfer_time': 0, 'waiting_time': 345, 'trip_time': 4320, 'num_transfers': 4, 'departure_time': 14475, 'departure_day': 'current_day', 'arrival_time': 19140, 'arrival_day': 'current_day', 'steps': [{'duration': 360, 'departure_time': 14820, 'arrival_time': 15180, 'day': 'current_day', 'from_stop_id': '79-4', 'to_stop_id': 'A-4', 'trip_id': '7-1-19', 'agency_name': 'Unknown'}, {'duration': 30, 'departure_time': 15180, 'arrival_time': 15210, 'day': 'current_day', 'from_stop_id': 'A-4', 'to_stop_id': 'A-0', 'trip_id': 'walking', 'agency_name': 'Unknown'}, {'duration': 1800, 'departure_time': 16500, 'arrival_time': 18300, 'day': 'current_day', 'from_stop_id': 'A-0', 'to_stop_id': 'B-0', 'trip_id': 'IE-11-0', 'agency_name': 'Unknown'}, {'duration': 30, 'departure_time': 18300, 'arrival_time': 18330, 'day': 'current_day', 'from_stop_id': 'B-0', 'to_stop_id': 'B-4', 'trip_id': 'walking', 'agency_name': 'Unknown'}, {'duration': 360, 'departure_time': 18780, 'arrival_time': 19140, 'day': 'current_day', 'from_stop_id': 'B-4', 'to_stop_id': '200-4', 'trip_id': '9-0-25', 'agency_name': 'Unknown'}]}",5160.0
105,138,13410,inter,left,46,[105],[137],0,0,500,375,13410,13470.0,17580.0,17640.0,4110.0,4.0,105,137,,,pt,18015.0,4605.0,"{'duration': 4110, 'source_transfer_time': 0, 'waiting_time': 510, 'trip_time': 3600, 'num_transfers': 4, 'departure_time': 13470, 'departure_day': 'current_day', 'arrival_time': 17580, 'arrival_day': 'current_day', 'steps': [{'duration': 900, 'departure_time': 13980, 'arrival_time': 14880, 'day': 'current_day', 'from_stop_id': '105-5', 'to_stop_id': 'A-5', 'trip_id': '8-1-18', 'agency_name': 'Unknown'}, {'duration': 30, 'departure_time': 14880, 'arrival_time': 14910, 'day': 'current_day', 'from_stop_id': 'A-5', 'to_stop_id': 'A-0', 'trip_id': 'walking', 'agency_name': 'Unknown'}, {'duration': 1800, 'departure_time': 15000, 'arrival_time': 16800, 'day': 'current_day', 'from_stop_id': 'A-0', 'to_stop_id': 'B-0', 'trip_id': 'IE-10-0', 'agency_name': 'Unknown'}, {'duration': 30, 'departure_time': 16800, 'arrival_time': 16830, 'day': 'current_day', 'from_stop_id': 'B-0', 'to_stop_id': 'B-2', 'trip_id': 'walking', 'agency_name': 'Unknown'}, {'duration': 360, 'departure_time': 17220, 'arrival_time': 17580, 'day': 'current_day', 'from_stop_id': 'B-2', 'to_stop_id': '137-2', 'trip_id': '4-0-22', 'agency_name': 'Unknown'}]}",4605.0
13,216,10260,inter,left,47,[12; 24],[216],500,375,0,0,10635,10695.0,15000.0,15060.0,4305.0,4.0,12,216,,,pt,15060.0,4800.0,"{'duration': 4305, 'source_transfer_time': 0, 'waiting_time': 165, 'trip_time': 4140, 'num_transfers': 4, 'departure_time': 10695, 'departure_day': 'current_day', 'arrival_time': 15000, 'arrival_day': 'current_day', 'steps': [{'duration': 720, 'departure_time': 10860, 'arrival_time': 11580, 'day': 'current_day', 'from_stop_id': '12-4', 'to_stop_id': 'A-4', 'trip_id': '7-0-13', 'agency_name': 'Unknown'}, {'duration': 30, 'departure_time': 11580, 'arrival_time': 11610, 'day': 'current_day', 'from_stop_id': 'A-4', 'to_stop_id': 'A-0', 'trip_id': 'walking', 'agency_name': 'Unknown'}, {'duration': 1800, 'departure_time': 12000, 'arrival_time': 13800, 'day': 'current_day', 'from_stop_id': 'A-0', 'to_stop_id': 'B-0', 'trip_id': 'IE-8-0', 'agency_name': 'Unknown'}, {'duration': 30, 'departure_time': 13800, 'arrival_time': 13830, 'day': 'current_day', 'from_stop_id': 'B-0', 'to_stop_id': 'B-5', 'trip_id': 'walking', 'agency_name': 'Unknown'}, {'duration': 720, 'departure_time': 14280, 'arrival_time': 15000, 'day': 'current_day', 'from_stop_id': 'B-5', 'to_stop_id': '216-5', 'trip_id': '10-0-17', 'agency_name': 'Unknown'}]}",4800.0
63,162,3990,inter,left,48,[55],[151; 161],500,375,500,375,4365,4425.0,8640.0,8700.0,4215.0,4.0,55,161,,,pt,9075.0,5085.0,"{'duration': 4215, 'source_transfer_time': 0, 'waiting_time': 135, 'trip_time': 4080, 'num_transfers': 4, 'departure_time': 4425, 'departure_day': 'current_day', 'arrival_time': 8640, 'arrival_day': 'current_day', 'steps': [{'duration': 360, 'departure_time': 4560, 'arrival_time': 4920, 'day': 'current_day', 'from_stop_id': '55-1', 'to_stop_id': 'A-1', 'trip_id': '1-0-2', 'agency_name': 'Unknown'}, {'duration': 30, 'departure_time': 4920, 'arrival_time': 4950, 'day': 'current_day', 'from_stop_id': 'A-1', 'to_stop_id': 'A-0', 'trip_id': 'walking', 'agency_name': 'Unknown'}, {'duration': 1800, 'departure_time': 6000, 'arrival_time': 7800, 'day': 'current_day', 'from_stop_id': 'A-0', 'to_stop_id': 'B-0', 'trip_id': 'IE-4-0', 'agency_name': 'Unknown'}, {'duration': 30, 'departure_time': 7800, 'arrival_time': 7830, 'day': 'current_day', 'from_stop_id': 'B-0', 'to_stop_id': 'B-5', 'trip_id': 'walking', 'agency_name': 'Unknown'}, {'duration': 360, 'departure_time': 8280, 'arrival_time': 8640, 'day': 'current_day', 'from_stop_id': 'B-5', 'to_stop_id': '161-5', 'trip_id': '10-1-7', 'agency_name': 'Unknown'}]}",5085.0
77,217,10080,inter,left,49,[77],[217],0,0,0,0,10080,10140.0,14910.0,14970.0,4770.0,4.0,77,217,,,pt,14970.0,4890.0,"{'duration': 4770, 'source_transfer_time': 0, 'waiting_time': 300, 'trip_time': 4470, 'num_transfers': 4, 'departure_time': 10140, 'departure_day': 'current_day', 'arrival_time': 14910, 'arrival_day': 'current_day', 'steps': [{'duration': 180, 'departure_time': 10440, 'arrival_time': 10620, 'day': 'current_day', 'from_stop_id': '77-2', 'to_stop_id': 'A-2', 'trip_id': '2-0-11', 'agency_name': 'Unknown'}, {'duration': 30, 'departure_time': 10620, 'arrival_time': 10650, 'day': 'current_day', 'from_stop_id': 'A-2', 'to_stop_id': 'A-0', 'trip_id': 'walking', 'agency_name': 'Unknown'}, {'duration': 1800, 'departure_time': 12000, 'arrival_time': 13800, 'day': 'current_day', 'from_stop_id': 'A-0', 'to_stop_id': 'B-0', 'trip_id': 'IE-8-0', 'agency_name': 'Unknown'}, {'duration': 30, 'departure_time': 13800, 'arrival_time': 13830, 'day': 'current_day', 'from_stop_id': 'B-0', 'to_stop_id': 'B-5', 'trip_id': 'walking', 'agency_name': 'Unknown'}, {'duration': 630, 'departure_time': 14280, 'arrival_time': 14910, 'day': 'current_day', 'from_stop_id': 'B-5', 'to_stop_id': '217-5', 'trip_id': '10-0-17', 'agency_name': 'Unknown'}]}",4890.0
181,168,9090,intra,right,50,[181],[168],0,0,0,0,9090,9150.0,10050.0,10110.0,900.0,2.0,181,168,2631.0,11721.0,pt,10110.0,1020.0,"{'duration': 900, 'source_transfer_time': 0, 'waiting_time': 210, 'trip_time': 690, 'num_transfers': 2, 'departure_time': 9150, 'departure_day': 'current_day', 'arrival_time': 10050, 'arrival_day': 'current_day', 'steps': [{'duration': 360, 'departure_time': 9360, 'arrival_time': 9720, 'day': 'current_day', 'from_stop_id': '181-1', 'to_stop_id': 'B-1', 'trip_id': '3-1-10', 'agency_name': 'Unknown'}, {'duration': 30, 'departure_time': 9720, 'arrival_time': 9750, 'day': 'current_day', 'from_stop_id': 'B-1', 'to_stop_id': 'B-4', 'trip_id': 'walking', 'agency_name': 'Unknown'}, {'duration': 270, 'departure_time': 9780, 'arrival_time': 10050, 'day': 'current_day', 'from_stop_id': 'B-4', 'to_stop_id': '168-4', 'trip_id': '9-1-10', 'agency_name': 'Unknown'}]}",1020.0
227,177,9990,intra,right,51,[227],[177],0,0,0,0,9990,10050.0,11790.0,11850.0,1740.0,2.0,227,177,2255.0,12245.0,pt,11850.0,1860.0,"{'duration': 1740, 'source_transfer_time': 0, 'waiting_time': 420, 'trip_time': 1320, 'num_transfers': 2, 'departure_time': 10050, 'departure_day': 'current_day', 'arrival_time': 11790, 'arrival_day': 'current_day', 'steps': [{'duration': 810, 'departure_time': 10470, 'arrival_time': 11280, 'day': 'current_day', 'from_stop_id': '227-5', 'to_stop_id': 'B-5', 'trip_id': '10-1-12', 'agency_name': 'Unknown'}, {'duration': 30, 'departure_time': 11280, 'arrival_time': 11310, 'day': 'current_day', 'from_stop_id': 'B-5', 'to_stop_id': 'B-1', 'trip_id': 'walking', 'agency_name': 'Unknown'}, {'duration': 270, 'departure_time': 11520, 'arrival_time': 11790, 'day': 'current_day', 'from_stop_id': 'B-1', 'to_stop_id': '177-1', 'trip_id': '3-1-13', 'agency_name': 'Unknown'}]}",1860.0
191,208,3960,intra,right,52,[181],[197; 207; 209],500,375,500,375,4335,4395.0,5490.0,5550.0,1095.0,2.0,181,209,2631.0,6591.0,pt,5925.0,1965.0,"{'duration': 1095, 'source_transfer_time': 0, 'waiting_time': 165, 'trip_time': 930, 'num_transfers': 2, 'departure_time': 4395, 'departure_day': 'current_day', 'arrival_time': 5490, 'arrival_day': 'current_day', 'steps': [{'duration': 360, 'departure_time': 4560, 'arrival_time': 4920, 'day': 'current_day', 'from_stop_id': '181-1', 'to_stop_id': 'B-1', 'trip_id': '3-1-2', 'agency_name': 'Unknown'}, {'duration': 30, 'departure_time': 4920, 'arrival_time': 4950, 'day': 'current_day', 'from_stop_id': 'B-1', 'to_stop_id': 'B-2', 'trip_id': 'walking', 'agency_name': 'Unknown'}, {'duration': 270, 'departure_time': 5220, 'arrival_time': 5490, 'day': 'current_day', 'from_stop_id': 'B-2', 'to_stop_id': '209-2', 'trip_id': '4-1-2', 'agency_name': 'Unknown'}]}",1965.0
149,232,6900,intra,right,53,[148; 150; 160],[231],500,375,500,375,7275,7335.0,8070.0,8130.0,735.0,0.0,148,231,3007.0,9907.0,pt,8505.0,1605.0,"{'duration': 735, 'source_transfer_time': 0, 'waiting_time': 15, 'trip_time': 720, 'num_transfers': 0, 'departure_time': 7335, 'departure_day': 'current_day', 'arrival_time': 8070, 'arrival_day': 'current_day', 'steps': [{'duration': 720, 'departure_time': 7350, 'arrival_time': 8070, 'day': 'current_day', 'from_stop_id': '148-2', 'to_stop_id': '231-2', 'trip_id': '4-1-6', 'agency_name': 'Unknown'}]}",1605.0
131,132,4650,intra,right,54,[131],[132],0,0,0,0,4650,4710.0,6990.0,7050.0,2280.0,2.0,131,132,4135.0,8785.0,pt,7050.0,2400.0,"{'duration': 2280, 'source_transfer_time': 0, 'waiting_time': 270, 'trip_time': 2010, 'num_transfers': 2, 'departure_time': 4710, 'departure_day': 'current_day', 'arrival_time': 6990, 'arrival_day': 'current_day', 'steps': [{'duration': 900, 'departure_time': 4980, 'arrival_time': 5880, 'day': 'current_day', 'from_stop_id': '131-5', 'to_stop_id': 'B-5', 'trip_id': '10-0-3', 'agency_name': 'Unknown'}, {'duration': 30, 'departure_time': 5880, 'arrival_time': 5910, 'day': 'current_day', 'from_stop_id': 'B-5', 'to_stop_id': 'B-4', 'trip_id': 'walking', 'agency_name': 'Unknown'}, {'duration': 810, 'departure_time': 6180, 'arrival_time': 6990, 'day': 'current_day', 'from_stop_id': 'B-4', 'to_stop_id': '132-4', 'trip_id': '9-1-4', 'agency_name': 'Unknown'}]}",2400.0
206,213,12750,intra,right,55,[206],[213],0,0,0,0,12750,12810.0,14610.0,14670.0,1800.0,2.0,206,213,2631.0,15381.0,pt,14670.0,1920.0,"{'duration': 1800, 'source_transfer_time': 0, 'waiting_time': 330, 'trip_time': 1470, 'num_transfers': 2, 'departure_time': 12810, 'departure_day': 'current_day', 'arrival_time': 14610, 'arrival_day': 'current_day', 'steps': [{'duration': 540, 'departure_time': 13140, 'arrival_time': 13680, 'day': 'current_day', 'from_stop_id': '206-5', 'to_stop_id': 'B-5', 'trip_id': '10-1-16', 'agency_name': 'Unknown'}, {'duration': 30, 'departure_time': 13680, 'arrival_time': 13710, 'day': 'current_day', 'from_stop_id': 'B-5', 'to_stop_id': 'B-4', 'trip_id': 'walking', 'agency_name': 'Unknown'}, {'duration': 630, 'departure_time': 13980, 'arrival_time': 14610, 'day': 'current_day', 'from_stop_id': 'B-4', 'to_stop_id': '213-4', 'trip_id': '9-0-17', 'agency_name': 'Unknown'}]}",1920.0
193,210,4620,intra,right,56,[175],[209],1000,751,500,375,5371,5431.0,6690.0,6750.0,1259.0,2.0,175,209,2631.0,7251.0,pt,7125.0,2505.0,"{'duration': 1259, 'source_transfer_time': 0, 'waiting_time': 239, 'trip_time': 1020, 'num_transfers': 2, 'departure_time': 5431, 'departure_day': 'current_day', 'arrival_time': 6690, 'arrival_day': 'current_day', 'steps': [{'duration': 450, 'departure_time': 5670, 'arrival_time': 6120, 'day': 'current_day', 'from_stop_id': '175-1', 'to_stop_id': 'B-1', 'trip_id': '3-0-4', 'agency_name': 'Unknown'}, {'duration': 30, 'departure_time': 6120, 'arrival_time': 6150, 'day': 'current_day', 'from_stop_id': 'B-1', 'to_stop_id': 'B-2', 'trip_id': 'walking', 'agency_name': 'Unknown'}, {'duration': 270, 'departure_time': 6420, 'arrival_time': 6690, 'day': 'current_day', 'from_stop_id': 'B-2', 'to_stop_id': '209-2', 'trip_id': '4-1-4', 'agency_name': 'Unknown'}]}",2505.0
132,210,9210,intra,right,57,[132],[209],0,0,500,375,9210,9270.0,10890.0,10950.0,1620.0,2.0,132,209,4887.0,14097.0,pt,11325.0,2115.0,"{'duration': 1620, 'source_transfer_time': 0, 'waiting_time': 300, 'trip_time': 1320, 'num_transfers': 2, 'departure_time': 9270, 'departure_day': 'current_day', 'arrival_time': 10890, 'arrival_day': 'current_day', 'steps': [{'duration': 810, 'departure_time': 9570, 'arrival_time': 10380, 'day': 'current_day', 'from_stop_id': '132-4', 'to_stop_id': 'B-4', 'trip_id': '9-0-11', 'agency_name': 'Unknown'}, {'duration': 30, 'departure_time': 10380, 'arrival_time': 10410, 'day': 'current_day', 'from_stop_id': 'B-4', 'to_stop_id': 'B-2', 'trip_id': 'walking', 'agency_name': 'Unknown'}, {'duration': 270, 'departure_time': 10620, 'arrival_time': 10890, 'day': 'current_day', 'from_stop_id': 'B-2', 'to_stop_id': '209-2', 'trip_id': '4-1-11', 'agency_name': 'Unknown'}]}",2115.0
125,206,10230,intra,right,58,[126],[206],500,375,0,0,10605,10665.0,11820.0,11880.0,1155.0,2.0,126,206,3759.0,13989.0,pt,11880.0,1650.0,"{'duration': 1155, 'source_transfer_time': 0, 'waiting_time': 105, 'trip_time': 1050, 'num_transfers': 2, 'departure_time': 10665, 'departure_day': 'current_day', 'arrival_time': 11820, 'arrival_day': 'current_day', 'steps': [{'duration': 540, 'departure_time': 10770, 'arrival_time': 11310, 'day': 'current_day', 'from_stop_id': '126-2', 'to_stop_id': '240-2', 'trip_id': '4-1-12', 'agency_name': 'Unknown'}, {'duration': 30, 'departure_time': 11310, 'arrival_time': 11340, 'day': 'current_day', 'from_stop_id': '240-2', 'to_stop_id': '240-5', 'trip_id': 'walking', 'agency_name': 'Unknown'}, {'duration': 450, 'departure_time': 11370, 'arrival_time': 11820, 'day': 'current_day', 'from_stop_id': '240-5', 'to_stop_id': '206-5', 'trip_id': '10-0-12', 'agency_name': 'Unknown'}]}",1650.0
121,177,6420,intra,right,59,[121],[177],0,0,0,0,6420,6480.0,7590.0,7650.0,1110.0,2.0,121,177,2631.0,9051.0,pt,7650.0,1230.0,"{'duration': 1110, 'source_transfer_time': 0, 'waiting_time': 0, 'trip_time': 1110, 'num_transfers': 2, 'departure_time': 6480, 'departure_day': 'current_day', 'arrival_time': 7590, 'arrival_day': 'current_day', 'steps': [{'duration': 810, 'departure_time': 6480, 'arrival_time': 7290, 'day': 'current_day', 'from_stop_id': '121-4', 'to_stop_id': '238-4', 'trip_id': '9-0-6', 'agency_name': 'Unknown'}, {'duration': 30, 'departure_time': 7290, 'arrival_time': 7320, 'day': 'current_day', 'from_stop_id': '238-4', 'to_stop_id': '238-1', 'trip_id': 'walking', 'agency_name': 'Unknown'}, {'duration': 180, 'departure_time': 7410, 'arrival_time': 7590, 'day': 'current_day', 'from_stop_id': '238-1', 'to_stop_id': '177-1', 'trip_id': '3-1-6', 'agency_name': 'Unknown'}]}",1230.0
166,192,14190,intra,right,60,[176],[182],500,375,500,375,14565,14625.0,15570.0,15630.0,945.0,0.0,176,182,4135.0,18325.0,pt,16005.0,1815.0,"{'duration': 945, 'source_transfer_time': 0, 'waiting_time': 135, 'trip_time': 810, 'num_transfers': 0, 'departure_time': 14625, 'departure_day': 'current_day', 'arrival_time': 15570, 'arrival_day': 'current_day', 'steps': [{'duration': 810, 'departure_time': 14760, 'arrival_time': 15570, 'day': 'current_day', 'from_stop_id': '176-1', 'to_stop_id': '182-1', 'trip_id': '3-0-19', 'agency_name': 'Unknown'}]}",1815.0
219,142,8460,intra,right,61,[220],[131; 141],500,375,500,375,8835,8895.0,10200.0,10260.0,1305.0,2.0,220,141,5263.0,13723.0,pt,10635.0,2175.0,"{'duration': 1305, 'source_transfer_time': 0, 'waiting_time': 165, 'trip_time': 1140, 'num_transfers': 2, 'departure_time': 8895, 'departure_day': 'current_day', 'arrival_time': 10200, 'arrival_day': 'current_day', 'steps': [{'duration': 270, 'departure_time': 9060, 'arrival_time': 9330, 'day': 'current_day', 'from_stop_id': '220-2', 'to_stop_id': '240-2', 'trip_id': '4-0-9', 'agency_name': 'Unknown'}, {'duration': 30, 'departure_time': 9330, 'arrival_time': 9360, 'day': 'current_day', 'from_stop_id': '240-2', 'to_stop_id': '240-5', 'trip_id': 'walking', 'agency_name': 'Unknown'}, {'duration': 810, 'departure_time': 9390, 'arrival_time': 10200, 'day': 'current_day', 'from_stop_id': '240-5', 'to_stop_id': '141-5', 'trip_id': '10-1-9', 'agency_name': 'Unknown'}]}",2175.0
231,150,11490,intra,right,62,[231],[150],0,0,0,0,11490,11550.0,12930.0,12990.0,1380.0,2.0,231,150,3759.0,15249.0,pt,12990.0,1500.0,"{'duration': 1380, 'source_transfer_time': 0, 'waiting_time': 420, 'trip_time': 960, 'num_transfers': 2, 'departure_time': 11550, 'departure_day': 'current_day', 'arrival_time': 12930, 'arrival_day': 'current_day', 'steps': [{'duration': 360, 'departure_time': 11970, 'arrival_time': 12330, 'day': 'current_day', 'from_stop_id': '231-2', 'to_stop_id': '240-2', 'trip_id': '4-0-14', 'agency_name': 'Unknown'}, {'duration': 30, 'departure_time': 12330, 'arrival_time': 12360, 'day': 'current_day', 'from_stop_id': '240-2', 'to_stop_id': '240-5', 'trip_id': 'walking', 'agency_name': 'Unknown'}, {'duration': 540, 'departure_time': 12390, 'arrival_time': 12930, 'day': 'current_day', 'from_stop_id': '240-5', 'to_stop_id': '150-5', 'trip_id': '10-1-14', 'agency_name': 'Unknown'}]}",1500.0
215,151,13560,intra,right,63,[216; 226],[151],500,375,0,0,13935,13995.0,15420.0,15480.0,1425.0,0.0,216,151,5639.0,19199.0,pt,15480.0,1920.0,"{'duration': 1425, 'source_transfer_time': 0, 'waiting_time': 165, 'trip_time': 1260, 'num_transfers': 0, 'departure_time': 13995, 'departure_day': 'current_day', 'arrival_time': 15420, 'arrival_day': 'current_day', 'steps': [{'duration': 1260, 'departure_time': 14160, 'arrival_time': 15420, 'day': 'current_day', 'from_stop_id': '216-5', 'to_stop_id': '151-5', 'trip_id': '10-1-18', 'agency_name': 'Unknown'}]}",1920.0
224,229,8760,intra,right,64,[224],[207; 217; 227; 231],0,0,1000,751,8760,8820.0,10470.0,10530.0,1650.0,2.0,224,231,2631.0,11391.0,pt,11281.0,2521.0,"{'duration': 1650, 'source_transfer_time': 0, 'waiting_time': 240, 'trip_time': 1410, 'num_transfers': 2, 'departure_time': 8820, 'departure_day': 'current_day', 'arrival_time': 10470, 'arrival_day': 'current_day', 'steps': [{'duration': 720, 'departure_time': 9060, 'arrival_time': 9780, 'day': 'current_day', 'from_stop_id': '224-4', 'to_stop_id': 'B-4', 'trip_id': '9-1-10', 'agency_name': 'Unknown'}, {'duration': 30, 'departure_time': 9780, 'arrival_time': 9810, 'day': 'current_day', 'from_stop_id': 'B-4', 'to_stop_id': 'B-2', 'trip_id': 'walking', 'agency_name': 'Unknown'}, {'duration': 450, 'departure_time': 10020, 'arrival_time': 10470, 'day': 'current_day', 'from_stop_id': 'B-2', 'to_stop_id': '231-2', 'trip_id': '4-1-10', 'agency_name': 'Unknown'}]}",2521.0
142,215,4830,intra,right,65,[131; 141],[216; 226],500,375,500,375,5205,5265.0,7200.0,7260.0,1935.0,0.0,131,216,6766.0,11596.0,pt,7635.0,2805.0,"{'duration': 1935, 'source_transfer_time': 0, 'waiting_time': 315, 'trip_time': 1620, 'num_transfers': 0, 'departure_time': 5265, 'departure_day': 'current_day', 'arrival_time': 7200, 'arrival_day': 'current_day', 'steps': [{'duration': 1620, 'departure_time': 5580, 'arrival_time': 7200, 'day': 'current_day', 'from_stop_id': '131-5', 'to_stop_id': '216-5', 'trip_id': '10-0-4', 'agency_name': 'Unknown'}]}",2805.0
211,173,11550,intra,right,66,[200; 212],[181],500,375,500,375,11925,11985.0,13080.0,13140.0,1095.0,2.0,200,181,2255.0,13805.0,pt,13515.0,1965.0,"{'duration': 1095, 'source_transfer_time': 0, 'waiting_time': 435, 'trip_time': 660, 'num_transfers': 2, 'departure_time': 11985, 'departure_day': 'current_day', 'arrival_time': 13080, 'arrival_day': 'current_day', 'steps': [{'duration': 270, 'departure_time': 12420, 'arrival_time': 12690, 'day': 'current_day', 'from_stop_id': '200-4', 'to_stop_id': '239-4', 'trip_id': '9-1-15', 'agency_name': 'Unknown'}, {'duration': 30, 'departure_time': 12690, 'arrival_time': 12720, 'day': 'current_day', 'from_stop_id': '239-4', 'to_stop_id': '239-1', 'trip_id': 'walking', 'agency_name': 'Unknown'}, {'duration': 270, 'departure_time': 12810, 'arrival_time': 13080, 'day': 'current_day', 'from_stop_id': '239-1', 'to_stop_id': '181-1', 'trip_id': '3-0-15', 'agency_name': 'Unknown'}]}",1965.0
140,225,13350,intra,right,67,[140],[225],0,0,0,0,13350,13410.0,15390.0,15450.0,1980.0,2.0,140,225,3759.0,17109.0,pt,15450.0,2100.0,"{'duration': 1980, 'source_transfer_time': 0, 'waiting_time': 240, 'trip_time': 1740, 'num_transfers': 2, 'departure_time': 13410, 'departure_day': 'current_day', 'arrival_time': 15390, 'arrival_day': 'current_day', 'steps': [{'duration': 630, 'departure_time': 13650, 'arrival_time': 14280, 'day': 'current_day', 'from_stop_id': '140-5', 'to_stop_id': 'B-5', 'trip_id': '10-0-17', 'agency_name': 'Unknown'}, {'duration': 30, 'departure_time': 14280, 'arrival_time': 14310, 'day': 'current_day', 'from_stop_id': 'B-5', 'to_stop_id': 'B-4', 'trip_id': 'walking', 'agency_name': 'Unknown'}, {'duration': 810, 'departure_time': 14580, 'arrival_time': 15390, 'day': 'current_day', 'from_stop_id': 'B-4', 'to_stop_id': '225-4', 'trip_id': '9-0-18', 'agency_name': 'Unknown'}]}",2100.0
145,173,10380,intra,right,68,[145],[181],0,0,500,375,10380,10440.0,11880.0,11940.0,1440.0,2.0,145,181,3383.0,13763.0,pt,12315.0,1935.0,"{'duration': 1440, 'source_transfer_time': 0, 'waiting_time': 0, 'trip_time': 1440, 'num_transfers': 2, 'departure_time': 10440, 'departure_day': 'current_day', 'arrival_time': 11880, 'arrival_day': 'current_day', 'steps': [{'duration': 630, 'departure_time': 10440, 'arrival_time': 11070, 'day': 'current_day', 'from_stop_id': '145-4', 'to_stop_id': '239-4', 'trip_id': '9-0-12', 'agency_name': 'Unknown'}, {'duration': 30, 'departure_time': 11070, 'arrival_time': 11100, 'day': 'current_day', 'from_stop_id': '239-4', 'to_stop_id': '239-1', 'trip_id': 'walking', 'agency_name': 'Unknown'}, {'duration': 270, 'departure_time': 11610, 'arrival_time': 11880, 'day': 'current_day', 'from_stop_id': '239-1', 'to_stop_id': '181-1', 'trip_id': '3-0-13', 'agency_name': 'Unknown'}]}",1935.0
164,240,8130,intra,right,69,[182],[240],1000,751,0,0,8881,8941.0,10110.0,10170.0,1169.0,2.0,182,240,3007.0,11137.0,pt,10170.0,2040.0,"{'duration': 1169, 'source_transfer_time': 0, 'waiting_time': 329, 'trip_time': 840, 'num_transfers': 2, 'departure_time': 8941, 'departure_day': 'current_day', 'arrival_time': 10110, 'arrival_day': 'current_day', 'steps': [{'duration': 450, 'departure_time': 9270, 'arrival_time': 9720, 'day': 'current_day', 'from_stop_id': '182-1', 'to_stop_id': 'B-1', 'trip_id': '3-1-10', 'agency_name': 'Unknown'}, {'duration': 30, 'departure_time': 9720, 'arrival_time': 9750, 'day': 'current_day', 'from_stop_id': 'B-1', 'to_stop_id': 'B-2', 'trip_id': 'walking', 'agency_name': 'Unknown'}, {'duration': 90, 'departure_time': 10020, 'arrival_time': 10110, 'day': 'current_day', 'from_stop_id': 'B-2', 'to_stop_id': '240-2', 'trip_id': '4-1-10', 'agency_name': 'Unknown'}]}",2040.0
185,192,8400,intra,right,70,[177],[182],500,375,500,375,8775,8835.0,9570.0,9630.0,735.0,0.0,177,182,3007.0,11407.0,pt,10005.0,1605.0,"{'duration': 735, 'source_transfer_time': 0, 'waiting_time': 15, 'trip_time': 720, 'num_transfers': 0, 'departure_time': 8835, 'departure_day': 'current_day', 'arrival_time': 9570, 'arrival_day': 'current_day', 'steps': [{'duration': 720, 'departure_time': 8850, 'arrival_time': 9570, 'day': 'current_day', 'from_stop_id': '177-1', 'to_stop_id': '182-1', 'trip_id': '3-0-9', 'agency_name': 'Unknown'}]}",1605.0
199,204,12060,intra,right,71,[188; 198; 200],[206; 216; 226],500,375,1000,751,12435,12495.0,13620.0,13680.0,1125.0,2.0,188,206,2631.0,14691.0,pt,14431.0,2371.0,"{'duration': 1125, 'source_transfer_time': 0, 'waiting_time': 105, 'trip_time': 1020, 'num_transfers': 2, 'departure_time': 12495, 'departure_day': 'current_day', 'arrival_time': 13620, 'arrival_day': 'current_day', 'steps': [{'duration': 180, 'departure_time': 12600, 'arrival_time': 12780, 'day': 'current_day', 'from_stop_id': '188-4', 'to_stop_id': 'B-4', 'trip_id': '9-1-15', 'agency_name': 'Unknown'}, {'duration': 30, 'departure_time': 12780, 'arrival_time': 12810, 'day': 'current_day', 'from_stop_id': 'B-4', 'to_stop_id': 'B-5', 'trip_id': 'walking', 'agency_name': 'Unknown'}, {'duration': 540, 'departure_time': 13080, 'arrival_time': 13620, 'day': 'current_day', 'from_stop_id': 'B-5', 'to_stop_id': '206-5', 'trip_id': '10-0-15', 'agency_name': 'Unknown'}]}",2371.0
142,231,7260,intra,right,72,[131; 141],[231],500,375,0,0,7635,7695.0,9870.0,9930.0,2175.0,2.0,131,231,5263.0,12523.0,pt,9930.0,2670.0,"{'duration': 2175, 'source_transfer_time': 0, 'waiting_time': 285, 'trip_time': 1890, 'num_transfers': 2, 'departure_time': 7695, 'departure_day': 'current_day', 'arrival_time': 9870, 'arrival_day': 'current_day', 'steps': [{'duration': 810, 'departure_time': 7980, 'arrival_time': 8790, 'day': 'current_day', 'from_stop_id': '131-5', 'to_stop_id': '237-5', 'trip_id': '10-0-8', 'agency_name': 'Unknown'}, {'duration': 30, 'departure_time': 8790, 'arrival_time': 8820, 'day': 'current_day', 'from_stop_id': '237-5', 'to_stop_id': '237-2', 'trip_id': 'walking', 'agency_name': 'Unknown'}, {'duration': 540, 'departure_time': 9330, 'arrival_time': 9870, 'day': 'current_day', 'from_stop_id': '237-2', 'to_stop_id': '231-2', 'trip_id': '4-1-9', 'agency_name': 'Unknown'}]}",2670.0
144,230,13560,intra,right,73,[144],[231],0,0,500,375,13560,13620.0,15270.0,15330.0,1650.0,2.0,144,231,4135.0,17695.0,pt,15705.0,2145.0,"{'duration': 1650, 'source_transfer_time': 0, 'waiting_time': 330, 'trip_time': 1320, 'num_transfers': 2, 'departure_time': 13620, 'departure_day': 'current_day', 'arrival_time': 15270, 'arrival_day': 'current_day', 'steps': [{'duration': 630, 'departure_time': 13950, 'arrival_time': 14580, 'day': 'current_day', 'from_stop_id': '144-4', 'to_stop_id': 'B-4', 'trip_id': '9-0-18', 'agency_name': 'Unknown'}, {'duration': 30, 'departure_time': 14580, 'arrival_time': 14610, 'day': 'current_day', 'from_stop_id': 'B-4', 'to_stop_id': 'B-2', 'trip_id': 'walking', 'agency_name': 'Unknown'}, {'duration': 450, 'departure_time': 14820, 'arrival_time': 15270, 'day': 'current_day', 'from_stop_id': 'B-2', 'to_stop_id': '231-2', 'trip_id': '4-1-18', 'agency_name': 'Unknown'}]}",2145.0
139,155,14040,intra,right,74,[140; 150],[144; 156],500,375,500,375,14415,14475.0,16230.0,16290.0,1755.0,2.0,140,156,3007.0,17047.0,pt,16665.0,2625.0,"{'duration': 1755, 'source_transfer_time': 0, 'waiting_time': 375, 'trip_time': 1380, 'num_transfers': 2, 'departure_time': 14475, 'departure_day': 'current_day', 'arrival_time': 16230, 'arrival_day': 'current_day', 'steps': [{'duration': 630, 'departure_time': 14850, 'arrival_time': 15480, 'day': 'current_day', 'from_stop_id': '140-5', 'to_stop_id': 'B-5', 'trip_id': '10-0-19', 'agency_name': 'Unknown'}, {'duration': 30, 'departure_time': 15480, 'arrival_time': 15510, 'day': 'current_day', 'from_stop_id': 'B-5', 'to_stop_id': 'B-4', 'trip_id': 'walking', 'agency_name': 'Unknown'}, {'duration': 450, 'departure_time': 15780, 'arrival_time': 16230, 'day': 'current_day', 'from_stop_id': 'B-4', 'to_stop_id': '156-4', 'trip_id': '9-1-20', 'agency_name': 'Unknown'}]}",2625.0
127,191,8010,intra,right,75,[126],[181],500,375,500,375,8385,8445.0,10080.0,10140.0,1635.0,2.0,126,181,3383.0,11393.0,pt,10515.0,2505.0,"{'duration': 1635, 'source_transfer_time': 0, 'waiting_time': 525, 'trip_time': 1110, 'num_transfers': 2, 'departure_time': 8445, 'departure_day': 'current_day', 'arrival_time': 10080, 'arrival_day': 'current_day', 'steps': [{'duration': 450, 'departure_time': 8970, 'arrival_time': 9420, 'day': 'current_day', 'from_stop_id': '126-2', 'to_stop_id': 'B-2', 'trip_id': '4-1-9', 'agency_name': 'Unknown'}, {'duration': 30, 'departure_time': 9420, 'arrival_time': 9450, 'day': 'current_day', 'from_stop_id': 'B-2', 'to_stop_id': 'B-1', 'trip_id': 'walking', 'agency_name': 'Unknown'}, {'duration': 360, 'departure_time': 9720, 'arrival_time': 10080, 'day': 'current_day', 'from_stop_id': 'B-1', 'to_stop_id': '181-1', 'trip_id': '3-0-10', 'agency_name': 'Unknown'}]}",2505.0
181,198,10530,intra,right,76,[181],[198],0,0,0,0,10530,10590.0,12000.0,12060.0,1410.0,2.0,181,198,2255.0,12785.0,pt,12060.0,1530.0,"{'duration': 1410, 'source_transfer_time': 0, 'waiting_time': 570, 'trip_time': 840, 'num_transfers': 2, 'departure_time': 10590, 'departure_day': 'current_day', 'arrival_time': 12000, 'arrival_day': 'current_day', 'steps': [{'duration': 360, 'departure_time': 11160, 'arrival_time': 11520, 'day': 'current_day', 'from_stop_id': '181-1', 'to_stop_id': 'B-1', 'trip_id': '3-1-13', 'agency_name': 'Unknown'}, {'duration': 30, 'departure_time': 11520, 'arrival_time': 11550, 'day': 'current_day', 'from_stop_id': 'B-1', 'to_stop_id': 'B-2', 'trip_id': 'walking', 'agency_name': 'Unknown'}, {'duration': 180, 'departure_time': 11820, 'arrival_time': 12000, 'day': 'current_day', 'from_stop_id': 'B-2', 'to_stop_id': '198-2', 'trip_id': '4-1-13', 'agency_name': 'Unknown'}]}",1530.0
230,160,5520,intra,right,77,[231],[160],500,375,0,0,5895,5955.0,6750.0,6810.0,795.0,2.0,231,160,3383.0,8903.0,pt,6810.0,1290.0,"{'duration': 795, 'source_transfer_time': 0, 'waiting_time': 15, 'trip_time': 780, 'num_transfers': 2, 'departure_time': 5955, 'departure_day': 'current_day', 'arrival_time': 6750, 'arrival_day': 'current_day', 'steps': [{'duration': 360, 'departure_time': 5970, 'arrival_time': 6330, 'day': 'current_day', 'from_stop_id': '231-2', 'to_stop_id': '240-2', 'trip_id': '4-0-4', 'agency_name': 'Unknown'}, {'duration': 30, 'departure_time': 6330, 'arrival_time': 6360, 'day': 'current_day', 'from_stop_id': '240-2', 'to_stop_id': '240-5', 'trip_id': 'walking', 'agency_name': 'Unknown'}, {'duration': 360, 'departure_time': 6390, 'arrival_time': 6750, 'day': 'current_day', 'from_stop_id': '240-5', 'to_stop_id': '160-5', 'trip_id': '10-1-4', 'agency_name': 'Unknown'}]}",1290.0
181,133,3720,intra,right,78,[181],[133],0,0,0,0,3720,3780.0,5100.0,5160.0,1320.0,2.0,181,133,4511.0,8231.0,pt,5160.0,1440.0,"{'duration': 1320, 'source_transfer_time': 0, 'waiting_time': 180, 'trip_time': 1140, 'num_transfers': 2, 'departure_time': 3780, 'departure_day': 'current_day', 'arrival_time': 5100, 'arrival_day': 'current_day', 'steps': [{'duration': 360, 'departure_time': 3960, 'arrival_time': 4320, 'day': 'current_day', 'from_stop_id': '181-1', 'to_stop_id': 'B-1', 'trip_id': '3-1-1', 'agency_name': 'Unknown'}, {'duration': 30, 'departure_time': 4320, 'arrival_time': 4350, 'day': 'current_day', 'from_stop_id': 'B-1', 'to_stop_id': 'B-4', 'trip_id': 'walking', 'agency_name': 'Unknown'}, {'duration': 720, 'departure_time': 4380, 'arrival_time': 5100, 'day': 'current_day', 'from_stop_id': 'B-4', 'to_stop_id': '133-4', 'trip_id': '9-1-1', 'agency_name': 'Unknown'}]}",1440.0
163,238,10440,intra,right,79,[141; 151; 161; 181],[238],1000,751,0,0,11191,11251.0,12210.0,12270.0,959.0,2.0,151,238,2631.0,13071.0,pt,12270.0,1830.0,"{'duration': 959, 'source_transfer_time': 0, 'waiting_time': 89, 'trip_time': 870, 'num_transfers': 2, 'departure_time': 11251, 'departure_day': 'current_day', 'arrival_time': 12210, 'arrival_day': 'current_day', 'steps': [{'duration': 540, 'departure_time': 11340, 'arrival_time': 11880, 'day': 'current_day', 'from_stop_id': '151-5', 'to_stop_id': 'B-5', 'trip_id': '10-0-13', 'agency_name': 'Unknown'}, {'duration': 30, 'departure_time': 11880, 'arrival_time': 11910, 'day': 'current_day', 'from_stop_id': 'B-5', 'to_stop_id': 'B-1', 'trip_id': 'walking', 'agency_name': 'Unknown'}, {'duration': 90, 'departure_time': 12120, 'arrival_time': 12210, 'day': 'current_day', 'from_stop_id': 'B-1', 'to_stop_id': '238-1', 'trip_id': '3-1-14', 'agency_name': 'Unknown'}]}",1830.0
179,215,10680,intra,right,80,[179],[216; 226],0,0,500,375,10680,10740.0,12000.0,12060.0,1260.0,2.0,179,216,4135.0,14815.0,pt,12435.0,1755.0,"{'duration': 1260, 'source_transfer_time': 0, 'waiting_time': 0, 'trip_time': 1260, 'num_transfers': 2, 'departure_time': 10740, 'departure_day': 'current_day', 'arrival_time': 12000, 'arrival_day': 'current_day', 'steps': [{'duration': 180, 'departure_time': 10740, 'arrival_time': 10920, 'day': 'current_day', 'from_stop_id': '179-1', 'to_stop_id': 'B-1', 'trip_id': '3-1-12', 'agency_name': 'Unknown'}, {'duration': 30, 'departure_time': 10920, 'arrival_time': 10950, 'day': 'current_day', 'from_stop_id': 'B-1', 'to_stop_id': 'B-5', 'trip_id': 'walking', 'agency_name': 'Unknown'}, {'duration': 720, 'departure_time': 11280, 'arrival_time': 12000, 'day': 'current_day', 'from_stop_id': 'B-5', 'to_stop_id': '216-5', 'trip_id': '10-0-12', 'agency_name': 'Unknown'}]}",1755.0
198,142,5640,intra,right,81,[198],[131; 141],0,0,500,375,5640,5700.0,7200.0,7260.0,1500.0,2.0,198,141,4135.0,9775.0,pt,7635.0,1995.0,"{'duration': 1500, 'source_transfer_time': 0, 'waiting_time': 540, 'trip_time': 960, 'num_transfers': 2, 'departure_time': 5700, 'departure_day': 'current_day', 'arrival_time': 7200, 'arrival_day': 'current_day', 'steps': [{'duration': 90, 'departure_time': 6240, 'arrival_time': 6330, 'day': 'current_day', 'from_stop_id': '198-2', 'to_stop_id': '240-2', 'trip_id': '4-0-4', 'agency_name': 'Unknown'}, {'duration': 30, 'departure_time': 6330, 'arrival_time': 6360, 'day': 'current_day', 'from_stop_id': '240-2', 'to_stop_id': '240-5', 'trip_id': 'walking', 'agency_name': 'Unknown'}, {'duration': 810, 'departure_time': 6390, 'arrival_time': 7200, 'day': 'current_day', 'from_stop_id': '240-5', 'to_stop_id': '141-5', 'trip_id': '10-1-4', 'agency_name': 'Unknown'}]}",1995.0
219,214,5670,intra,right,82,[220],[213; 225],500,375,500,375,6045,6105.0,8010.0,8070.0,1905.0,2.0,220,213,2631.0,8301.0,walking,8445.0,2775.0,"{'duration': 1905, 'source_transfer_time': 0, 'waiting_time': 555, 'trip_time': 1350, 'num_transfers': 2, 'departure_time': 6105, 'departure_day': 'current_day', 'arrival_time': 8010, 'arrival_day': 'current_day', 'steps': [{'duration': 360, 'departure_time': 6660, 'arrival_time': 7020, 'day': 'current_day', 'from_stop_id': '220-2', 'to_stop_id': 'B-2', 'trip_id': '4-0-5', 'agency_name': 'Unknown'}, {'duration': 30, 'departure_time': 7020, 'arrival_time': 7050, 'day': 'current_day', 'from_stop_id': 'B-2', 'to_stop_id': 'B-4', 'trip_id': 'walking', 'agency_name': 'Unknown'}, {'duration': 630, 'departure_time': 7380, 'arrival_time': 8010, 'day': 'current_day', 'from_stop_id': 'B-4', 'to_stop_id': '213-4', 'trip_id': '9-0-6', 'agency_name': 'Unknown'}]}",2631.0
212,166,8400,intra,right,83,[212],[176],0,0,500,375,8400,8460.0,10080.0,10140.0,1620.0,2.0,212,176,4135.0,12535.0,pt,10515.0,2115.0,"{'duration': 1620, 'source_transfer_time': 0, 'waiting_time': 180, 'trip_time': 1440, 'num_transfers': 2, 'departure_time': 8460, 'departure_day': 'current_day', 'arrival_time': 10080, 'arrival_day': 'current_day', 'steps': [{'duration': 450, 'departure_time': 8640, 'arrival_time': 9090, 'day': 'current_day', 'from_stop_id': '212-4', 'to_stop_id': '239-4', 'trip_id': '9-1-9', 'agency_name': 'Unknown'}, {'duration': 30, 'departure_time': 9090, 'arrival_time': 9120, 'day': 'current_day', 'from_stop_id': '239-4', 'to_stop_id': '239-1', 'trip_id': 'walking', 'agency_name': 'Unknown'}, {'duration': 450, 'departure_time': 9630, 'arrival_time': 10080, 'day': 'current_day', 'from_stop_id': '239-1', 'to_stop_id': '176-1', 'trip_id': '3-1-10', 'agency_name': 'Unknown'}]}",2115.0
192,217,9450,intra,right,84,[182],[217],500,375,0,0,9825,9885.0,11910.0,11970.0,2025.0,2.0,182,217,4135.0,13585.0,pt,11970.0,2520.0,"{'duration': 2025, 'source_transfer_time': 0, 'waiting_time': 585, 'trip_time': 1440, 'num_transfers': 2, 'departure_time': 9885, 'departure_day': 'current_day', 'arrival_time': 11910, 'arrival_day': 'current_day', 'steps': [{'duration': 450, 'departure_time': 10470, 'arrival_time': 10920, 'day': 'current_day', 'from_stop_id': '182-1', 'to_stop_id': 'B-1', 'trip_id': '3-1-12', 'agency_name': 'Unknown'}, {'duration': 30, 'departure_time': 10920, 'arrival_time': 10950, 'day': 'current_day', 'from_stop_id': 'B-1', 'to_stop_id': 'B-5', 'trip_id': 'walking', 'agency_name': 'Unknown'}, {'duration': 630, 'departure_time': 11280, 'arrival_time': 11910, 'day': 'current_day', 'from_stop_id': 'B-5', 'to_stop_id': '217-5', 'trip_id': '10-0-12', 'agency_name': 'Unknown'}]}",2520.0
208,25,7050,inter,right,85,[197; 207; 209],[24; 36],500,375,500,375,7425,7485.0,11340.0,11400.0,3855.0,4.0,197,36,,,pt,11775.0,4725.0,"{'duration': 3855, 'source_transfer_time': 0, 'waiting_time': 525, 'trip_time': 3330, 'num_transfers': 4, 'departure_time': 7485, 'departure_day': 'current_day', 'arrival_time': 11340, 'arrival_day': 'current_day', 'steps': [{'duration': 270, 'departure_time': 8010, 'arrival_time': 8280, 'day': 'current_day', 'from_stop_id': '197-5', 'to_stop_id': 'B-5', 'trip_id': '10-1-7', 'agency_name': 'Unknown'}, {'duration': 30, 'departure_time': 8280, 'arrival_time': 8310, 'day': 'current_day', 'from_stop_id': 'B-5', 'to_stop_id': 'B-0', 'trip_id': 'walking', 'agency_name': 'Unknown'}, {'duration': 1800, 'departure_time': 9000, 'arrival_time': 10800, 'day': 'current_day', 'from_stop_id': 'B-0', 'to_stop_id': 'A-0', 'trip_id': 'IE-6-1', 'agency_name': 'Unknown'}, {'duration': 30, 'departure_time': 10800, 'arrival_time': 10830, 'day': 'current_day', 'from_stop_id': 'A-0', 'to_stop_id': 'A-4', 'trip_id': 'walking', 'agency_name': 'Unknown'}, {'duration': 360, 'departure_time': 10980, 'arrival_time': 11340, 'day': 'current_day', 'from_stop_id': 'A-4', 'to_stop_id': '36-4', 'trip_id': '7-1-12', 'agency_name': 'Unknown'}]}",4725.0
147,78,8100,inter,right,86,[148],[67; 77; 79],500,375,500,375,8475,8535.0,11160.0,11220.0,2625.0,4.0,148,67,,,pt,11595.0,3495.0,"{'duration': 2625, 'source_transfer_time': 0, 'waiting_time': 15, 'trip_time': 2610, 'num_transfers': 4, 'departure_time': 8535, 'departure_day': 'current_day', 'arrival_time': 11160, 'arrival_day': 'current_day', 'steps': [{'duration': 270, 'departure_time': 8550, 'arrival_time': 8820, 'day': 'current_day', 'from_stop_id': '148-2', 'to_stop_id': 'B-2', 'trip_id': '4-1-8', 'agency_name': 'Unknown'}, {'duration': 30, 'departure_time': 8820, 'arrival_time': 8850, 'day': 'current_day', 'from_stop_id': 'B-2', 'to_stop_id': 'B-0', 'trip_id': 'walking', 'agency_name': 'Unknown'}, {'duration': 1800, 'departure_time': 9000, 'arrival_time': 10800, 'day': 'current_day', 'from_stop_id': 'B-0', 'to_stop_id': 'A-0', 'trip_id': 'IE-6-1', 'agency_name': 'Unknown'}, {'duration': 30, 'departure_time': 10800, 'arrival_time': 10830, 'day': 'current_day', 'from_stop_id': 'A-0', 'to_stop_id': 'A-4', 'trip_id': 'walking', 'agency_name': 'Unknown'}, {'duration': 180, 'departure_time': 10980, 'arrival_time': 11160, 'day': 'current_day', 'from_stop_id': 'A-4', 'to_stop_id': '67-4', 'trip_id': '7-0-12', 'agency_name': 'Unknown'}]}",3495.0
197,11,12180,inter,right,87,[197],[11],0,0,0,0,12180,12240.0,16590.0,16650.0,4350.0,4.0,197,11,,,pt,16650.0,4470.0,"{'duration': 4350, 'source_transfer_time': 0, 'waiting_time': 570, 'trip_time': 3780, 'num_transfers': 4, 'departure_time': 12240, 'departure_day': 'current_day', 'arrival_time': 16590, 'arrival_day': 'current_day', 'steps': [{'duration': 270, 'departure_time': 12810, 'arrival_time': 13080, 'day': 'current_day', 'from_stop_id': '197-5', 'to_stop_id': 'B-5', 'trip_id': '10-1-15', 'agency_name': 'Unknown'}, {'duration': 30, 'departure_time': 13080, 'arrival_time': 13110, 'day': 'current_day', 'from_stop_id': 'B-5', 'to_stop_id': 'B-0', 'trip_id': 'walking', 'agency_name': 'Unknown'}, {'duration': 1800, 'departure_time': 13500, 'arrival_time': 15300, 'day': 'current_day', 'from_stop_id': 'B-0', 'to_stop_id': 'A-0', 'trip_id': 'IE-9-1', 'agency_name': 'Unknown'}, {'duration': 30, 'departure_time': 15300, 'arrival_time': 15330, 'day': 'current_day', 'from_stop_id': 'A-0', 'to_stop_id': 'A-4', 'trip_id': 'walking', 'agency_name': 'Unknown'}, {'duration': 810, 'departure_time': 15780, 'arrival_time': 16590, 'day': 'current_day', 'from_stop_id': 'A-4', 'to_stop_id': '11-4', 'trip_id': '7-1-20', 'agency_name': 'Unknown'}]}",4470.0
218,79,10950,inter,right,88,[207; 217],[79],500,375,0,0,11325,11385.0,14340.0,14400.0,2955.0,4.0,207,79,,,pt,14400.0,3450.0,"{'duration': 2955, 'source_transfer_time': 0, 'waiting_time': 45, 'trip_time': 2910, 'num_transfers': 4, 'departure_time': 11385, 'departure_day': 'current_day', 'arrival_time': 14340, 'arrival_day': 'current_day', 'steps': [{'duration': 450, 'departure_time': 11430, 'arrival_time': 11880, 'day': 'current_day', 'from_stop_id': '207-5', 'to_stop_id': 'B-5', 'trip_id': '10-1-13', 'agency_name': 'Unknown'}, {'duration': 30, 'departure_time': 11880, 'arrival_time': 11910, 'day': 'current_day', 'from_stop_id': 'B-5', 'to_stop_id': 'B-0', 'trip_id': 'walking', 'agency_name': 'Unknown'}, {'duration': 1800, 'departure_time': 12000, 'arrival_time': 13800, 'day': 'current_day', 'from_stop_id': 'B-0', 'to_stop_id': 'A-0', 'trip_id': 'IE-8-1', 'agency_name': 'Unknown'}, {'duration': 30, 'departure_time': 13800, 'arrival_time': 13830, 'day': 'current_day', 'from_stop_id': 'A-0', 'to_stop_id': 'A-4', 'trip_id': 'walking', 'agency_name': 'Unknown'}, {'duration': 360, 'departure_time': 13980, 'arrival_time': 14340, 'day': 'current_day', 'from_stop_id': 'A-4', 'to_stop_id': '79-4', 'trip_id': '7-0-17', 'agency_name': 'Unknown'}]}",3450.0
124,70,12660,inter,right,89,[126],[60],1000,751,500,375,13411,13471.0,17280.0,17340.0,3809.0,4.0,126,60,,,pt,17715.0,5055.0,"{'duration': 3809, 'source_transfer_time': 0, 'waiting_time': 299, 'trip_time': 3510, 'num_transfers': 4, 'departure_time': 13471, 'departure_day': 'current_day', 'arrival_time': 17280, 'arrival_day': 'current_day', 'steps': [{'duration': 450, 'departure_time': 13770, 'arrival_time': 14220, 'day': 'current_day', 'from_stop_id': '126-2', 'to_stop_id': 'B-2', 'trip_id': '4-1-17', 'agency_name': 'Unknown'}, {'duration': 30, 'departure_time': 14220, 'arrival_time': 14250, 'day': 'current_day', 'from_stop_id': 'B-2', 'to_stop_id': 'B-0', 'trip_id': 'walking', 'agency_name': 'Unknown'}, {'duration': 1800, 'departure_time': 15000, 'arrival_time': 16800, 'day': 'current_day', 'from_stop_id': 'B-0', 'to_stop_id': 'A-0', 'trip_id': 'IE-10-1', 'agency_name': 'Unknown'}, {'duration': 30, 'departure_time': 16800, 'arrival_time': 16830, 'day': 'current_day', 'from_stop_id': 'A-0', 'to_stop_id': 'A-1', 'trip_id': 'walking', 'agency_name': 'Unknown'}, {'duration': 360, 'departure_time': 16920, 'arrival_time': 17280, 'day': 'current_day', 'from_stop_id': 'A-1', 'to_stop_id': '60-1', 'trip_id': '1-0-22', 'agency_name': 'Unknown'}]}",5055.0
135,75,3750,inter,right,90,[133; 137; 145; 157],[75],1000,751,0,0,4501,4561.0,8640.0,8700.0,4079.0,4.0,133,75,,,pt,8700.0,4950.0,"{'duration': 4079, 'source_transfer_time': 0, 'waiting_time': 299, 'trip_time': 3780, 'num_transfers': 4, 'departure_time': 4561, 'departure_day': 'current_day', 'arrival_time': 8640, 'arrival_day': 'current_day', 'steps': [{'duration': 720, 'departure_time': 4860, 'arrival_time': 5580, 'day': 'current_day', 'from_stop_id': '133-4', 'to_stop_id': 'B-4', 'trip_id': '9-0-3', 'agency_name': 'Unknown'}, {'duration': 30, 'departure_time': 5580, 'arrival_time': 5610, 'day': 'current_day', 'from_stop_id': 'B-4', 'to_stop_id': 'B-0', 'trip_id': 'walking', 'agency_name': 'Unknown'}, {'duration': 1800, 'departure_time': 6000, 'arrival_time': 7800, 'day': 'current_day', 'from_stop_id': 'B-0', 'to_stop_id': 'A-0', 'trip_id': 'IE-4-1', 'agency_name': 'Unknown'}, {'duration': 30, 'departure_time': 7800, 'arrival_time': 7830, 'day': 'current_day', 'from_stop_id': 'A-0', 'to_stop_id': 'A-5', 'trip_id': 'walking', 'agency_name': 'Unknown'}, {'duration': 360, 'departure_time': 8280, 'arrival_time': 8640, 'day': 'current_day', 'from_stop_id': 'A-5', 'to_stop_id': '75-5', 'trip_id': '8-0-7', 'agency_name': 'Unknown'}]}",4950.0
207,79,9840,inter,right,91,[207],[79],0,0,0,0,9840,9900.0,14340.0,14400.0,4440.0,4.0,207,79,,,pt,14400.0,4560.0,"{'duration': 4440, 'source_transfer_time': 0, 'waiting_time': 330, 'trip_time': 4110, 'num_transfers': 4, 'departure_time': 9900, 'departure_day': 'current_day', 'arrival_time': 14340, 'arrival_day': 'current_day', 'steps': [{'duration': 450, 'departure_time': 10230, 'arrival_time': 10680, 'day': 'current_day', 'from_stop_id': '207-5', 'to_stop_id': 'B-5', 'trip_id': '10-1-11', 'agency_name': 'Unknown'}, {'duration': 30, 'departure_time': 10680, 'arrival_time': 10710, 'day': 'current_day', 'from_stop_id': 'B-5', 'to_stop_id': 'B-0', 'trip_id': 'walking', 'agency_name': 'Unknown'}, {'duration': 1800, 'departure_time': 12000, 'arrival_time': 13800, 'day': 'current_day', 'from_stop_id': 'B-0', 'to_stop_id': 'A-0', 'trip_id': 'IE-8-1', 'agency_name': 'Unknown'}, {'duration': 30, 'departure_time': 13800, 'arrival_time': 13830, 'day': 'current_day', 'from_stop_id': 'A-0', 'to_stop_id': 'A-4', 'trip_id': 'walking', 'agency_name': 'Unknown'}, {'duration': 360, 'departure_time': 13980, 'arrival_time': 14340, 'day': 'current_day', 'from_stop_id': 'A-4', 'to_stop_id': '79-4', 'trip_id': '7-0-17', 'agency_name': 'Unknown'}]}",4560.0
181,34,4740,inter,right,92,[181],[23; 35],0,0,500,375,4740,4800.0,8430.0,8490.0,3630.0,4.0,181,35,,,pt,8865.0,4125.0,"{'duration': 3630, 'source_transfer_time': 0, 'waiting_time': 360, 'trip_time': 3270, 'num_transfers': 4, 'departure_time': 4800, 'departure_day': 'current_day', 'arrival_time': 8430, 'arrival_day': 'current_day', 'steps': [{'duration': 360, 'departure_time': 5160, 'arrival_time': 5520, 'day': 'current_day', 'from_stop_id': '181-1', 'to_stop_id': 'B-1', 'trip_id': '3-1-3', 'agency_name': 'Unknown'}, {'duration': 30, 'departure_time': 5520, 'arrival_time': 5550, 'day': 'current_day', 'from_stop_id': 'B-1', 'to_stop_id': 'B-0', 'trip_id': 'walking', 'agency_name': 'Unknown'}, {'duration': 1800, 'departure_time': 6000, 'arrival_time': 7800, 'day': 'current_day', 'from_stop_id': 'B-0', 'to_stop_id': 'A-0', 'trip_id': 'IE-4-1', 'agency_name': 'Unknown'}, {'duration': 30, 'departure_time': 7800, 'arrival_time': 7830, 'day': 'current_day', 'from_stop_id': 'A-0', 'to_stop_id': 'A-4', 'trip_id': 'walking', 'agency_name': 'Unknown'}, {'duration': 450, 'departure_time': 7980, 'arrival_time': 8430, 'day': 'current_day', 'from_stop_id': 'A-4', 'to_stop_id': '35-4', 'trip_id': '7-1-7', 'agency_name': 'Unknown'}]}",4125.0
171,59,11820,inter,right,93,[161; 170; 179],[59],500,375,0,0,12195,12255.0,15990.0,16050.0,3735.0,4.0,161,59,,,pt,16050.0,4230.0,"{'duration': 3735, 'source_transfer_time': 0, 'waiting_time': 465, 'trip_time': 3270, 'num_transfers': 4, 'departure_time': 12255, 'departure_day': 'current_day', 'arrival_time': 15990, 'arrival_day': 'current_day', 'steps': [{'duration': 360, 'departure_time': 12720, 'arrival_time': 13080, 'day': 'current_day', 'from_stop_id': '161-5', 'to_stop_id': 'B-5', 'trip_id': '10-0-15', 'agency_name': 'Unknown'}, {'duration': 30, 'departure_time': 13080, 'arrival_time': 13110, 'day': 'current_day', 'from_stop_id': 'B-5', 'to_stop_id': 'B-0', 'trip_id': 'walking', 'agency_name': 'Unknown'}, {'duration': 1800, 'departure_time': 13500, 'arrival_time': 15300, 'day': 'current_day', 'from_stop_id': 'B-0', 'to_stop_id': 'A-0', 'trip_id': 'IE-9-1', 'agency_name': 'Unknown'}, {'duration': 30, 'departure_time': 15300, 'arrival_time': 15330, 'day': 'current_day', 'from_stop_id': 'A-0', 'to_stop_id': 'A-1', 'trip_id': 'walking', 'agency_name': 'Unknown'}, {'duration': 270, 'departure_time': 15720, 'arrival_time': 15990, 'day': 'current_day', 'from_stop_id': 'A-1', 'to_stop_id': '59-1', 'trip_id': '1-0-20', 'agency_name': 'Unknown'}]}",4230.0
150,63,11910,inter,right,94,[150],[55],0,0,500,375,11910,11970.0,16080.0,16140.0,4110.0,4.0,150,55,,,pt,16515.0,4605.0,"{'duration': 4110, 'source_transfer_time': 0, 'waiting_time': 60, 'trip_time': 4050, 'num_transfers': 4, 'departure_time': 11970, 'departure_day': 'current_day', 'arrival_time': 16080, 'arrival_day': 'current_day', 'steps': [{'duration': 450, 'departure_time': 12030, 'arrival_time': 12480, 'day': 'current_day', 'from_stop_id': '150-5', 'to_stop_id': 'B-5', 'trip_id': '10-0-14', 'agency_name': 'Unknown'}, {'duration': 30, 'departure_time': 12480, 'arrival_time': 12510, 'day': 'current_day', 'from_stop_id': 'B-5', 'to_stop_id': 'B-0', 'trip_id': 'walking', 'agency_name': 'Unknown'}, {'duration': 1800, 'departure_time': 13500, 'arrival_time': 15300, 'day': 'current_day', 'from_stop_id': 'B-0', 'to_stop_id': 'A-0', 'trip_id': 'IE-9-1', 'agency_name': 'Unknown'}, {'duration': 30, 'departure_time': 15300, 'arrival_time': 15330, 'day': 'current_day', 'from_stop_id': 'A-0', 'to_stop_id': 'A-1', 'trip_id': 'walking', 'agency_name': 'Unknown'}, {'duration': 360, 'departure_time': 15720, 'arrival_time': 16080, 'day': 'current_day', 'from_stop_id': 'A-1', 'to_stop_id': '55-1', 'trip_id': '1-1-20', 'agency_name': 'Unknown'}]}",4605.0
147,12,11970,inter,right,95,[148],[12],500,375,0,0,12345,12405.0,16500.0,16560.0,4095.0,4.0,148,12,,,pt,16560.0,4590.0,"{'duration': 4095, 'source_transfer_time': 0, 'waiting_time': 345, 'trip_time': 3750, 'num_transfers': 4, 'departure_time': 12405, 'departure_day': 'current_day', 'arrival_time': 16500, 'arrival_day': 'current_day', 'steps': [{'duration': 270, 'departure_time': 12750, 'arrival_time': 13020, 'day': 'current_day', 'from_stop_id': '148-2', 'to_stop_id': 'B-2', 'trip_id': '4-1-15', 'agency_name': 'Unknown'}, {'duration': 30, 'departure_time': 13020, 'arrival_time': 13050, 'day': 'current_day', 'from_stop_id': 'B-2', 'to_stop_id': 'B-0', 'trip_id': 'walking', 'agency_name': 'Unknown'}, {'duration': 1800, 'departure_time': 13500, 'arrival_time': 15300, 'day': 'current_day', 'from_stop_id': 'B-0', 'to_stop_id': 'A-0', 'trip_id': 'IE-9-1', 'agency_name': 'Unknown'}, {'duration': 30, 'departure_time': 15300, 'arrival_time': 15330, 'day': 'current_day', 'from_stop_id': 'A-0', 'to_stop_id': 'A-4', 'trip_id': 'walking', 'agency_name': 'Unknown'}, {'duration': 720, 'departure_time': 15780, 'arrival_time': 16500, 'day': 'current_day', 'from_stop_id': 'A-4', 'to_stop_id': '12-4', 'trip_id': '7-1-20', 'agency_name': 'Unknown'}]}",4590.0
138,30,12360,inter,right,96,[137],[30],500,375,0,0,12735,12795.0,17820.0,17880.0,5025.0,4.0,137,30,,,pt,17880.0,5520.0,"{'duration': 5025, 'source_transfer_time': 0, 'waiting_time': 465, 'trip_time': 4560, 'num_transfers': 4, 'departure_time': 12795, 'departure_day': 'current_day', 'arrival_time': 17820, 'arrival_day': 'current_day', 'steps': [{'duration': 360, 'departure_time': 13260, 'arrival_time': 13620, 'day': 'current_day', 'from_stop_id': '137-2', 'to_stop_id': 'B-2', 'trip_id': '4-1-16', 'agency_name': 'Unknown'}, {'duration': 30, 'departure_time': 13620, 'arrival_time': 13650, 'day': 'current_day', 'from_stop_id': 'B-2', 'to_stop_id': 'B-0', 'trip_id': 'walking', 'agency_name': 'Unknown'}, {'duration': 1800, 'departure_time': 15000, 'arrival_time': 16800, 'day': 'current_day', 'from_stop_id': 'B-0', 'to_stop_id': 'A-0', 'trip_id': 'IE-10-1', 'agency_name': 'Unknown'}, {'duration': 30, 'departure_time': 16800, 'arrival_time': 16830, 'day': 'current_day', 'from_stop_id': 'A-0', 'to_stop_id': 'A-5', 'trip_id': 'walking', 'agency_name': 'Unknown'}, {'duration': 540, 'departure_time': 17280, 'arrival_time': 17820, 'day': 'current_day', 'from_stop_id': 'A-5', 'to_stop_id': '30-5', 'trip_id': '8-1-22', 'agency_name': 'Unknown'}]}",5520.0
128,74,12030,inter,right,97,[126; 130; 140; 150],[75; 85],1000,751,500,375,12781,12841.0,17640.0,17700.0,4799.0,4.0,126,75,,,pt,18075.0,6045.0,"{'duration': 4799, 'source_transfer_time': 0, 'waiting_time': 329, 'trip_time': 4470, 'num_transfers': 4, 'departure_time': 12841, 'departure_day': 'current_day', 'arrival_time': 17640, 'arrival_day': 'current_day', 'steps': [{'duration': 450, 'departure_time': 13170, 'arrival_time': 13620, 'day': 'current_day', 'from_stop_id': '126-2', 'to_stop_id': 'B-2', 'trip_id': '4-1-16', 'agency_name': 'Unknown'}, {'duration': 30, 'departure_time': 13620, 'arrival_time': 13650, 'day': 'current_day', 'from_stop_id': 'B-2', 'to_stop_id': 'B-0', 'trip_id': 'walking', 'agency_name': 'Unknown'}, {'duration': 1800, 'departure_time': 15000, 'arrival_time': 16800, 'day': 'current_day', 'from_stop_id': 'B-0', 'to_stop_id': 'A-0', 'trip_id': 'IE-10-1', 'agency_name': 'Unknown'}, {'duration': 30, 'departure_time': 16800, 'arrival_time': 16830, 'day': 'current_day', 'from_stop_id': 'A-0', 'to_stop_id': 'A-5', 'trip_id': 'walking', 'agency_name': 'Unknown'}, {'duration': 360, 'departure_time': 17280, 'arrival_time': 17640, 'day': 'current_day', 'from_stop_id': 'A-5', 'to_stop_id': '75-5', 'trip_id': '8-0-22', 'agency_name': 'Unknown'}]}",6045.0
220,113,8970,inter,right,98,[220],[91; 103; 115],0,0,1000,751,8970,9030.0,13320.0,13380.0,4290.0,4.0,220,91,,,pt,14131.0,5161.0,"{'duration': 4290, 'source_transfer_time': 0, 'waiting_time': 30, 'trip_time': 4260, 'num_transfers': 4, 'departure_time': 9030, 'departure_day': 'current_day', 'arrival_time': 13320, 'arrival_day': 'current_day', 'steps': [{'duration': 360, 'departure_time': 9060, 'arrival_time': 9420, 'day': 'current_day', 'from_stop_id': '220-2', 'to_stop_id': 'B-2', 'trip_id': '4-0-9', 'agency_name': 'Unknown'}, {'duration': 30, 'departure_time': 9420, 'arrival_time': 9450, 'day': 'current_day', 'from_stop_id': 'B-2', 'to_stop_id': 'B-0', 'trip_id': 'walking', 'agency_name': 'Unknown'}, {'duration': 1800, 'departure_time': 10500, 'arrival_time': 12300, 'day': 'current_day', 'from_stop_id': 'B-0', 'to_stop_id': 'A-0', 'trip_id': 'IE-7-1', 'agency_name': 'Unknown'}, {'duration': 30, 'departure_time': 12300, 'arrival_time': 12330, 'day': 'current_day', 'from_stop_id': 'A-0', 'to_stop_id': 'A-4', 'trip_id': 'walking', 'agency_name': 'Unknown'}, {'duration': 540, 'departure_time': 12780, 'arrival_time': 13320, 'day': 'current_day', 'from_stop_id': 'A-4', 'to_stop_id': '91-4', 'trip_id': '7-0-15', 'agency_name': 'Unknown'}]}",5161.0
205,110,12870,inter,right,99,[206; 216],[110],500,375,0,0,13245,13305.0,17670.0,17730.0,4365.0,4.0,206,110,,,pt,17730.0,4860.0,"{'duration': 4365, 'source_transfer_time': 0, 'waiting_time': 435, 'trip_time': 3930, 'num_transfers': 4, 'departure_time': 13305, 'departure_day': 'current_day', 'arrival_time': 17670, 'arrival_day': 'current_day', 'steps': [{'duration': 540, 'departure_time': 13740, 'arrival_time': 14280, 'day': 'current_day', 'from_stop_id': '206-5', 'to_stop_id': 'B-5', 'trip_id': '10-1-17', 'agency_name': 'Unknown'}, {'duration': 30, 'departure_time': 14280, 'arrival_time': 14310, 'day': 'current_day', 'from_stop_id': 'B-5', 'to_stop_id': 'B-0', 'trip_id': 'walking', 'agency_name': 'Unknown'}, {'duration': 1800, 'departure_time': 15000, 'arrival_time': 16800, 'day': 'current_day', 'from_stop_id': 'B-0', 'to_stop_id': 'A-0', 'trip_id': 'IE-10-1', 'agency_name': 'Unknown'}, {'duration': 30, 'departure_time': 16800, 'arrival_time': 16830, 'day': 'current_day', 'from_stop_id': 'A-0', 'to_stop_id': 'A-2', 'trip_id': 'walking', 'agency_name': 'Unknown'}, {'duration': 450, 'departure_time': 17220, 'arrival_time': 17670, 'day': 'current_day', 'from_stop_id': 'A-2', 'to_stop_id': '110-2', 'trip_id': '2-1-22', 'agency_name': 'Unknown'}]}",4860.0
