avg_journey_time,avg_pt_service_rate,pt_network_name,train_headway,bus_headway,demand_size,demand_split_ratio,random_seed
4813.31,1.0,basic,10,10,100,0,3
4613.07,1.0,basic,10,10,100,0,6
4682.95,1.0,basic,10,10,100,0,9
4383.16,0.96,basic,10,10,100,20,3
4223.76,0.96,basic,10,10,100,20,6
4310.55,0.96,basic,10,10,100,20,9
3930.5,0.89,basic,10,10,100,40,3
3838.78,0.94,basic,10,10,100,40,6
3854.3,0.95,basic,10,10,100,40,9
3532.93,0.83,basic,10,10,100,60,3
3441.81,0.91,basic,10,10,100,60,6
3417.22,0.89,basic,10,10,100,60,9
3187.7,0.8,basic,10,10,100,80,3
3083.49,0.86,basic,10,10,100,80,6
3016.23,0.87,basic,10,10,100,80,9
4741.58,1.0,basic,10,10,200,0,3
4666.025,1.0,basic,10,10,200,0,6
4789.11,1.0,basic,10,10,200,0,9
4312.68,0.96,basic,10,10,200,20,3
4243.835,0.975,basic,10,10,200,20,6
4387.28,0.97,basic,10,10,200,20,9
3903.345,0.91,basic,10,10,200,40,3
3862.71,0.92,basic,10,10,200,40,6
3960.345,0.94,basic,10,10,200,40,9
3508.025,0.87,basic,10,10,200,60,3
3446.11,0.885,basic,10,10,200,60,6
3543.625,0.875,basic,10,10,200,60,9
3098.54,0.825,basic,10,10,200,80,3
3057.19,0.86,basic,10,10,200,80,6
3074.13,0.825,basic,10,10,200,80,9
4676.946666666667,1.0,basic,10,10,300,0,3
4670.01,1.0,basic,10,10,300,0,6
4781.53,1.0,basic,10,10,300,0,9
4253.51,0.9566666666666667,basic,10,10,300,20,3
4259.32,0.9733333333333334,basic,10,10,300,20,6
4346.6866666666665,0.9533333333333334,basic,10,10,300,20,9
3855.55,0.9033333333333333,basic,10,10,300,40,3
3878.29,0.92,basic,10,10,300,40,6
3901.13,0.92,basic,10,10,300,40,9
3467.786666666667,0.8566666666666667,basic,10,10,300,60,3
3514.0833333333335,0.8966666666666666,basic,10,10,300,60,6
3456.4,0.8833333333333333,basic,10,10,300,60,9
3078.1666666666665,0.8133333333333334,basic,10,10,300,80,3
3129.6233333333334,0.8666666666666667,basic,10,10,300,80,6
3082.0066666666667,0.8533333333333334,basic,10,10,300,80,9
4642.04,1.0,basic,10,10,400,0,3
4664.315,1.0,basic,10,10,400,0,6
4763.6075,1.0,basic,10,10,400,0,9
4222.09,0.945,basic,10,10,400,20,3
4281.6225,0.965,basic,10,10,400,20,6
4317.1825,0.965,basic,10,10,400,20,9
3838.715,0.895,basic,10,10,400,40,3
3876.3925,0.9275,basic,10,10,400,40,6
3918.07,0.92,basic,10,10,400,40,9
3459.275,0.85,basic,10,10,400,60,3
3485.825,0.895,basic,10,10,400,60,6
3534.36,0.91,basic,10,10,400,60,9
3091.2525,0.825,basic,10,10,400,80,3
3079.93,0.855,basic,10,10,400,80,6
3141.535,0.85,basic,10,10,400,80,9
4632.82,1.0,basic,10,10,500,0,3
4665.336,1.0,basic,10,10,500,0,6
4751.826,1.0,basic,10,10,500,0,9
4231.338,0.954,basic,10,10,500,20,3
4262.662,0.95,basic,10,10,500,20,6
4351.752,0.96,basic,10,10,500,20,9
3875.014,0.902,basic,10,10,500,40,3
3878.558,0.926,basic,10,10,500,40,6
3961.046,0.94,basic,10,10,500,40,9
3521.09,0.876,basic,10,10,500,60,3
3466.926,0.884,basic,10,10,500,60,6
3542.046,0.888,basic,10,10,500,60,9
3120.12,0.822,basic,10,10,500,80,3
3104.346,0.842,basic,10,10,500,80,6
3118.01,0.846,basic,10,10,500,80,9
4650.536666666667,1.0,basic,10,10,600,0,3
4675.661666666667,1.0,basic,10,10,600,0,6
4751.153333333334,1.0,basic,10,10,600,0,9
4264.845,0.945,basic,10,10,600,20,3
4265.115,0.9533333333333334,basic,10,10,600,20,6
4337.638333333333,0.9766666666666667,basic,10,10,600,20,9
3907.0383333333334,0.9083333333333333,basic,10,10,600,40,3
3866.8616666666667,0.9183333333333333,basic,10,10,600,40,6
3930.8416666666667,0.9383333333333334,basic,10,10,600,40,9
3500.465,0.865,basic,10,10,600,60,3
3478.025,0.8716666666666667,basic,10,10,600,60,6
3502.33,0.885,basic,10,10,600,60,9
3110.471666666667,0.8133333333333334,basic,10,10,600,80,3
3091.39,0.84,basic,10,10,600,80,6
3089.445,0.8483333333333334,basic,10,10,600,80,9
4659.278571428571,1.0,basic,10,10,700,0,3
4664.4685714285715,1.0,basic,10,10,700,0,6
4735.35,1.0,basic,10,10,700,0,9
4286.627142857143,0.9585714285714285,basic,10,10,700,20,3
4276.122857142857,0.9557142857142857,basic,10,10,700,20,6
4331.17,0.9614285714285714,basic,10,10,700,20,9
3905.2057142857143,0.9114285714285715,basic,10,10,700,40,3
3877.0385714285712,0.9157142857142857,basic,10,10,700,40,6
3921.4871428571428,0.92,basic,10,10,700,40,9
3512.9585714285713,0.8557142857142858,basic,10,10,700,60,3
3497.2028571428573,0.8828571428571429,basic,10,10,700,60,6
3492.3542857142857,0.8842857142857142,basic,10,10,700,60,9
3119.1228571428574,0.8157142857142857,basic,10,10,700,80,3
3126.5485714285714,0.84,basic,10,10,700,80,6
3102.7028571428573,0.8471428571428572,basic,10,10,700,80,9
4675.925,1.0,basic,10,10,800,0,3
4683.1475,1.0,basic,10,10,800,0,6
4725.11875,1.0,basic,10,10,800,0,9
4284.33375,0.9525,basic,10,10,800,20,3
4294.295,0.95,basic,10,10,800,20,6
4314.605,0.96625,basic,10,10,800,20,9
3890.66875,0.9025,basic,10,10,800,40,3
3888.12,0.91875,basic,10,10,800,40,6
3898.61875,0.92375,basic,10,10,800,40,9
3484.82875,0.855,basic,10,10,800,60,3
3517.60375,0.88125,basic,10,10,800,60,6
3467.57,0.885,basic,10,10,800,60,9
3119.92875,0.805,basic,10,10,800,80,3
3131.73625,0.845,basic,10,10,800,80,6
3078.09,0.84375,basic,10,10,800,80,9
4669.127777777778,1.0,basic,10,10,900,0,3
4682.947777777777,1.0,basic,10,10,900,0,6
4719.266666666666,1.0,basic,10,10,900,0,9
4275.352222222222,0.9466666666666667,basic,10,10,900,20,3
4292.4077777777775,0.9566666666666667,basic,10,10,900,20,6
4295.204444444445,0.9611111111111111,basic,10,10,900,20,9
3894.9411111111112,0.9077777777777778,basic,10,10,900,40,3
3913.1722222222224,0.9266666666666666,basic,10,10,900,40,6
3884.4566666666665,0.9255555555555556,basic,10,10,900,40,9
3508.9166666666665,0.8566666666666667,basic,10,10,900,60,3
3521.826666666667,0.89,basic,10,10,900,60,6
3475.882222222222,0.8777777777777778,basic,10,10,900,60,9
3128.8233333333333,0.8088888888888889,basic,10,10,900,80,3
3119.983333333333,0.8566666666666667,basic,10,10,900,80,6
3079.4555555555557,0.8455555555555555,basic,10,10,900,80,9
4677.529,1.0,basic,10,10,1000,0,3
4690.87,1.0,basic,10,10,1000,0,6
4702.842,1.0,basic,10,10,1000,0,9
4285.408,0.943,basic,10,10,1000,20,3
4297.052,0.965,basic,10,10,1000,20,6
4293.867,0.967,basic,10,10,1000,20,9
3872.554,0.906,basic,10,10,1000,40,3
3915.645,0.93,basic,10,10,1000,40,6
3869.373,0.925,basic,10,10,1000,40,9
3502.075,0.857,basic,10,10,1000,60,3
3520.39,0.896,basic,10,10,1000,60,6
3463.295,0.889,basic,10,10,1000,60,9
3122.374,0.81,basic,10,10,1000,80,3
3118.237,0.848,basic,10,10,1000,80,6
3071.158,0.845,basic,10,10,1000,80,9
5113.31,1.0,basic,20,10,100,0,3
4913.07,1.0,basic,20,10,100,0,6
4964.95,1.0,basic,20,10,100,0,9
4635.16,0.96,basic,20,10,100,20,3
4469.76,0.96,basic,20,10,100,20,6
4514.55,0.96,basic,20,10,100,20,9
4122.5,0.89,basic,20,10,100,40,3
4024.78,0.94,basic,20,10,100,40,6
4004.3,0.95,basic,20,10,100,40,9
3640.93,0.83,basic,20,10,100,60,3
3567.81,0.91,basic,20,10,100,60,6
3507.22,0.89,basic,20,10,100,60,9
3265.7,0.8,basic,20,10,100,80,3
3167.49,0.86,basic,20,10,100,80,6
3070.23,0.87,basic,20,10,100,80,9
5053.58,1.0,basic,20,10,200,0,3
4963.025,1.0,basic,20,10,200,0,6
5068.11,1.0,basic,20,10,200,0,9
4570.68,0.96,basic,20,10,200,20,3
4471.835,0.975,basic,20,10,200,20,6
4615.28,0.97,basic,20,10,200,20,9
4104.345,0.91,basic,20,10,200,40,3
4045.71,0.92,basic,20,10,200,40,6
4125.345,0.94,basic,20,10,200,40,9
3631.025,0.87,basic,20,10,200,60,3
3563.11,0.885,basic,20,10,200,60,6
3642.625,0.875,basic,20,10,200,60,9
3155.54,0.825,basic,20,10,200,80,3
3117.19,0.86,basic,20,10,200,80,6
3119.13,0.825,basic,20,10,200,80,9
4990.946666666667,1.0,basic,20,10,300,0,3
4988.01,1.0,basic,20,10,300,0,6
5059.53,1.0,basic,20,10,300,0,9
4509.51,0.9566666666666667,basic,20,10,300,20,3
4527.32,0.9733333333333334,basic,20,10,300,20,6
4570.6866666666665,0.9533333333333334,basic,20,10,300,20,9
4031.55,0.9033333333333333,basic,20,10,300,40,3
4072.29,0.92,basic,20,10,300,40,6
4061.13,0.92,basic,20,10,300,40,9
3589.786666666667,0.8566666666666667,basic,20,10,300,60,3
3634.0833333333335,0.8966666666666666,basic,20,10,300,60,6
3566.4,0.8833333333333333,basic,20,10,300,60,9
3140.1666666666665,0.8133333333333334,basic,20,10,300,80,3
3185.6233333333334,0.8666666666666667,basic,20,10,300,80,6
3134.0066666666667,0.8533333333333334,basic,20,10,300,80,9
4943.54,1.0,basic,20,10,400,0,3
4976.315,1.0,basic,20,10,400,0,6
5039.6075,1.0,basic,20,10,400,0,9
4463.59,0.945,basic,20,10,400,20,3
4524.6225,0.965,basic,20,10,400,20,6
4546.6825,0.965,basic,20,10,400,20,9
4021.715,0.895,basic,20,10,400,40,3
4053.3925,0.9275,basic,20,10,400,40,6
4095.07,0.92,basic,20,10,400,40,9
3588.275,0.85,basic,20,10,400,60,3
3607.325,0.895,basic,20,10,400,60,6
3649.86,0.91,basic,20,10,400,60,9
3151.2525,0.825,basic,20,10,400,80,3
3150.43,0.855,basic,20,10,400,80,6
3197.035,0.85,basic,20,10,400,80,9
4934.02,1.0,basic,20,10,500,0,3
4974.936,1.0,basic,20,10,500,0,6
5041.026,1.0,basic,20,10,500,0,9
4472.538,0.954,basic,20,10,500,20,3
4502.662,0.95,basic,20,10,500,20,6
4592.952,0.96,basic,20,10,500,20,9
4062.214,0.902,basic,20,10,500,40,3
4064.558,0.926,basic,20,10,500,40,6
4153.046,0.94,basic,20,10,500,40,9
3644.69,0.876,basic,20,10,500,60,3
3591.726,0.884,basic,20,10,500,60,6
3676.446,0.888,basic,20,10,500,60,9
3171.72,0.822,basic,20,10,500,80,3
3160.746,0.842,basic,20,10,500,80,6
3191.21,0.846,basic,20,10,500,80,9
4949.536666666667,1.0,basic,20,10,600,0,3
4975.661666666667,1.0,basic,20,10,600,0,6
5060.153333333334,1.0,basic,20,10,600,0,9
4511.845,0.945,basic,20,10,600,20,3
4499.115,0.9533333333333334,basic,20,10,600,20,6
4589.638333333333,0.9766666666666667,basic,20,10,600,20,9
4090.0383333333334,0.9083333333333333,basic,20,10,600,40,3
4036.8616666666667,0.9183333333333333,basic,20,10,600,40,6
4116.841666666666,0.9383333333333334,basic,20,10,600,40,9
3619.465,0.865,basic,20,10,600,60,3
3591.025,0.8716666666666667,basic,20,10,600,60,6
3617.33,0.885,basic,20,10,600,60,9
3168.471666666667,0.8133333333333334,basic,20,10,600,80,3
3151.39,0.84,basic,20,10,600,80,6
3140.445,0.8483333333333334,basic,20,10,600,80,9
4963.564285714286,1.0,basic,20,10,700,0,3
4956.754285714285,1.0,basic,20,10,700,0,6
5039.635714285714,1.0,basic,20,10,700,0,9
4530.055714285714,0.9585714285714285,basic,20,10,700,20,3
4506.694285714286,0.9557142857142857,basic,20,10,700,20,6
4568.598571428572,0.9614285714285714,basic,20,10,700,20,9
4084.3485714285716,0.9114285714285715,basic,20,10,700,40,3
4041.61,0.9157142857142857,basic,20,10,700,40,6
4096.344285714285,0.92,basic,20,10,700,40,9
3625.2442857142855,0.8557142857142858,basic,20,10,700,60,3
3608.6314285714284,0.8828571428571429,basic,20,10,700,60,6
3603.782857142857,0.8842857142857142,basic,20,10,700,60,9
3179.98,0.8157142857142857,basic,20,10,700,80,3
3187.405714285714,0.84,basic,20,10,700,80,6
3152.417142857143,0.8471428571428572,basic,20,10,700,80,9
4977.425,1.0,basic,20,10,800,0,3
4973.3975,1.0,basic,20,10,800,0,6
5024.36875,1.0,basic,20,10,800,0,9
4532.58375,0.9525,basic,20,10,800,20,3
4526.795,0.95,basic,20,10,800,20,6
4544.105,0.96625,basic,20,10,800,20,9
4070.66875,0.9025,basic,20,10,800,40,3
4079.37,0.91875,basic,20,10,800,40,6
4065.11875,0.92375,basic,20,10,800,40,9
3600.32875,0.855,basic,20,10,800,60,3
3645.85375,0.88125,basic,20,10,800,60,6
3578.57,0.885,basic,20,10,800,60,9
3179.92875,0.805,basic,20,10,800,80,3
3192.48625,0.845,basic,20,10,800,80,6
3142.59,0.84375,basic,20,10,800,80,9
4970.461111111111,1.0,basic,20,10,900,0,3
4980.281111111111,1.0,basic,20,10,900,0,6
5015.933333333333,1.0,basic,20,10,900,0,9
4518.018888888889,0.9466666666666667,basic,20,10,900,20,3
4530.4077777777775,0.9566666666666667,basic,20,10,900,20,6
4521.204444444445,0.9611111111111111,basic,20,10,900,20,9
4066.9411111111112,0.9077777777777778,basic,20,10,900,40,3
4099.172222222222,0.9266666666666666,basic,20,10,900,40,6
4055.79,0.9255555555555556,basic,20,10,900,40,9
3622.9166666666665,0.8566666666666667,basic,20,10,900,60,3
3641.826666666667,0.89,basic,20,10,900,60,6
3599.2155555555555,0.8777777777777778,basic,20,10,900,60,9
3190.1566666666668,0.8088888888888889,basic,20,10,900,80,3
3176.65,0.8566666666666667,basic,20,10,900,80,6
3150.1222222222223,0.8455555555555555,basic,20,10,900,80,9
4977.529,1.0,basic,20,10,1000,0,3
4987.27,1.0,basic,20,10,1000,0,6
4999.242,1.0,basic,20,10,1000,0,9
4521.808,0.943,basic,20,10,1000,20,3
4536.452,0.965,basic,20,10,1000,20,6
4526.067,0.967,basic,20,10,1000,20,9
4046.554,0.906,basic,20,10,1000,40,3
4104.045,0.93,basic,20,10,1000,40,6
4054.173,0.925,basic,20,10,1000,40,9
3624.475,0.857,basic,20,10,1000,60,3
3637.99,0.896,basic,20,10,1000,60,6
3597.695,0.889,basic,20,10,1000,60,9
3183.574,0.81,basic,20,10,1000,80,3
3175.837,0.848,basic,20,10,1000,80,6
3139.558,0.845,basic,20,10,1000,80,9
5437.31,1.0,basic,30,10,100,0,3
5183.07,1.0,basic,30,10,100,0,6
5246.95,1.0,basic,30,10,100,0,9
4899.16,0.96,basic,30,10,100,20,3
4667.76,0.96,basic,30,10,100,20,6
4796.55,0.96,basic,30,10,100,20,9
4302.5,0.89,basic,30,10,100,40,3
4138.78,0.94,basic,30,10,100,40,6
4262.3,0.95,basic,30,10,100,40,9
3802.93,0.83,basic,30,10,100,60,3
3675.81,0.91,basic,30,10,100,60,6
3711.22,0.89,basic,30,10,100,60,9
3271.7,0.8,basic,30,10,100,80,3
3215.49,0.86,basic,30,10,100,80,6
3154.23,0.87,basic,30,10,100,80,9
5368.58,1.0,basic,30,10,200,0,3
5242.025,1.0,basic,30,10,200,0,6
5401.11,1.0,basic,30,10,200,0,9
4795.68,0.96,basic,30,10,200,20,3
4681.835,0.975,basic,30,10,200,20,6
4885.28,0.97,basic,30,10,200,20,9
4272.345,0.91,basic,30,10,200,40,3
4201.71,0.92,basic,30,10,200,40,6
4308.345,0.94,basic,30,10,200,40,9
3787.025,0.87,basic,30,10,200,60,3
3659.11,0.885,basic,30,10,200,60,6
3783.625,0.875,basic,30,10,200,60,9
3221.54,0.825,basic,30,10,200,80,3
3177.19,0.86,basic,30,10,200,80,6
3191.13,0.825,basic,30,10,200,80,9
5304.946666666667,1.0,basic,30,10,300,0,3
5254.01,1.0,basic,30,10,300,0,6
5387.53,1.0,basic,30,10,300,0,9
4771.51,0.9566666666666667,basic,30,10,300,20,3
4729.32,0.9733333333333334,basic,30,10,300,20,6
4836.6866666666665,0.9533333333333334,basic,30,10,300,20,9
4267.55,0.9033333333333333,basic,30,10,300,40,3
4228.29,0.92,basic,30,10,300,40,6
4273.13,0.92,basic,30,10,300,40,9
3733.786666666667,0.8566666666666667,basic,30,10,300,60,3
3762.0833333333335,0.8966666666666666,basic,30,10,300,60,6
3716.4,0.8833333333333333,basic,30,10,300,60,9
3196.1666666666665,0.8133333333333334,basic,30,10,300,80,3
3255.6233333333334,0.8666666666666667,basic,30,10,300,80,6
3210.0066666666667,0.8533333333333334,basic,30,10,300,80,9
5282.54,1.0,basic,30,10,400,0,3
5252.315,1.0,basic,30,10,400,0,6
5335.1075,1.0,basic,30,10,400,0,9
4742.59,0.945,basic,30,10,400,20,3
4749.6225,0.965,basic,30,10,400,20,6
4753.6825,0.965,basic,30,10,400,20,9
4219.715,0.895,basic,30,10,400,40,3
4225.8925,0.9275,basic,30,10,400,40,6
4249.57,0.92,basic,30,10,400,40,9
3702.275,0.85,basic,30,10,400,60,3
3725.825,0.895,basic,30,10,400,60,6
3751.86,0.91,basic,30,10,400,60,9
3208.2525,0.825,basic,30,10,400,80,3
3192.43,0.855,basic,30,10,400,80,6
3263.035,0.85,basic,30,10,400,80,9
5267.62,1.0,basic,30,10,500,0,3
5241.336,1.0,basic,30,10,500,0,6
5319.426,1.0,basic,30,10,500,0,9
4737.738,0.954,basic,30,10,500,20,3
4715.062,0.95,basic,30,10,500,20,6
4794.552,0.96,basic,30,10,500,20,9
4237.414,0.902,basic,30,10,500,40,3
4218.158,0.926,basic,30,10,500,40,6
4328.246,0.94,basic,30,10,500,40,9
3769.49,0.876,basic,30,10,500,60,3
3673.326,0.884,basic,30,10,500,60,6
3791.646,0.888,basic,30,10,500,60,9
3253.32,0.822,basic,30,10,500,80,3
3209.946,0.842,basic,30,10,500,80,6
3233.21,0.846,basic,30,10,500,80,9
5284.536666666667,1.0,basic,30,10,600,0,3
5243.661666666667,1.0,basic,30,10,600,0,6
5329.153333333334,1.0,basic,30,10,600,0,9
4782.845,0.945,basic,30,10,600,20,3
4713.115,0.9533333333333334,basic,30,10,600,20,6
4804.638333333333,0.9766666666666667,basic,30,10,600,20,9
4289.038333333333,0.9083333333333333,basic,30,10,600,40,3
4214.861666666667,0.9183333333333333,basic,30,10,600,40,6
4298.841666666666,0.9383333333333334,basic,30,10,600,40,9
3772.465,0.865,basic,30,10,600,60,3
3723.025,0.8716666666666667,basic,30,10,600,60,6
3729.33,0.885,basic,30,10,600,60,9
3262.471666666667,0.8133333333333334,basic,30,10,600,80,3
3220.39,0.84,basic,30,10,600,80,6
3209.445,0.8483333333333334,basic,30,10,600,80,9
5302.992857142857,1.0,basic,30,10,700,0,3
5237.897142857143,1.0,basic,30,10,700,0,6
5302.778571428571,1.0,basic,30,10,700,0,9
4813.77,0.9585714285714285,basic,30,10,700,20,3
4732.122857142857,0.9557142857142857,basic,30,10,700,20,6
4811.17,0.9614285714285714,basic,30,10,700,20,9
4308.062857142857,0.9114285714285715,basic,30,10,700,40,3
4224.181428571429,0.9157142857142857,basic,30,10,700,40,6
4264.344285714285,0.92,basic,30,10,700,40,9
3775.2442857142855,0.8557142857142858,basic,30,10,700,60,3
3726.917142857143,0.8828571428571429,basic,30,10,700,60,6
3724.64,0.8842857142857142,basic,30,10,700,60,9
3240.8371428571427,0.8157142857142857,basic,30,10,700,80,3
3240.5485714285714,0.84,basic,30,10,700,80,6
3196.1314285714284,0.8471428571428572,basic,30,10,700,80,9
5320.175,1.0,basic,30,10,800,0,3
5252.3975,1.0,basic,30,10,800,0,6
5301.11875,1.0,basic,30,10,800,0,9
4805.58375,0.9525,basic,30,10,800,20,3
4758.545,0.95,basic,30,10,800,20,6
4769.105,0.96625,basic,30,10,800,20,9
4275.41875,0.9025,basic,30,10,800,40,3
4239.12,0.91875,basic,30,10,800,40,6
4233.11875,0.92375,basic,30,10,800,40,9
3737.57875,0.855,basic,30,10,800,60,3
3753.85375,0.88125,basic,30,10,800,60,6
3678.32,0.885,basic,30,10,800,60,9
3249.67875,0.805,basic,30,10,800,80,3
3254.73625,0.845,basic,30,10,800,80,6
3186.09,0.84375,basic,30,10,800,80,9
5306.461111111111,1.0,basic,30,10,900,0,3
5254.947777777777,1.0,basic,30,10,900,0,6
5292.6,1.0,basic,30,10,900,0,9
4784.018888888889,0.9466666666666667,basic,30,10,900,20,3
4761.074444444444,0.9566666666666667,basic,30,10,900,20,6
4745.8711111111115,0.9611111111111111,basic,30,10,900,20,9
4271.607777777778,0.9077777777777778,basic,30,10,900,40,3
4267.8388888888885,0.9266666666666666,basic,30,10,900,40,6
4211.79,0.9255555555555556,basic,30,10,900,40,9
3754.9166666666665,0.8566666666666667,basic,30,10,900,60,3
3751.16,0.89,basic,30,10,900,60,6
3695.2155555555555,0.8777777777777778,basic,30,10,900,60,9
3252.8233333333333,0.8088888888888889,basic,30,10,900,80,3
3231.3166666666666,0.8566666666666667,basic,30,10,900,80,6
3194.1222222222223,0.8455555555555555,basic,30,10,900,80,9
5314.729,1.0,basic,30,10,1000,0,3
5267.47,1.0,basic,30,10,1000,0,6
5279.442,1.0,basic,30,10,1000,0,9
4790.608,0.943,basic,30,10,1000,20,3
4763.252,0.965,basic,30,10,1000,20,6
4759.467,0.967,basic,30,10,1000,20,9
4252.354,0.906,basic,30,10,1000,40,3
4272.045,0.93,basic,30,10,1000,40,6
4203.573,0.925,basic,30,10,1000,40,9
3754.075,0.857,basic,30,10,1000,60,3
3753.79,0.896,basic,30,10,1000,60,6
3688.295,0.889,basic,30,10,1000,60,9
3244.774,0.81,basic,30,10,1000,80,3
3229.237,0.848,basic,30,10,1000,80,6
3202.558,0.845,basic,30,10,1000,80,9
4526.69,1.0,ring,10,10,100,0,3
4418.26,1.0,ring,10,10,100,0,6
4451.94,1.0,ring,10,10,100,0,9
4090.86,1.0,ring,10,10,100,20,3
3967.06,1.0,ring,10,10,100,20,6
4013.68,0.99,ring,10,10,100,20,9
3609.1,1.0,ring,10,10,100,40,3
3565.84,0.99,ring,10,10,100,40,6
3516.98,0.99,ring,10,10,100,40,9
3173.87,1.0,ring,10,10,100,60,3
3141.62,0.98,ring,10,10,100,60,6
3096.86,0.98,ring,10,10,100,60,9
2788.31,0.99,ring,10,10,100,80,3
2710.82,0.97,ring,10,10,100,80,6
2655.07,0.98,ring,10,10,100,80,9
4491.37,1.0,ring,10,10,200,0,3
4444.12,1.0,ring,10,10,200,0,6
4543.465,1.0,ring,10,10,200,0,9
4049.76,1.0,ring,10,10,200,20,3
3992.46,1.0,ring,10,10,200,20,6
4094.85,0.995,ring,10,10,200,20,9
3590.29,0.995,ring,10,10,200,40,3
3558.165,0.975,ring,10,10,200,40,6
3634.98,0.995,ring,10,10,200,40,9
3132.74,0.995,ring,10,10,200,60,3
3116.815,0.97,ring,10,10,200,60,6
3138.645,0.99,ring,10,10,200,60,9
2701.08,0.995,ring,10,10,200,80,3
2677.815,0.97,ring,10,10,200,80,6
2667.93,0.975,ring,10,10,200,80,9
4438.55,1.0,ring,10,10,300,0,3
4448.513333333333,1.0,ring,10,10,300,0,6
4529.54,1.0,ring,10,10,300,0,9
3995.83,0.9933333333333333,ring,10,10,300,20,3
4011.51,0.9966666666666667,ring,10,10,300,20,6
4042.2566666666667,0.99,ring,10,10,300,20,9
3541.3933333333334,0.9933333333333333,ring,10,10,300,40,3
3567.233333333333,0.99,ring,10,10,300,40,6
3560.516666666667,0.9866666666666667,ring,10,10,300,40,9
3111.44,0.9866666666666667,ring,10,10,300,60,3
3169.4166666666665,0.9866666666666667,ring,10,10,300,60,6
3096.04,0.9833333333333333,ring,10,10,300,60,9
2688.14,0.9833333333333333,ring,10,10,300,80,3
2735.5033333333336,0.9833333333333333,ring,10,10,300,80,6
2694.13,0.9833333333333333,ring,10,10,300,80,9
4407.19,1.0,ring,10,10,400,0,3
4444.0025,1.0,ring,10,10,400,0,6
4516.2775,1.0,ring,10,10,400,0,9
3950.9275,0.995,ring,10,10,400,20,3
4027.52,0.995,ring,10,10,400,20,6
4046.4325,0.9975,ring,10,10,400,20,9
3515.61,0.9875,ring,10,10,400,40,3
3572.9125,0.99,ring,10,10,400,40,6
3610.08,0.9925,ring,10,10,400,40,9
3101.08,0.985,ring,10,10,400,60,3
3146.115,0.985,ring,10,10,400,60,6
3184.375,0.995,ring,10,10,400,60,9
2678.7525,0.985,ring,10,10,400,80,3
2705.9375,0.9725,ring,10,10,400,80,6
2709.3375,0.99,ring,10,10,400,80,9
4397.108,1.0,ring,10,10,500,0,3
4444.888,1.0,ring,10,10,500,0,6
4499.264,1.0,ring,10,10,500,0,9
3963.3,0.992,ring,10,10,500,20,3
3998.546,0.994,ring,10,10,500,20,6
4060.576,0.998,ring,10,10,500,20,9
3561.302,0.99,ring,10,10,500,40,3
3571.836,0.986,ring,10,10,500,40,6
3629.708,0.996,ring,10,10,500,40,9
3150.194,0.992,ring,10,10,500,60,3
3133.888,0.974,ring,10,10,500,60,6
3149.522,0.996,ring,10,10,500,60,9
2699.24,0.982,ring,10,10,500,80,3
2727.186,0.97,ring,10,10,500,80,6
2688.66,0.988,ring,10,10,500,80,9
4419.04,1.0,ring,10,10,600,0,3
4448.653333333334,1.0,ring,10,10,600,0,6
4502.8133333333335,1.0,ring,10,10,600,0,9
3995.4283333333333,0.995,ring,10,10,600,20,3
4008.7533333333336,0.99,ring,10,10,600,20,6
4054.7566666666667,0.9983333333333333,ring,10,10,600,20,9
3584.9733333333334,0.995,ring,10,10,600,40,3
3576.8716666666664,0.9816666666666667,ring,10,10,600,40,6
3588.8533333333335,0.9966666666666667,ring,10,10,600,40,9
3129.0616666666665,0.9883333333333333,ring,10,10,600,60,3
3146.133333333333,0.975,ring,10,10,600,60,6
3113.2716666666665,0.99,ring,10,10,600,60,9
2679.653333333333,0.98,ring,10,10,600,80,3
2733.4766666666665,0.9666666666666667,ring,10,10,600,80,6
2652.69,0.99,ring,10,10,600,80,9
4426.662857142857,1.0,ring,10,10,700,0,3
4443.5314285714285,1.0,ring,10,10,700,0,6
4492.257142857143,1.0,ring,10,10,700,0,9
4007.0085714285715,0.9971428571428571,ring,10,10,700,20,3
4022.072857142857,0.9914285714285714,ring,10,10,700,20,6
4034.362857142857,0.9985714285714286,ring,10,10,700,20,9
3573.6885714285713,0.9914285714285714,ring,10,10,700,40,3
3585.2342857142858,0.9814285714285714,ring,10,10,700,40,6
3576.0785714285716,0.9957142857142857,ring,10,10,700,40,9
3123.48,0.9871428571428571,ring,10,10,700,60,3
3173.93,0.9757142857142858,ring,10,10,700,60,6
3107.675714285714,0.9914285714285714,ring,10,10,700,60,9
2688.365714285714,0.9785714285714285,ring,10,10,700,80,3
2753.5257142857145,0.9728571428571429,ring,10,10,700,80,6
2679.0157142857142,0.9914285714285714,ring,10,10,700,80,9
4438.79,1.0,ring,10,10,800,0,3
4467.6275,1.0,ring,10,10,800,0,6
4488.525,1.0,ring,10,10,800,0,9
4000.43,0.99375,ring,10,10,800,20,3
4038.83125,0.99125,ring,10,10,800,20,6
4030.8175,0.9975,ring,10,10,800,20,9
3554.4225,0.99125,ring,10,10,800,40,3
3603.3175,0.98125,ring,10,10,800,40,6
3554.78875,0.99375,ring,10,10,800,40,9
3117.48625,0.9825,ring,10,10,800,60,3
3185.5775,0.9775,ring,10,10,800,60,6
3094.08875,0.9925,ring,10,10,800,60,9
2703.15125,0.98,ring,10,10,800,80,3
2755.22125,0.97,ring,10,10,800,80,6
2667.30375,0.98875,ring,10,10,800,80,9
4435.605555555556,1.0,ring,10,10,900,0,3
4467.424444444445,1.0,ring,10,10,900,0,6
4475.803333333333,1.0,ring,10,10,900,0,9
4001.0866666666666,0.9944444444444445,ring,10,10,900,20,3
4038.8333333333335,0.9911111111111112,ring,10,10,900,20,6
4012.096666666667,0.9966666666666667,ring,10,10,900,20,9
3568.63,0.9933333333333333,ring,10,10,900,40,3
3621.3355555555554,0.9844444444444445,ring,10,10,900,40,6
3550.9177777777777,0.9933333333333333,ring,10,10,900,40,9
3143.6222222222223,0.9877777777777778,ring,10,10,900,60,3
3185.4855555555555,0.9788888888888889,ring,10,10,900,60,6
3109.6544444444444,0.99,ring,10,10,900,60,9
2722.197777777778,0.9788888888888889,ring,10,10,900,80,3
2749.8644444444444,0.9722222222222222,ring,10,10,900,80,6
2661.2255555555557,0.9844444444444445,ring,10,10,900,80,9
4446.119,1.0,ring,10,10,1000,0,3
4474.663,1.0,ring,10,10,1000,0,6
4463.628,1.0,ring,10,10,1000,0,9
4006.675,0.997,ring,10,10,1000,20,3
4048.748,0.991,ring,10,10,1000,20,6
4005.576,0.997,ring,10,10,1000,20,9
3563.615,0.992,ring,10,10,1000,40,3
3625.213,0.985,ring,10,10,1000,40,6
3539.745,0.994,ring,10,10,1000,40,9
3148.737,0.987,ring,10,10,1000,60,3
3183.594,0.98,ring,10,10,1000,60,6
3108.864,0.992,ring,10,10,1000,60,9
2722.011,0.98,ring,10,10,1000,80,3
2746.532,0.97,ring,10,10,1000,80,6
2663.945,0.985,ring,10,10,1000,80,9
4868.69,1.0,ring,20,10,100,0,3
4700.26,1.0,ring,20,10,100,0,6
4727.94,1.0,ring,20,10,100,0,9
4384.86,1.0,ring,20,10,100,20,3
4201.06,1.0,ring,20,10,100,20,6
4217.68,0.99,ring,20,10,100,20,9
3843.1,1.0,ring,20,10,100,40,3
3733.84,0.99,ring,20,10,100,40,6
3660.98,0.99,ring,20,10,100,40,9
3311.87,1.0,ring,20,10,100,60,3
3237.62,0.98,ring,20,10,100,60,6
3186.86,0.98,ring,20,10,100,60,9
2872.31,0.99,ring,20,10,100,80,3
2776.82,0.97,ring,20,10,100,80,6
2727.07,0.98,ring,20,10,100,80,9
4821.37,1.0,ring,20,10,200,0,3
4729.12,1.0,ring,20,10,200,0,6
4843.465,1.0,ring,20,10,200,0,9
4331.76,1.0,ring,20,10,200,20,3
4217.46,1.0,ring,20,10,200,20,6
4340.85,0.995,ring,20,10,200,20,9
3791.29,0.995,ring,20,10,200,40,3
3729.165,0.975,ring,20,10,200,40,6
3820.98,0.995,ring,20,10,200,40,9
3246.74,0.995,ring,20,10,200,60,3
3224.815,0.97,ring,20,10,200,60,6
3252.645,0.99,ring,20,10,200,60,9
2755.08,0.995,ring,20,10,200,80,3
2725.815,0.97,ring,20,10,200,80,6
2718.93,0.975,ring,20,10,200,80,9
4758.55,1.0,ring,20,10,300,0,3
4752.513333333333,1.0,ring,20,10,300,0,6
4815.54,1.0,ring,20,10,300,0,9
4263.83,0.9933333333333333,ring,20,10,300,20,3
4263.51,0.9966666666666667,ring,20,10,300,20,6
4276.256666666667,0.99,ring,20,10,300,20,9
3723.3933333333334,0.9933333333333333,ring,20,10,300,40,3
3757.233333333333,0.99,ring,20,10,300,40,6
3738.516666666667,0.9866666666666667,ring,20,10,300,40,9
3239.44,0.9866666666666667,ring,20,10,300,60,3
3293.4166666666665,0.9866666666666667,ring,20,10,300,60,6
3218.04,0.9833333333333333,ring,20,10,300,60,9
2752.14,0.9833333333333333,ring,20,10,300,80,3
2789.5033333333336,0.9833333333333333,ring,20,10,300,80,6
2754.13,0.9833333333333333,ring,20,10,300,80,9
4719.19,1.0,ring,20,10,400,0,3
4744.0025,1.0,ring,20,10,400,0,6
4805.7775,1.0,ring,20,10,400,0,9
4199.9275,0.995,ring,20,10,400,20,3
4261.52,0.995,ring,20,10,400,20,6
4293.9325,0.9975,ring,20,10,400,20,9
3689.61,0.9875,ring,20,10,400,40,3
3734.9125,0.99,ring,20,10,400,40,6
3797.58,0.9925,ring,20,10,400,40,9
3228.58,0.985,ring,20,10,400,60,3
3257.115,0.985,ring,20,10,400,60,6
3308.875,0.995,ring,20,10,400,60,9
2743.2525,0.985,ring,20,10,400,80,3
2768.9375,0.9725,ring,20,10,400,80,6
2767.8375,0.99,ring,20,10,400,80,9
4709.108,1.0,ring,20,10,500,0,3
4735.288,1.0,ring,20,10,500,0,6
4796.864,1.0,ring,20,10,500,0,9
4206.9,0.992,ring,20,10,500,20,3
4225.346,0.994,ring,20,10,500,20,6
4301.776,0.998,ring,20,10,500,20,9
3749.702,0.99,ring,20,10,500,40,3
3749.436,0.986,ring,20,10,500,40,6
3812.108,0.996,ring,20,10,500,40,9
3276.194,0.992,ring,20,10,500,60,3
3258.688,0.974,ring,20,10,500,60,6
3269.522,0.996,ring,20,10,500,60,9
2758.04,0.982,ring,20,10,500,80,3
2789.586,0.97,ring,20,10,500,80,6
2757.06,0.988,ring,20,10,500,80,9
4732.04,1.0,ring,20,10,600,0,3
4740.653333333334,1.0,ring,20,10,600,0,6
4809.8133333333335,1.0,ring,20,10,600,0,9
4247.428333333333,0.995,ring,20,10,600,20,3
4241.753333333333,0.99,ring,20,10,600,20,6
4305.756666666667,0.9983333333333333,ring,20,10,600,20,9
3773.9733333333334,0.995,ring,20,10,600,40,3
3755.8716666666664,0.9816666666666667,ring,20,10,600,40,6
3771.8533333333335,0.9966666666666667,ring,20,10,600,40,9
3249.0616666666665,0.9883333333333333,ring,20,10,600,60,3
3265.133333333333,0.975,ring,20,10,600,60,6
3228.2716666666665,0.99,ring,20,10,600,60,9
2736.653333333333,0.98,ring,20,10,600,80,3
2788.4766666666665,0.9666666666666667,ring,20,10,600,80,6
2703.69,0.99,ring,20,10,600,80,9
4742.091428571429,1.0,ring,20,10,700,0,3
4730.674285714285,1.0,ring,20,10,700,0,6
4792.257142857143,1.0,ring,20,10,700,0,9
4252.151428571428,0.9971428571428571,ring,20,10,700,20,3
4256.072857142857,0.9914285714285714,ring,20,10,700,20,6
4270.934285714286,0.9985714285714286,ring,20,10,700,20,9
3749.402857142857,0.9914285714285714,ring,20,10,700,40,3
3761.805714285714,0.9814285714285714,ring,20,10,700,40,6
3746.65,0.9957142857142857,ring,20,10,700,40,9
3237.48,0.9871428571428571,ring,20,10,700,60,3
3294.787142857143,0.9757142857142858,ring,20,10,700,60,6
3215.675714285714,0.9914285714285714,ring,20,10,700,60,9
2743.2228571428573,0.9785714285714285,ring,20,10,700,80,3
2816.9542857142856,0.9728571428571429,ring,20,10,700,80,6
2736.444285714286,0.9914285714285714,ring,20,10,700,80,9
4749.29,1.0,ring,20,10,800,0,3
4762.3775,1.0,ring,20,10,800,0,6
4781.775,1.0,ring,20,10,800,0,9
4240.43,0.99375,ring,20,10,800,20,3
4275.83125,0.99125,ring,20,10,800,20,6
4265.5675,0.9975,ring,20,10,800,20,9
3732.1725,0.99125,ring,20,10,800,40,3
3792.3175,0.98125,ring,20,10,800,40,6
3721.28875,0.99375,ring,20,10,800,40,9
3224.73625,0.9825,ring,20,10,800,60,3
3310.0775,0.9775,ring,20,10,800,60,6
3211.83875,0.9925,ring,20,10,800,60,9
2758.65125,0.98,ring,20,10,800,80,3
2811.47125,0.97,ring,20,10,800,80,6
2730.30375,0.98875,ring,20,10,800,80,9
4742.938888888889,1.0,ring,20,10,900,0,3
4766.091111111111,1.0,ring,20,10,900,0,6
4768.47,1.0,ring,20,10,900,0,9
4233.753333333333,0.9944444444444445,ring,20,10,900,20,3
4278.833333333333,0.9911111111111112,ring,20,10,900,20,6
4244.763333333333,0.9966666666666667,ring,20,10,900,20,9
3735.2966666666666,0.9933333333333333,ring,20,10,900,40,3
3810.0022222222224,0.9844444444444445,ring,20,10,900,40,6
3725.5844444444447,0.9933333333333333,ring,20,10,900,40,9
3256.9555555555557,0.9877777777777778,ring,20,10,900,60,3
3302.152222222222,0.9788888888888889,ring,20,10,900,60,6
3234.321111111111,0.99,ring,20,10,900,60,9
2787.531111111111,0.9788888888888889,ring,20,10,900,80,3
2809.8644444444444,0.9722222222222222,ring,20,10,900,80,6
2721.8922222222222,0.9844444444444445,ring,20,10,900,80,9
4746.119,1.0,ring,20,10,1000,0,3
4774.663,1.0,ring,20,10,1000,0,6
4759.428,1.0,ring,20,10,1000,0,9
4237.675,0.997,ring,20,10,1000,20,3
4291.148,0.991,ring,20,10,1000,20,6
4239.576,0.997,ring,20,10,1000,20,9
3740.015,0.992,ring,20,10,1000,40,3
3810.013,0.985,ring,20,10,1000,40,6
3719.145,0.994,ring,20,10,1000,40,9
3274.737,0.987,ring,20,10,1000,60,3
3299.394,0.98,ring,20,10,1000,60,6
3234.264,0.992,ring,20,10,1000,60,9
2785.611,0.98,ring,20,10,1000,80,3
2804.132,0.97,ring,20,10,1000,80,6
2725.145,0.985,ring,20,10,1000,80,9
5108.69,1.0,ring,30,10,100,0,3
5030.26,1.0,ring,30,10,100,0,6
5045.94,1.0,ring,30,10,100,0,9
4564.86,1.0,ring,30,10,100,20,3
4441.06,1.0,ring,30,10,100,20,6
4523.68,0.99,ring,30,10,100,20,9
3957.1,1.0,ring,30,10,100,40,3
3895.84,0.99,ring,30,10,100,40,6
3954.98,0.99,ring,30,10,100,40,9
3419.87,1.0,ring,30,10,100,60,3
3363.62,0.98,ring,30,10,100,60,6
3408.86,0.98,ring,30,10,100,60,9
2866.31,0.99,ring,30,10,100,80,3
2830.82,0.97,ring,30,10,100,80,6
2781.07,0.98,ring,30,10,100,80,9
5085.37,1.0,ring,30,10,200,0,3
5032.12,1.0,ring,30,10,200,0,6
5161.465,1.0,ring,30,10,200,0,9
4502.76,1.0,ring,30,10,200,20,3
4445.46,1.0,ring,30,10,200,20,6
4625.85,0.995,ring,30,10,200,20,9
3932.29,0.995,ring,30,10,200,40,3
3894.165,0.975,ring,30,10,200,40,6
4027.98,0.995,ring,30,10,200,40,9
3381.74,0.995,ring,30,10,200,60,3
3335.815,0.97,ring,30,10,200,60,6
3408.645,0.99,ring,30,10,200,60,9
2815.08,0.995,ring,30,10,200,80,3
2797.815,0.97,ring,30,10,200,80,6
2775.93,0.975,ring,30,10,200,80,9
5036.55,1.0,ring,30,10,300,0,3
5050.513333333333,1.0,ring,30,10,300,0,6
5147.54,1.0,ring,30,10,300,0,9
4485.83,0.9933333333333333,ring,30,10,300,20,3
4513.51,0.9966666666666667,ring,30,10,300,20,6
4552.256666666667,0.99,ring,30,10,300,20,9
3957.3933333333334,0.9933333333333333,ring,30,10,300,40,3
3931.233333333333,0.99,ring,30,10,300,40,6
3928.516666666667,0.9866666666666667,ring,30,10,300,40,9
3381.44,0.9866666666666667,ring,30,10,300,60,3
3423.4166666666665,0.9866666666666667,ring,30,10,300,60,6
3338.04,0.9833333333333333,ring,30,10,300,60,9
2802.14,0.9833333333333333,ring,30,10,300,80,3
2849.5033333333336,0.9833333333333333,ring,30,10,300,80,6
2822.13,0.9833333333333333,ring,30,10,300,80,9
5025.19,1.0,ring,30,10,400,0,3
5044.0025,1.0,ring,30,10,400,0,6
5099.7775,1.0,ring,30,10,400,0,9
4445.9275,0.995,ring,30,10,400,20,3
4498.52,0.995,ring,30,10,400,20,6
4503.9325,0.9975,ring,30,10,400,20,9
3877.11,0.9875,ring,30,10,400,40,3
3913.4125,0.99,ring,30,10,400,40,6
3941.58,0.9925,ring,30,10,400,40,9
3332.08,0.985,ring,30,10,400,60,3
3374.115,0.985,ring,30,10,400,60,6
3419.875,0.995,ring,30,10,400,60,9
2794.2525,0.985,ring,30,10,400,80,3
2819.9375,0.9725,ring,30,10,400,80,6
2842.8375,0.99,ring,30,10,400,80,9
5015.108,1.0,ring,30,10,500,0,3
5029.288,1.0,ring,30,10,500,0,6
5081.264,1.0,ring,30,10,500,0,9
4451.7,0.992,ring,30,10,500,20,3
4453.346,0.994,ring,30,10,500,20,6
4515.376,0.998,ring,30,10,500,20,9
3921.302,0.99,ring,30,10,500,40,3
3913.836,0.986,ring,30,10,500,40,6
3992.108,0.996,ring,30,10,500,40,9
3399.794,0.992,ring,30,10,500,60,3
3353.488,0.974,ring,30,10,500,60,6
3384.722,0.996,ring,30,10,500,60,9
2837.24,0.982,ring,30,10,500,80,3
2844.786,0.97,ring,30,10,500,80,6
2793.06,0.988,ring,30,10,500,80,9
5040.04,1.0,ring,30,10,600,0,3
5023.653333333334,1.0,ring,30,10,600,0,6
5074.8133333333335,1.0,ring,30,10,600,0,9
4508.428333333333,0.995,ring,30,10,600,20,3
4462.753333333333,0.99,ring,30,10,600,20,6
4517.756666666667,0.9983333333333333,ring,30,10,600,20,9
3977.9733333333334,0.995,ring,30,10,600,40,3
3931.8716666666664,0.9816666666666667,ring,30,10,600,40,6
3940.8533333333335,0.9966666666666667,ring,30,10,600,40,9
3407.0616666666665,0.9883333333333333,ring,30,10,600,60,3
3404.133333333333,0.975,ring,30,10,600,60,6
3339.2716666666665,0.99,ring,30,10,600,60,9
2820.653333333333,0.98,ring,30,10,600,80,3
2866.4766666666665,0.9666666666666667,ring,30,10,600,80,6
2758.69,0.99,ring,30,10,600,80,9
5062.662857142857,1.0,ring,30,10,700,0,3
5029.817142857143,1.0,ring,30,10,700,0,6
5057.114285714286,1.0,ring,30,10,700,0,9
4530.722857142857,0.9971428571428571,ring,30,10,700,20,3
4490.072857142857,0.9914285714285714,ring,30,10,700,20,6
4489.505714285714,0.9985714285714286,ring,30,10,700,20,9
3963.6885714285713,0.9914285714285714,ring,30,10,700,40,3
3940.9485714285715,0.9814285714285714,ring,30,10,700,40,6
3907.792857142857,0.9957142857142857,ring,30,10,700,40,9
3378.0514285714285,0.9871428571428571,ring,30,10,700,60,3
3405.3585714285714,0.9757142857142858,ring,30,10,700,60,6
3322.8185714285714,0.9914285714285714,ring,30,10,700,60,9
2806.6514285714284,0.9785714285714285,ring,30,10,700,80,3
2866.6685714285713,0.9728571428571429,ring,30,10,700,80,6
2775.8728571428574,0.9914285714285714,ring,30,10,700,80,9
5071.79,1.0,ring,30,10,800,0,3
5048.1275,1.0,ring,30,10,800,0,6
5051.775,1.0,ring,30,10,800,0,9
4517.18,0.99375,ring,30,10,800,20,3
4509.83125,0.99125,ring,30,10,800,20,6
4466.5675,0.9975,ring,30,10,800,20,9
3929.4225,0.99125,ring,30,10,800,40,3
3959.5675,0.98125,ring,30,10,800,40,6
3889.28875,0.99375,ring,30,10,800,40,9
3368.73625,0.9825,ring,30,10,800,60,3
3415.0775,0.9775,ring,30,10,800,60,6
3310.08875,0.9925,ring,30,10,800,60,9
2830.65125,0.98,ring,30,10,800,80,3
2869.22125,0.97,ring,30,10,800,80,6
2785.80375,0.98875,ring,30,10,800,80,9
5065.605555555556,1.0,ring,30,10,900,0,3
5047.424444444445,1.0,ring,30,10,900,0,6
5033.136666666666,1.0,ring,30,10,900,0,9
4505.086666666667,0.9944444444444445,ring,30,10,900,20,3
4508.166666666667,0.9911111111111112,ring,30,10,900,20,6
4459.43,0.9966666666666667,ring,30,10,900,20,9
3943.963333333333,0.9933333333333333,ring,30,10,900,40,3
3970.0022222222224,0.9844444444444445,ring,30,10,900,40,6
3884.9177777777777,0.9933333333333333,ring,30,10,900,40,9
3383.6222222222223,0.9877777777777778,ring,30,10,900,60,3
3408.818888888889,0.9788888888888889,ring,30,10,900,60,6
3332.987777777778,0.99,ring,30,10,900,60,9
2841.531111111111,0.9788888888888889,ring,30,10,900,80,3
2863.197777777778,0.9722222222222222,ring,30,10,900,80,6
2773.8922222222222,0.9844444444444445,ring,30,10,900,80,9
5074.919,1.0,ring,30,10,1000,0,3
5057.863,1.0,ring,30,10,1000,0,6
5031.228,1.0,ring,30,10,1000,0,9
4504.675,0.997,ring,30,10,1000,20,3
4514.948,0.991,ring,30,10,1000,20,6
4464.576,0.997,ring,30,10,1000,20,9
3938.615,0.992,ring,30,10,1000,40,3
3981.013,0.985,ring,30,10,1000,40,6
3875.745,0.994,ring,30,10,1000,40,9
3391.737,0.987,ring,30,10,1000,60,3
3418.794,0.98,ring,30,10,1000,60,6
3332.664,0.992,ring,30,10,1000,60,9
2839.011,0.98,ring,30,10,1000,80,3
2859.932,0.97,ring,30,10,1000,80,6
2783.345,0.985,ring,30,10,1000,80,9
4079.93,1.0,diagonal,10,10,100,0,3
3986.52,1.0,diagonal,10,10,100,0,6
4026.4,1.0,diagonal,10,10,100,0,9
3722.94,0.98,diagonal,10,10,100,20,3
3631.25,0.99,diagonal,10,10,100,20,6
3632.15,0.98,diagonal,10,10,100,20,9
3322.39,0.96,diagonal,10,10,100,40,3
3300.99,0.98,diagonal,10,10,100,40,6
3253.08,0.98,diagonal,10,10,100,40,9
2976.45,0.93,diagonal,10,10,100,60,3
2923.43,0.95,diagonal,10,10,100,60,6
2900.0,0.95,diagonal,10,10,100,60,9
2635.78,0.91,diagonal,10,10,100,80,3
2584.92,0.92,diagonal,10,10,100,80,6
2490.72,0.94,diagonal,10,10,100,80,9
4061.65,1.0,diagonal,10,10,200,0,3
4049.705,1.0,diagonal,10,10,200,0,6
4075.39,1.0,diagonal,10,10,200,0,9
3689.665,0.985,diagonal,10,10,200,20,3
3666.92,0.995,diagonal,10,10,200,20,6
3676.07,0.99,diagonal,10,10,200,20,9
3299.24,0.965,diagonal,10,10,200,40,3
3314.655,0.965,diagonal,10,10,200,40,6
3288.845,0.975,diagonal,10,10,200,40,9
2947.715,0.955,diagonal,10,10,200,60,3
2938.215,0.955,diagonal,10,10,200,60,6
2902.585,0.96,diagonal,10,10,200,60,9
2596.895,0.935,diagonal,10,10,200,80,3
2568.04,0.95,diagonal,10,10,200,80,6
2534.01,0.935,diagonal,10,10,200,80,9
4035.2733333333335,1.0,diagonal,10,10,300,0,3
4034.076666666667,1.0,diagonal,10,10,300,0,6
4075.1566666666668,1.0,diagonal,10,10,300,0,9
3673.6,0.9766666666666667,diagonal,10,10,300,20,3
3673.6433333333334,0.9866666666666667,diagonal,10,10,300,20,6
3678.54,0.9833333333333333,diagonal,10,10,300,20,9
3310.463333333333,0.9566666666666667,diagonal,10,10,300,40,3
3312.87,0.9766666666666667,diagonal,10,10,300,40,6
3278.3433333333332,0.9566666666666667,diagonal,10,10,300,40,9
2945.21,0.9366666666666666,diagonal,10,10,300,60,3
2965.54,0.9666666666666667,diagonal,10,10,300,60,6
2907.6833333333334,0.95,diagonal,10,10,300,60,9
2575.366666666667,0.9166666666666666,diagonal,10,10,300,80,3
2598.69,0.9666666666666667,diagonal,10,10,300,80,6
2553.2433333333333,0.94,diagonal,10,10,300,80,9
4019.0775,1.0,diagonal,10,10,400,0,3
4046.1125,1.0,diagonal,10,10,400,0,6
4074.05,1.0,diagonal,10,10,400,0,9
3640.5,0.975,diagonal,10,10,400,20,3
3686.6575,0.985,diagonal,10,10,400,20,6
3683.82,0.9825,diagonal,10,10,400,20,9
3284.615,0.9475,diagonal,10,10,400,40,3
3311.9,0.975,diagonal,10,10,400,40,6
3317.575,0.9725,diagonal,10,10,400,40,9
2940.57,0.945,diagonal,10,10,400,60,3
2931.45,0.97,diagonal,10,10,400,60,6
2947.9725,0.97,diagonal,10,10,400,60,9
2576.46,0.94,diagonal,10,10,400,80,3
2564.6175,0.955,diagonal,10,10,400,80,6
2586.8275,0.9525,diagonal,10,10,400,80,9
4007.37,1.0,diagonal,10,10,500,0,3
4035.386,1.0,diagonal,10,10,500,0,6
4068.182,1.0,diagonal,10,10,500,0,9
3643.358,0.976,diagonal,10,10,500,20,3
3678.128,0.984,diagonal,10,10,500,20,6
3683.104,0.984,diagonal,10,10,500,20,9
3306.85,0.962,diagonal,10,10,500,40,3
3301.4,0.976,diagonal,10,10,500,40,6
3317.94,0.976,diagonal,10,10,500,40,9
2957.61,0.96,diagonal,10,10,500,60,3
2920.56,0.956,diagonal,10,10,500,60,6
2940.888,0.964,diagonal,10,10,500,60,9
2601.71,0.94,diagonal,10,10,500,80,3
2573.664,0.942,diagonal,10,10,500,80,6
2577.526,0.944,diagonal,10,10,500,80,9
4023.048333333333,1.0,diagonal,10,10,600,0,3
4035.68,1.0,diagonal,10,10,600,0,6
4071.1266666666666,1.0,diagonal,10,10,600,0,9
3674.3333333333335,0.9833333333333333,diagonal,10,10,600,20,3
3658.825,0.9833333333333333,diagonal,10,10,600,20,6
3685.7433333333333,0.9866666666666667,diagonal,10,10,600,20,9
3326.5,0.9716666666666667,diagonal,10,10,600,40,3
3298.6766666666667,0.9633333333333334,diagonal,10,10,600,40,6
3307.395,0.9733333333333334,diagonal,10,10,600,40,9
2956.431666666667,0.96,diagonal,10,10,600,60,3
2942.4816666666666,0.9516666666666667,diagonal,10,10,600,60,6
2932.665,0.96,diagonal,10,10,600,60,9
2597.39,0.9416666666666667,diagonal,10,10,600,80,3
2581.1116666666667,0.9416666666666667,diagonal,10,10,600,80,6
2556.6516666666666,0.9483333333333334,diagonal,10,10,600,80,9
4026.68,1.0,diagonal,10,10,700,0,3
4034.3685714285716,1.0,diagonal,10,10,700,0,6
4061.7014285714286,1.0,diagonal,10,10,700,0,9
3674.6614285714286,0.9828571428571429,diagonal,10,10,700,20,3
3679.2057142857143,0.9814285714285714,diagonal,10,10,700,20,6
3681.6442857142856,0.9842857142857143,diagonal,10,10,700,20,9
3316.9814285714288,0.9728571428571429,diagonal,10,10,700,40,3
3317.6042857142857,0.9614285714285714,diagonal,10,10,700,40,6
3321.4085714285716,0.9742857142857143,diagonal,10,10,700,40,9
2960.7657142857142,0.9571428571428572,diagonal,10,10,700,60,3
2957.9214285714284,0.9542857142857143,diagonal,10,10,700,60,6
2937.727142857143,0.9614285714285714,diagonal,10,10,700,60,9
2597.2971428571427,0.9342857142857143,diagonal,10,10,700,80,3
2596.6814285714286,0.9385714285714286,diagonal,10,10,700,80,6
2564.7428571428572,0.9557142857142857,diagonal,10,10,700,80,9
4033.28875,1.0,diagonal,10,10,800,0,3
4046.5775,1.0,diagonal,10,10,800,0,6
4063.21875,1.0,diagonal,10,10,800,0,9
3677.9875,0.98125,diagonal,10,10,800,20,3
3694.6875,0.975,diagonal,10,10,800,20,6
3685.7425,0.9875,diagonal,10,10,800,20,9
3311.22875,0.9725,diagonal,10,10,800,40,3
3324.7725,0.965,diagonal,10,10,800,40,6
3297.31375,0.98,diagonal,10,10,800,40,9
2953.50375,0.94875,diagonal,10,10,800,60,3
2958.88,0.95125,diagonal,10,10,800,60,6
2922.18,0.965,diagonal,10,10,800,60,9
2604.05125,0.935,diagonal,10,10,800,80,3
2589.5025,0.9475,diagonal,10,10,800,80,6
2572.00625,0.95125,diagonal,10,10,800,80,9
4031.128888888889,1.0,diagonal,10,10,900,0,3
4046.1455555555553,1.0,diagonal,10,10,900,0,6
4056.048888888889,1.0,diagonal,10,10,900,0,9
3675.072222222222,0.9822222222222222,diagonal,10,10,900,20,3
3686.3433333333332,0.98,diagonal,10,10,900,20,6
3675.9844444444443,0.9866666666666667,diagonal,10,10,900,20,9
3316.3166666666666,0.97,diagonal,10,10,900,40,3
3327.3888888888887,0.9733333333333334,diagonal,10,10,900,40,6
3305.193333333333,0.9777777777777777,diagonal,10,10,900,40,9
2958.5177777777776,0.9522222222222222,diagonal,10,10,900,60,3
2956.331111111111,0.9611111111111111,diagonal,10,10,900,60,6
2928.41,0.9611111111111111,diagonal,10,10,900,60,9
2600.432222222222,0.9311111111111111,diagonal,10,10,900,80,3
2595.49,0.9511111111111111,diagonal,10,10,900,80,6
2555.121111111111,0.95,diagonal,10,10,900,80,9
4039.796,1.0,diagonal,10,10,1000,0,3
4050.634,1.0,diagonal,10,10,1000,0,6
4052.426,1.0,diagonal,10,10,1000,0,9
3681.192,0.983,diagonal,10,10,1000,20,3
3691.383,0.985,diagonal,10,10,1000,20,6
3666.564,0.989,diagonal,10,10,1000,20,9
3315.066,0.967,diagonal,10,10,1000,40,3
3326.829,0.972,diagonal,10,10,1000,40,6
3285.355,0.976,diagonal,10,10,1000,40,9
2964.125,0.95,diagonal,10,10,1000,60,3
2962.914,0.962,diagonal,10,10,1000,60,6
2926.421,0.965,diagonal,10,10,1000,60,9
2616.828,0.93,diagonal,10,10,1000,80,3
2597.986,0.949,diagonal,10,10,1000,80,6
2563.872,0.947,diagonal,10,10,1000,80,9
4367.93,1.0,diagonal,20,10,100,0,3
4334.52,1.0,diagonal,20,10,100,0,6
4314.4,1.0,diagonal,20,10,100,0,9
3968.94,0.98,diagonal,20,10,100,20,3
3901.25,0.99,diagonal,20,10,100,20,6
3854.15,0.98,diagonal,20,10,100,20,9
3490.39,0.96,diagonal,20,10,100,40,3
3492.99,0.98,diagonal,20,10,100,40,6
3415.08,0.98,diagonal,20,10,100,40,9
3066.45,0.93,diagonal,20,10,100,60,3
3049.43,0.95,diagonal,20,10,100,60,6
3008.0,0.95,diagonal,20,10,100,60,9
2683.78,0.91,diagonal,20,10,100,80,3
2674.92,0.92,diagonal,20,10,100,80,6
2556.72,0.94,diagonal,20,10,100,80,9
4358.65,1.0,diagonal,20,10,200,0,3
4382.705,1.0,diagonal,20,10,200,0,6
4366.39,1.0,diagonal,20,10,200,0,9
3947.665,0.985,diagonal,20,10,200,20,3
3918.92,0.995,diagonal,20,10,200,20,6
3919.07,0.99,diagonal,20,10,200,20,9
3485.24,0.965,diagonal,20,10,200,40,3
3500.655,0.965,diagonal,20,10,200,40,6
3462.845,0.975,diagonal,20,10,200,40,9
3067.715,0.955,diagonal,20,10,200,60,3
3067.215,0.955,diagonal,20,10,200,60,6
3004.585,0.96,diagonal,20,10,200,60,9
2635.895,0.935,diagonal,20,10,200,80,3
2637.04,0.95,diagonal,20,10,200,80,6
2591.01,0.935,diagonal,20,10,200,80,9
4331.2733333333335,1.0,diagonal,20,10,300,0,3
4348.076666666667,1.0,diagonal,20,10,300,0,6
4361.156666666667,1.0,diagonal,20,10,300,0,9
3907.6,0.9766666666666667,diagonal,20,10,300,20,3
3923.6433333333334,0.9866666666666667,diagonal,20,10,300,20,6
3914.54,0.9833333333333333,diagonal,20,10,300,20,9
3474.463333333333,0.9566666666666667,diagonal,20,10,300,40,3
3492.87,0.9766666666666667,diagonal,20,10,300,40,6
3448.3433333333332,0.9566666666666667,diagonal,20,10,300,40,9
3063.21,0.9366666666666666,diagonal,20,10,300,60,3
3085.54,0.9666666666666667,diagonal,20,10,300,60,6
3031.6833333333334,0.95,diagonal,20,10,300,60,9
2631.366666666667,0.9166666666666666,diagonal,20,10,300,80,3
2650.69,0.9666666666666667,diagonal,20,10,300,80,6
2615.2433333333333,0.94,diagonal,20,10,300,80,9
4302.5775,1.0,diagonal,20,10,400,0,3
4352.1125,1.0,diagonal,20,10,400,0,6
4374.05,1.0,diagonal,20,10,400,0,9
3864.0,0.975,diagonal,20,10,400,20,3
3916.1575,0.985,diagonal,20,10,400,20,6
3931.32,0.9825,diagonal,20,10,400,20,9
3454.115,0.9475,diagonal,20,10,400,40,3
3487.4,0.975,diagonal,20,10,400,40,6
3511.075,0.9725,diagonal,20,10,400,40,9
3066.57,0.945,diagonal,20,10,400,60,3
3043.95,0.97,diagonal,20,10,400,60,6
3070.9725,0.97,diagonal,20,10,400,60,9
2639.46,0.94,diagonal,20,10,400,80,3
2630.6175,0.955,diagonal,20,10,400,80,6
2640.8275,0.9525,diagonal,20,10,400,80,9
4296.57,1.0,diagonal,20,10,500,0,3
4337.786,1.0,diagonal,20,10,500,0,6
4371.782,1.0,diagonal,20,10,500,0,9
3874.958,0.976,diagonal,20,10,500,20,3
3922.928,0.984,diagonal,20,10,500,20,6
3935.104,0.984,diagonal,20,10,500,20,9
3495.25,0.962,diagonal,20,10,500,40,3
3477.8,0.976,diagonal,20,10,500,40,6
3502.74,0.976,diagonal,20,10,500,40,9
3080.01,0.96,diagonal,20,10,500,60,3
3044.16,0.956,diagonal,20,10,500,60,6
3054.888,0.964,diagonal,20,10,500,60,9
2656.91,0.94,diagonal,20,10,500,80,3
2621.664,0.942,diagonal,20,10,500,80,6
2642.326,0.944,diagonal,20,10,500,80,9
4313.048333333333,1.0,diagonal,20,10,600,0,3
4335.68,1.0,diagonal,20,10,600,0,6
4379.126666666667,1.0,diagonal,20,10,600,0,9
3914.3333333333335,0.9833333333333333,diagonal,20,10,600,20,3
3889.825,0.9833333333333333,diagonal,20,10,600,20,6
3931.7433333333333,0.9866666666666667,diagonal,20,10,600,20,9
3502.5,0.9716666666666667,diagonal,20,10,600,40,3
3466.6766666666667,0.9633333333333334,diagonal,20,10,600,40,6
3487.395,0.9733333333333334,diagonal,20,10,600,40,9
3062.431666666667,0.96,diagonal,20,10,600,60,3
3046.4816666666666,0.9516666666666667,diagonal,20,10,600,60,6
3060.665,0.96,diagonal,20,10,600,60,9
2655.39,0.9416666666666667,diagonal,20,10,600,80,3
2632.1116666666667,0.9416666666666667,diagonal,20,10,600,80,6
2619.6516666666666,0.9483333333333334,diagonal,20,10,600,80,9
4315.5371428571425,1.0,diagonal,20,10,700,0,3
4326.654285714286,1.0,diagonal,20,10,700,0,6
4371.987142857143,1.0,diagonal,20,10,700,0,9
3906.947142857143,0.9828571428571429,diagonal,20,10,700,20,3
3908.062857142857,0.9814285714285714,diagonal,20,10,700,20,6
3923.3585714285714,0.9842857142857143,diagonal,20,10,700,20,9
3480.695714285714,0.9728571428571429,diagonal,20,10,700,40,3
3477.89,0.9614285714285714,diagonal,20,10,700,40,6
3503.1228571428574,0.9742857142857143,diagonal,20,10,700,40,9
3070.48,0.9571428571428572,diagonal,20,10,700,60,3
3059.9214285714284,0.9542857142857143,diagonal,20,10,700,60,6
3051.727142857143,0.9614285714285714,diagonal,20,10,700,60,9
2656.44,0.9342857142857143,diagonal,20,10,700,80,3
2652.3957142857143,0.9385714285714286,diagonal,20,10,700,80,6
2628.1714285714284,0.9557142857142857,diagonal,20,10,700,80,9
4319.78875,1.0,diagonal,20,10,800,0,3
4335.3275,1.0,diagonal,20,10,800,0,6
4365.46875,1.0,diagonal,20,10,800,0,9
3909.7375,0.98125,diagonal,20,10,800,20,3
3913.6875,0.975,diagonal,20,10,800,20,6
3927.2425,0.9875,diagonal,20,10,800,20,9
3479.97875,0.9725,diagonal,20,10,800,40,3
3490.5225,0.965,diagonal,20,10,800,40,6
3475.06375,0.98,diagonal,20,10,800,40,9
3067.50375,0.94875,diagonal,20,10,800,60,3
3075.13,0.95125,diagonal,20,10,800,60,6
3045.93,0.965,diagonal,20,10,800,60,9
2660.30125,0.935,diagonal,20,10,800,80,3
2652.5025,0.9475,diagonal,20,10,800,80,6
2636.50625,0.95125,diagonal,20,10,800,80,9
4322.462222222222,1.0,diagonal,20,10,900,0,3
4338.812222222222,1.0,diagonal,20,10,900,0,6
4356.7155555555555,1.0,diagonal,20,10,900,0,9
3906.4055555555556,0.9822222222222222,diagonal,20,10,900,20,3
3914.3433333333332,0.98,diagonal,20,10,900,20,6
3917.317777777778,0.9866666666666667,diagonal,20,10,900,20,9
3482.3166666666666,0.97,diagonal,20,10,900,40,3
3502.722222222222,0.9733333333333334,diagonal,20,10,900,40,6
3485.86,0.9777777777777777,diagonal,20,10,900,40,9
3067.1844444444446,0.9522222222222222,diagonal,20,10,900,60,3
3079.6644444444446,0.9611111111111111,diagonal,20,10,900,60,6
3059.076666666667,0.9611111111111111,diagonal,20,10,900,60,9
2663.0988888888887,0.9311111111111111,diagonal,20,10,900,80,3
2658.8233333333333,0.9511111111111111,diagonal,20,10,900,80,6
2622.4544444444446,0.95,diagonal,20,10,900,80,9
4327.796,1.0,diagonal,20,10,1000,0,3
4347.034,1.0,diagonal,20,10,1000,0,6
4355.426,1.0,diagonal,20,10,1000,0,9
3911.592,0.983,diagonal,20,10,1000,20,3
3924.183,0.985,diagonal,20,10,1000,20,6
3910.764,0.989,diagonal,20,10,1000,20,9
3486.666,0.967,diagonal,20,10,1000,40,3
3511.029,0.972,diagonal,20,10,1000,40,6
3475.555,0.976,diagonal,20,10,1000,40,9
3085.325,0.95,diagonal,20,10,1000,60,3
3081.714,0.962,diagonal,20,10,1000,60,6
3051.821,0.965,diagonal,20,10,1000,60,9
2679.828,0.93,diagonal,20,10,1000,80,3
2657.386,0.949,diagonal,20,10,1000,80,6
2623.272,0.947,diagonal,20,10,1000,80,9
4739.93,1.0,diagonal,30,10,100,0,3
4562.52,1.0,diagonal,30,10,100,0,6
4662.4,1.0,diagonal,30,10,100,0,9
4238.94,0.98,diagonal,30,10,100,20,3
4051.25,0.99,diagonal,30,10,100,20,6
4130.15,0.98,diagonal,30,10,100,20,9
3706.39,0.96,diagonal,30,10,100,40,3
3624.99,0.98,diagonal,30,10,100,40,6
3673.08,0.98,diagonal,30,10,100,40,9
3228.45,0.93,diagonal,30,10,100,60,3
3133.43,0.95,diagonal,30,10,100,60,6
3206.0,0.95,diagonal,30,10,100,60,9
2755.78,0.91,diagonal,30,10,100,80,3
2710.92,0.92,diagonal,30,10,100,80,6
2640.72,0.94,diagonal,30,10,100,80,9
4682.65,1.0,diagonal,30,10,200,0,3
4622.705,1.0,diagonal,30,10,200,0,6
4738.39,1.0,diagonal,30,10,200,0,9
4178.665,0.985,diagonal,30,10,200,20,3
4110.92,0.995,diagonal,30,10,200,20,6
4192.07,0.99,diagonal,30,10,200,20,9
3662.24,0.965,diagonal,30,10,200,40,3
3635.655,0.965,diagonal,30,10,200,40,6
3681.845,0.975,diagonal,30,10,200,40,9
3205.715,0.955,diagonal,30,10,200,60,3
3169.215,0.955,diagonal,30,10,200,60,6
3133.585,0.96,diagonal,30,10,200,60,9
2707.895,0.935,diagonal,30,10,200,80,3
2676.04,0.95,diagonal,30,10,200,80,6
2648.01,0.935,diagonal,30,10,200,80,9
4655.2733333333335,1.0,diagonal,30,10,300,0,3
4612.076666666667,1.0,diagonal,30,10,300,0,6
4719.156666666667,1.0,diagonal,30,10,300,0,9
4167.6,0.9766666666666667,diagonal,30,10,300,20,3
4169.643333333333,0.9866666666666667,diagonal,30,10,300,20,6
4188.54,0.9833333333333333,diagonal,30,10,300,20,9
3698.463333333333,0.9566666666666667,diagonal,30,10,300,40,3
3692.87,0.9766666666666667,diagonal,30,10,300,40,6
3666.3433333333332,0.9566666666666667,diagonal,30,10,300,40,9
3195.21,0.9366666666666666,diagonal,30,10,300,60,3
3225.54,0.9666666666666667,diagonal,30,10,300,60,6
3177.6833333333334,0.95,diagonal,30,10,300,60,9
2703.366666666667,0.9166666666666666,diagonal,30,10,300,80,3
2706.69,0.9666666666666667,diagonal,30,10,300,80,6
2677.2433333333333,0.94,diagonal,30,10,300,80,9
4640.0775,1.0,diagonal,30,10,400,0,3
4622.1125,1.0,diagonal,30,10,400,0,6
4689.05,1.0,diagonal,30,10,400,0,9
4138.5,0.975,diagonal,30,10,400,20,3
4154.6575,0.985,diagonal,30,10,400,20,6
4177.32,0.9825,diagonal,30,10,400,20,9
3650.615,0.9475,diagonal,30,10,400,40,3
3647.9,0.975,diagonal,30,10,400,40,6
3647.575,0.9725,diagonal,30,10,400,40,9
3173.07,0.945,diagonal,30,10,400,60,3
3141.45,0.97,diagonal,30,10,400,60,6
3157.9725,0.97,diagonal,30,10,400,60,9
2708.46,0.94,diagonal,30,10,400,80,3
2666.6175,0.955,diagonal,30,10,400,80,6
2700.8275,0.9525,diagonal,30,10,400,80,9
4628.97,1.0,diagonal,30,10,500,0,3
4605.386,1.0,diagonal,30,10,500,0,6
4668.182,1.0,diagonal,30,10,500,0,9
4125.758,0.976,diagonal,30,10,500,20,3
4130.528,0.984,diagonal,30,10,500,20,6
4139.104,0.984,diagonal,30,10,500,20,9
3660.85,0.962,diagonal,30,10,500,40,3
3641.0,0.976,diagonal,30,10,500,40,6
3661.14,0.976,diagonal,30,10,500,40,9
3185.61,0.96,diagonal,30,10,500,60,3
3150.96,0.956,diagonal,30,10,500,60,6
3174.888,0.964,diagonal,30,10,500,60,9
2731.31,0.94,diagonal,30,10,500,80,3
2702.064,0.942,diagonal,30,10,500,80,6
2691.526,0.944,diagonal,30,10,500,80,9
4636.048333333333,1.0,diagonal,30,10,600,0,3
4619.68,1.0,diagonal,30,10,600,0,6
4661.126666666667,1.0,diagonal,30,10,600,0,9
4168.333333333333,0.9833333333333333,diagonal,30,10,600,20,3
4132.825,0.9833333333333333,diagonal,30,10,600,20,6
4152.743333333333,0.9866666666666667,diagonal,30,10,600,20,9
3693.5,0.9716666666666667,diagonal,30,10,600,40,3
3659.6766666666667,0.9633333333333334,diagonal,30,10,600,40,6
3666.395,0.9733333333333334,diagonal,30,10,600,40,9
3215.431666666667,0.96,diagonal,30,10,600,60,3
3196.4816666666666,0.9516666666666667,diagonal,30,10,600,60,6
3173.665,0.96,diagonal,30,10,600,60,9
2729.39,0.9416666666666667,diagonal,30,10,600,80,3
2714.1116666666667,0.9416666666666667,diagonal,30,10,600,80,6
2679.6516666666666,0.9483333333333334,diagonal,30,10,600,80,9
4648.965714285714,1.0,diagonal,30,10,700,0,3
4623.225714285714,1.0,diagonal,30,10,700,0,6
4648.844285714285,1.0,diagonal,30,10,700,0,9
4170.947142857143,0.9828571428571429,diagonal,30,10,700,20,3
4161.777142857143,0.9814285714285714,diagonal,30,10,700,20,6
4165.93,0.9842857142857143,diagonal,30,10,700,20,9
3702.695714285714,0.9728571428571429,diagonal,30,10,700,40,3
3673.3185714285714,0.9614285714285714,diagonal,30,10,700,40,6
3677.1228571428574,0.9742857142857143,diagonal,30,10,700,40,9
3208.48,0.9571428571428572,diagonal,30,10,700,60,3
3197.9214285714284,0.9542857142857143,diagonal,30,10,700,60,6
3169.155714285714,0.9614285714285714,diagonal,30,10,700,60,9
2707.8685714285716,0.9342857142857143,diagonal,30,10,700,80,3
2702.11,0.9385714285714286,diagonal,30,10,700,80,6
2664.1714285714284,0.9557142857142857,diagonal,30,10,700,80,9
4654.28875,1.0,diagonal,30,10,800,0,3
4636.0775,1.0,diagonal,30,10,800,0,6
4647.46875,1.0,diagonal,30,10,800,0,9
4169.9875,0.98125,diagonal,30,10,800,20,3
4169.4375,0.975,diagonal,30,10,800,20,6
4143.9925,0.9875,diagonal,30,10,800,20,9
3671.97875,0.9725,diagonal,30,10,800,40,3
3679.5225,0.965,diagonal,30,10,800,40,6
3643.06375,0.98,diagonal,30,10,800,40,9
3195.00375,0.94875,diagonal,30,10,800,60,3
3186.88,0.95125,diagonal,30,10,800,60,6
3142.68,0.965,diagonal,30,10,800,60,9
2735.30125,0.935,diagonal,30,10,800,80,3
2706.5025,0.9475,diagonal,30,10,800,80,6
2675.50625,0.95125,diagonal,30,10,800,80,9
4648.462222222222,1.0,diagonal,30,10,900,0,3
4632.145555555556,1.0,diagonal,30,10,900,0,6
4638.0488888888885,1.0,diagonal,30,10,900,0,9
4170.405555555555,0.9822222222222222,diagonal,30,10,900,20,3
4161.01,0.98,diagonal,30,10,900,20,6
4133.317777777777,0.9866666666666667,diagonal,30,10,900,20,9
3681.65,0.97,diagonal,30,10,900,40,3
3684.722222222222,0.9733333333333334,diagonal,30,10,900,40,6
3648.5266666666666,0.9777777777777777,diagonal,30,10,900,40,9
3205.1844444444446,0.9522222222222222,diagonal,30,10,900,60,3
3196.331111111111,0.9611111111111111,diagonal,30,10,900,60,6
3151.076666666667,0.9611111111111111,diagonal,30,10,900,60,9
2723.7655555555557,0.9311111111111111,diagonal,30,10,900,80,3
2720.1566666666668,0.9511111111111111,diagonal,30,10,900,80,6
2667.121111111111,0.95,diagonal,30,10,900,80,9
4654.796,1.0,diagonal,30,10,1000,0,3
4648.234,1.0,diagonal,30,10,1000,0,6
4636.226,1.0,diagonal,30,10,1000,0,9
4168.992,0.983,diagonal,30,10,1000,20,3
4171.983,0.985,diagonal,30,10,1000,20,6
4130.364,0.989,diagonal,30,10,1000,20,9
3685.266,0.967,diagonal,30,10,1000,40,3
3694.029,0.972,diagonal,30,10,1000,40,6
3626.155,0.976,diagonal,30,10,1000,40,9
3209.525,0.95,diagonal,30,10,1000,60,3
3208.314,0.962,diagonal,30,10,1000,60,6
3152.021,0.965,diagonal,30,10,1000,60,9
2734.428,0.93,diagonal,30,10,1000,80,3
2725.186,0.949,diagonal,30,10,1000,80,6
2682.672,0.947,diagonal,30,10,1000,80,9
4087.13,1.0,mature,10,10,100,0,3
4013.19,1.0,mature,10,10,100,0,6
4026.98,1.0,mature,10,10,100,0,9
3714.43,1.0,mature,10,10,100,20,3
3623.65,1.0,mature,10,10,100,20,6
3610.28,1.0,mature,10,10,100,20,9
3265.92,1.0,mature,10,10,100,40,3
3268.74,1.0,mature,10,10,100,40,6
3186.5,1.0,mature,10,10,100,40,9
2871.53,1.0,mature,10,10,100,60,3
2874.88,0.99,mature,10,10,100,60,6
2810.76,1.0,mature,10,10,100,60,9
2519.8,1.0,mature,10,10,100,80,3
2449.29,0.98,mature,10,10,100,80,6
2387.76,1.0,mature,10,10,100,80,9
4073.575,1.0,mature,10,10,200,0,3
4062.11,1.0,mature,10,10,200,0,6
4078.73,1.0,mature,10,10,200,0,9
3679.31,1.0,mature,10,10,200,20,3
3657.695,1.0,mature,10,10,200,20,6
3652.795,1.0,mature,10,10,200,20,9
3254.58,1.0,mature,10,10,200,40,3
3259.355,0.99,mature,10,10,200,40,6
3223.34,1.0,mature,10,10,200,40,9
2850.795,1.0,mature,10,10,200,60,3
2844.09,0.99,mature,10,10,200,60,6
2772.965,1.0,mature,10,10,200,60,9
2466.65,1.0,mature,10,10,200,80,3
2443.815,0.99,mature,10,10,200,80,6
2382.615,0.995,mature,10,10,200,80,9
4046.17,1.0,mature,10,10,300,0,3
4043.943333333333,1.0,mature,10,10,300,0,6
4066.6766666666667,1.0,mature,10,10,300,0,9
3651.4,0.9933333333333333,mature,10,10,300,20,3
3655.6066666666666,0.9966666666666667,mature,10,10,300,20,6
3631.1,0.9966666666666667,mature,10,10,300,20,9
3242.6666666666665,1.0,mature,10,10,300,40,3
3246.7466666666664,0.9933333333333333,mature,10,10,300,40,6
3205.9566666666665,0.9966666666666667,mature,10,10,300,40,9
2837.78,0.9966666666666667,mature,10,10,300,60,3
2873.38,0.99,mature,10,10,300,60,6
2797.1133333333332,0.9966666666666667,mature,10,10,300,60,9
2433.3966666666665,0.9933333333333333,mature,10,10,300,80,3
2478.1133333333332,0.9933333333333333,mature,10,10,300,80,6
2407.7966666666666,0.9966666666666667,mature,10,10,300,80,9
4020.6775,1.0,mature,10,10,400,0,3
4053.3575,1.0,mature,10,10,400,0,6
4066.595,1.0,mature,10,10,400,0,9
3601.125,1.0,mature,10,10,400,20,3
3664.52,0.995,mature,10,10,400,20,6
3646.2675,1.0,mature,10,10,400,20,9
3202.18,0.995,mature,10,10,400,40,3
3258.8525,0.995,mature,10,10,400,40,6
3241.3525,0.9975,mature,10,10,400,40,9
2824.2525,0.995,mature,10,10,400,60,3
2845.22,0.995,mature,10,10,400,60,6
2843.78,1.0,mature,10,10,400,60,9
2431.4025,0.995,mature,10,10,400,80,3
2442.68,0.99,mature,10,10,400,80,6
2416.97,0.9975,mature,10,10,400,80,9
4009.004,1.0,mature,10,10,500,0,3
4044.902,1.0,mature,10,10,500,0,6
4056.632,1.0,mature,10,10,500,0,9
3610.354,0.996,mature,10,10,500,20,3
3652.926,0.996,mature,10,10,500,20,6
3636.838,1.0,mature,10,10,500,20,9
3239.72,0.996,mature,10,10,500,40,3
3245.476,0.994,mature,10,10,500,40,6
3240.518,1.0,mature,10,10,500,40,9
2850.472,0.998,mature,10,10,500,60,3
2832.8,0.992,mature,10,10,500,60,6
2806.91,1.0,mature,10,10,500,60,9
2447.68,0.994,mature,10,10,500,80,3
2452.442,0.992,mature,10,10,500,80,6
2418.094,0.996,mature,10,10,500,80,9
4025.405,1.0,mature,10,10,600,0,3
4040.6483333333335,1.0,mature,10,10,600,0,6
4059.82,1.0,mature,10,10,600,0,9
3643.435,0.9983333333333333,mature,10,10,600,20,3
3634.9283333333333,0.995,mature,10,10,600,20,6
3644.9133333333334,1.0,mature,10,10,600,20,9
3259.2566666666667,1.0,mature,10,10,600,40,3
3238.4683333333332,0.9933333333333333,mature,10,10,600,40,6
3223.6883333333335,1.0,mature,10,10,600,40,9
2846.07,0.9966666666666667,mature,10,10,600,60,3
2845.63,0.9916666666666667,mature,10,10,600,60,6
2806.565,0.9966666666666667,mature,10,10,600,60,9
2432.9616666666666,0.9933333333333333,mature,10,10,600,80,3
2454.62,0.9883333333333333,mature,10,10,600,80,6
2384.3616666666667,0.9966666666666667,mature,10,10,600,80,9
4030.7342857142858,1.0,mature,10,10,700,0,3
4037.937142857143,1.0,mature,10,10,700,0,6
4050.7814285714285,1.0,mature,10,10,700,0,9
3646.2257142857143,1.0,mature,10,10,700,20,3
3650.5,0.9942857142857143,mature,10,10,700,20,6
3631.85,1.0,mature,10,10,700,20,9
3243.632857142857,0.9971428571428571,mature,10,10,700,40,3
3252.0142857142855,0.9928571428571429,mature,10,10,700,40,6
3227.9842857142858,0.9985714285714286,mature,10,10,700,40,9
2831.8514285714286,0.9957142857142857,mature,10,10,700,60,3
2860.3728571428574,0.9914285714285714,mature,10,10,700,60,6
2809.32,0.9971428571428571,mature,10,10,700,60,9
2423.174285714286,0.99,mature,10,10,700,80,3
2466.64,0.9885714285714285,mature,10,10,700,80,6
2401.292857142857,0.9971428571428571,mature,10,10,700,80,9
4036.06375,1.0,mature,10,10,800,0,3
4050.765,1.0,mature,10,10,800,0,6
4054.88125,1.0,mature,10,10,800,0,9
3638.80125,0.9975,mature,10,10,800,20,3
3663.48625,0.9975,mature,10,10,800,20,6
3642.5575,1.0,mature,10,10,800,20,9
3229.93875,0.99625,mature,10,10,800,40,3
3256.1125,0.995,mature,10,10,800,40,6
3208.46375,0.9975,mature,10,10,800,40,9
2822.07625,0.9925,mature,10,10,800,60,3
2860.83,0.99,mature,10,10,800,60,6
2798.4,0.9975,mature,10,10,800,60,9
2432.48,0.99,mature,10,10,800,80,3
2460.78125,0.98875,mature,10,10,800,80,6
2407.8925,0.99625,mature,10,10,800,80,9
4033.806666666667,1.0,mature,10,10,900,0,3
4048.5777777777776,1.0,mature,10,10,900,0,6
4046.4666666666667,1.0,mature,10,10,900,0,9
3636.73,0.9977777777777778,mature,10,10,900,20,3
3651.548888888889,0.9955555555555555,mature,10,10,900,20,6
3633.837777777778,0.9988888888888889,mature,10,10,900,20,9
3231.5666666666666,0.9977777777777778,mature,10,10,900,40,3
3263.2944444444443,0.9922222222222222,mature,10,10,900,40,6
3220.757777777778,0.9977777777777778,mature,10,10,900,40,9
2833.722222222222,0.9944444444444445,mature,10,10,900,60,3
2860.9966666666664,0.9911111111111112,mature,10,10,900,60,6
2807.2233333333334,0.9966666666666667,mature,10,10,900,60,9
2441.7066666666665,0.99,mature,10,10,900,80,3
2467.3,0.9877777777777778,mature,10,10,900,80,6
2391.9844444444443,0.9933333333333333,mature,10,10,900,80,9
4043.238,1.0,mature,10,10,1000,0,3
4052.507,1.0,mature,10,10,1000,0,6
4044.55,1.0,mature,10,10,1000,0,9
3639.272,0.999,mature,10,10,1000,20,3
3658.226,0.995,mature,10,10,1000,20,6
3624.25,0.999,mature,10,10,1000,20,9
3234.471,0.997,mature,10,10,1000,40,3
3263.937,0.992,mature,10,10,1000,40,6
3205.904,0.998,mature,10,10,1000,40,9
2844.357,0.993,mature,10,10,1000,60,3
2868.088,0.992,mature,10,10,1000,60,6
2805.805,0.998,mature,10,10,1000,60,9
2457.6,0.99,mature,10,10,1000,80,3
2467.628,0.99,mature,10,10,1000,80,6
2399.491,0.995,mature,10,10,1000,80,9
4393.13,1.0,mature,20,10,100,0,3
4337.19,1.0,mature,20,10,100,0,6
4308.98,1.0,mature,20,10,100,0,9
3966.43,1.0,mature,20,10,100,20,3
3881.65,1.0,mature,20,10,100,20,6
3820.28,1.0,mature,20,10,100,20,9
3433.92,1.0,mature,20,10,100,40,3
3454.74,1.0,mature,20,10,100,40,6
3336.5,1.0,mature,20,10,100,40,9
2967.53,1.0,mature,20,10,100,60,3
2988.88,0.99,mature,20,10,100,60,6
2918.76,1.0,mature,20,10,100,60,9
2567.8,1.0,mature,20,10,100,80,3
2527.29,0.98,mature,20,10,100,80,6
2459.76,1.0,mature,20,10,100,80,9
4379.575,1.0,mature,20,10,200,0,3
4377.11,1.0,mature,20,10,200,0,6
4366.73,1.0,mature,20,10,200,0,9
3940.31,1.0,mature,20,10,200,20,3
3897.695,1.0,mature,20,10,200,20,6
3880.795,1.0,mature,20,10,200,20,9
3443.58,1.0,mature,20,10,200,40,3
3436.355,0.99,mature,20,10,200,40,6
3391.34,1.0,mature,20,10,200,40,9
2970.795,1.0,mature,20,10,200,60,3
2973.09,0.99,mature,20,10,200,60,6
2871.965,1.0,mature,20,10,200,60,9
2508.65,1.0,mature,20,10,200,80,3
2512.815,0.99,mature,20,10,200,80,6
2442.615,0.995,mature,20,10,200,80,9
4346.17,1.0,mature,20,10,300,0,3
4347.943333333334,1.0,mature,20,10,300,0,6
4350.676666666666,1.0,mature,20,10,300,0,9
3891.4,0.9933333333333333,mature,20,10,300,20,3
3897.6066666666666,0.9966666666666667,mature,20,10,300,20,6
3865.1,0.9966666666666667,mature,20,10,300,20,9
3410.6666666666665,1.0,mature,20,10,300,40,3
3424.7466666666664,0.9933333333333333,mature,20,10,300,40,6
3377.9566666666665,0.9966666666666667,mature,20,10,300,40,9
2957.78,0.9966666666666667,mature,20,10,300,60,3
2993.38,0.99,mature,20,10,300,60,6
2921.1133333333332,0.9966666666666667,mature,20,10,300,60,9
2487.3966666666665,0.9933333333333333,mature,20,10,300,80,3
2530.1133333333332,0.9933333333333333,mature,20,10,300,80,6
2465.7966666666666,0.9966666666666667,mature,20,10,300,80,9
4310.1775,1.0,mature,20,10,400,0,3
4354.8575,1.0,mature,20,10,400,0,6
4368.095,1.0,mature,20,10,400,0,9
3830.625,1.0,mature,20,10,400,20,3
3889.52,0.995,mature,20,10,400,20,6
3893.7675,1.0,mature,20,10,400,20,9
3373.18,0.995,mature,20,10,400,40,3
3432.8525,0.995,mature,20,10,400,40,6
3434.8525,0.9975,mature,20,10,400,40,9
2953.2525,0.995,mature,20,10,400,60,3
2956.22,0.995,mature,20,10,400,60,6
2965.28,1.0,mature,20,10,400,60,9
2497.4025,0.995,mature,20,10,400,80,3
2507.18,0.99,mature,20,10,400,80,6
2470.97,0.9975,mature,20,10,400,80,9
4305.404,1.0,mature,20,10,500,0,3
4340.102,1.0,mature,20,10,500,0,6
4360.232,1.0,mature,20,10,500,0,9
3844.354,0.996,mature,20,10,500,20,3
3890.526,0.996,mature,20,10,500,20,6
3885.238,1.0,mature,20,10,500,20,9
3430.52,0.996,mature,20,10,500,40,3
3417.076,0.994,mature,20,10,500,40,6
3420.518,1.0,mature,20,10,500,40,9
2972.872,0.998,mature,20,10,500,60,3
2955.2,0.992,mature,20,10,500,60,6
2919.71,1.0,mature,20,10,500,60,9
2504.08,0.994,mature,20,10,500,80,3
2501.642,0.992,mature,20,10,500,80,6
2482.894,0.996,mature,20,10,500,80,9
4322.405,1.0,mature,20,10,600,0,3
4336.6483333333335,1.0,mature,20,10,600,0,6
4367.82,1.0,mature,20,10,600,0,9
3889.435,0.9983333333333333,mature,20,10,600,20,3
3864.9283333333333,0.995,mature,20,10,600,20,6
3887.9133333333334,1.0,mature,20,10,600,20,9
3439.2566666666667,1.0,mature,20,10,600,40,3
3409.4683333333332,0.9933333333333333,mature,20,10,600,40,6
3402.6883333333335,1.0,mature,20,10,600,40,9
2955.07,0.9966666666666667,mature,20,10,600,60,3
2953.63,0.9916666666666667,mature,20,10,600,60,6
2935.565,0.9966666666666667,mature,20,10,600,60,9
2489.9616666666666,0.9933333333333333,mature,20,10,600,80,3
2506.62,0.9883333333333333,mature,20,10,600,80,6
2448.3616666666667,0.9966666666666667,mature,20,10,600,80,9
4328.162857142857,1.0,mature,20,10,700,0,3
4327.651428571428,1.0,mature,20,10,700,0,6
4361.067142857143,1.0,mature,20,10,700,0,9
3881.94,1.0,mature,20,10,700,20,3
3882.785714285714,0.9942857142857143,mature,20,10,700,20,6
3874.4214285714284,1.0,mature,20,10,700,20,9
3407.347142857143,0.9971428571428571,mature,20,10,700,40,3
3419.157142857143,0.9928571428571429,mature,20,10,700,40,6
3409.6985714285715,0.9985714285714286,mature,20,10,700,40,9
2938.137142857143,0.9957142857142857,mature,20,10,700,60,3
2969.23,0.9914285714285714,mature,20,10,700,60,6
2925.0342857142855,0.9971428571428571,mature,20,10,700,60,9
2481.46,0.99,mature,20,10,700,80,3
2525.782857142857,0.9885714285714285,mature,20,10,700,80,6
2466.4357142857143,0.9971428571428571,mature,20,10,700,80,9
4326.31375,1.0,mature,20,10,800,0,3
4341.015,1.0,mature,20,10,800,0,6
4357.13125,1.0,mature,20,10,800,0,9
3871.30125,0.9975,mature,20,10,800,20,3
3889.23625,0.9975,mature,20,10,800,20,6
3886.3075,1.0,mature,20,10,800,20,9
3397.93875,0.99625,mature,20,10,800,40,3
3427.1125,0.995,mature,20,10,800,40,6
3386.21375,0.9975,mature,20,10,800,40,9
2936.07625,0.9925,mature,20,10,800,60,3
2979.33,0.99,mature,20,10,800,60,6
2922.9,0.9975,mature,20,10,800,60,9
2490.98,0.99,mature,20,10,800,80,3
2521.53125,0.98875,mature,20,10,800,80,6
2470.1425,0.99625,mature,20,10,800,80,9
4329.806666666666,1.0,mature,20,10,900,0,3
4342.577777777778,1.0,mature,20,10,900,0,6
4346.466666666666,1.0,mature,20,10,900,0,9
3870.0633333333335,0.9977777777777778,mature,20,10,900,20,3
3883.548888888889,0.9955555555555555,mature,20,10,900,20,6
3875.1711111111113,0.9988888888888889,mature,20,10,900,20,9
3398.233333333333,0.9977777777777778,mature,20,10,900,40,3
3442.6277777777777,0.9922222222222222,mature,20,10,900,40,6
3400.757777777778,0.9977777777777778,mature,20,10,900,40,9
2943.722222222222,0.9944444444444445,mature,20,10,900,60,3
2983.6633333333334,0.9911111111111112,mature,20,10,900,60,6
2936.556666666667,0.9966666666666667,mature,20,10,900,60,9
2505.04,0.99,mature,20,10,900,80,3
2529.9666666666667,0.9877777777777778,mature,20,10,900,80,6
2458.6511111111113,0.9933333333333333,mature,20,10,900,80,9
4335.438,1.0,mature,20,10,1000,0,3
4350.107,1.0,mature,20,10,1000,0,6
4346.35,1.0,mature,20,10,1000,0,9
3868.472,0.999,mature,20,10,1000,20,3
3894.026,0.995,mature,20,10,1000,20,6
3867.25,0.999,mature,20,10,1000,20,9
3409.071,0.997,mature,20,10,1000,40,3
3448.737,0.992,mature,20,10,1000,40,6
3396.104,0.998,mature,20,10,1000,40,9
2966.757,0.993,mature,20,10,1000,60,3
2987.488,0.992,mature,20,10,1000,60,6
2933.005,0.998,mature,20,10,1000,60,9
2523.0,0.99,mature,20,10,1000,80,3
2527.028,0.99,mature,20,10,1000,80,6
2458.291,0.995,mature,20,10,1000,80,9
4741.13,1.0,mature,30,10,100,0,3
4619.19,1.0,mature,30,10,100,0,6
4656.98,1.0,mature,30,10,100,0,9
4224.43,1.0,mature,30,10,100,20,3
4067.65,1.0,mature,30,10,100,20,6
4108.28,1.0,mature,30,10,100,20,9
3637.92,1.0,mature,30,10,100,40,3
3604.74,1.0,mature,30,10,100,40,6
3606.5,1.0,mature,30,10,100,40,9
3105.53,1.0,mature,30,10,100,60,3
3090.88,0.99,mature,30,10,100,60,6
3104.76,1.0,mature,30,10,100,60,9
2639.8,1.0,mature,30,10,100,80,3
2581.29,0.98,mature,30,10,100,80,6
2531.76,1.0,mature,30,10,100,80,9
4685.575,1.0,mature,30,10,200,0,3
4650.11,1.0,mature,30,10,200,0,6
4738.73,1.0,mature,30,10,200,0,9
4159.31,1.0,mature,30,10,200,20,3
4122.695,1.0,mature,30,10,200,20,6
4180.795,1.0,mature,30,10,200,20,9
3608.58,1.0,mature,30,10,200,40,3
3604.355,0.99,mature,30,10,200,40,6
3622.34,1.0,mature,30,10,200,40,9
3102.795,1.0,mature,30,10,200,60,3
3081.09,0.99,mature,30,10,200,60,6
3006.965,1.0,mature,30,10,200,60,9
2574.65,1.0,mature,30,10,200,80,3
2551.815,0.99,mature,30,10,200,80,6
2499.615,0.995,mature,30,10,200,80,9
4658.17,1.0,mature,30,10,300,0,3
4641.943333333334,1.0,mature,30,10,300,0,6
4716.676666666666,1.0,mature,30,10,300,0,9
4135.4,0.9933333333333333,mature,30,10,300,20,3
4173.606666666667,0.9966666666666667,mature,30,10,300,20,6
4147.1,0.9966666666666667,mature,30,10,300,20,9
3626.6666666666665,1.0,mature,30,10,300,40,3
3632.7466666666664,0.9933333333333333,mature,30,10,300,40,6
3593.9566666666665,0.9966666666666667,mature,30,10,300,40,9
3089.78,0.9966666666666667,mature,30,10,300,60,3
3129.38,0.99,mature,30,10,300,60,6
3059.1133333333332,0.9966666666666667,mature,30,10,300,60,9
2563.3966666666665,0.9933333333333333,mature,30,10,300,80,3
2586.1133333333332,0.9933333333333333,mature,30,10,300,80,6
2529.7966666666666,0.9966666666666667,mature,30,10,300,80,9
4638.6775,1.0,mature,30,10,400,0,3
4644.3575,1.0,mature,30,10,400,0,6
4686.095,1.0,mature,30,10,400,0,9
4094.625,1.0,mature,30,10,400,20,3
4143.02,0.995,mature,30,10,400,20,6
4145.7675,1.0,mature,30,10,400,20,9
3565.18,0.995,mature,30,10,400,40,3
3596.3525,0.995,mature,30,10,400,40,6
3575.8525,0.9975,mature,30,10,400,40,9
3052.2525,0.995,mature,30,10,400,60,3
3056.72,0.995,mature,30,10,400,60,6
3061.28,1.0,mature,30,10,400,60,9
2563.4025,0.995,mature,30,10,400,80,3
2546.18,0.99,mature,30,10,400,80,6
2533.97,0.9975,mature,30,10,400,80,9
4624.604,1.0,mature,30,10,500,0,3
4626.902,1.0,mature,30,10,500,0,6
4660.232,1.0,mature,30,10,500,0,9
4086.754,0.996,mature,30,10,500,20,3
4114.926,0.996,mature,30,10,500,20,6
4098.838,1.0,mature,30,10,500,20,9
3591.32,0.996,mature,30,10,500,40,3
3592.276,0.994,mature,30,10,500,40,6
3586.118,1.0,mature,30,10,500,40,9
3079.672,0.998,mature,30,10,500,60,3
3075.2,0.992,mature,30,10,500,60,6
3042.11,1.0,mature,30,10,500,60,9
2578.48,0.994,mature,30,10,500,80,3
2586.842,0.992,mature,30,10,500,80,6
2534.494,0.996,mature,30,10,500,80,9
4635.405,1.0,mature,30,10,600,0,3
4635.6483333333335,1.0,mature,30,10,600,0,6
4651.82,1.0,mature,30,10,600,0,9
4134.435,0.9983333333333333,mature,30,10,600,20,3
4114.928333333333,0.995,mature,30,10,600,20,6
4117.913333333333,1.0,mature,30,10,600,20,9
3628.2566666666667,1.0,mature,30,10,600,40,3
3609.4683333333332,0.9933333333333333,mature,30,10,600,40,6
3582.6883333333335,1.0,mature,30,10,600,40,9
3105.07,0.9966666666666667,mature,30,10,600,60,3
3107.63,0.9916666666666667,mature,30,10,600,60,6
3049.565,0.9966666666666667,mature,30,10,600,60,9
2563.9616666666666,0.9933333333333333,mature,30,10,600,80,3
2588.62,0.9883333333333333,mature,30,10,600,80,6
2502.3616666666667,0.9966666666666667,mature,30,10,600,80,9
4650.448571428571,1.0,mature,30,10,700,0,3
4639.651428571428,1.0,mature,30,10,700,0,6
4639.638571428572,1.0,mature,30,10,700,0,9
4142.511428571429,1.0,mature,30,10,700,20,3
4142.5,0.9942857142857143,mature,30,10,700,20,6
4110.992857142857,1.0,mature,30,10,700,20,9
3627.632857142857,0.9971428571428571,mature,30,10,700,40,3
3618.8714285714286,0.9928571428571429,mature,30,10,700,40,6
3583.6985714285715,0.9985714285714286,mature,30,10,700,40,9
3081.28,0.9957142857142857,mature,30,10,700,60,3
3108.0871428571427,0.9914285714285714,mature,30,10,700,60,6
3037.32,0.9971428571428571,mature,30,10,700,60,9
2534.602857142857,0.99,mature,30,10,700,80,3
2575.497142857143,0.9885714285714285,mature,30,10,700,80,6
2501.5785714285716,0.9971428571428571,mature,30,10,700,80,9
4655.56375,1.0,mature,30,10,800,0,3
4655.265,1.0,mature,30,10,800,0,6
4639.13125,1.0,mature,30,10,800,0,9
4130.80125,0.9975,mature,30,10,800,20,3
4149.48625,0.9975,mature,30,10,800,20,6
4102.3075,1.0,mature,30,10,800,20,9
3589.93875,0.99625,mature,30,10,800,40,3
3622.1125,0.995,mature,30,10,800,40,6
3553.46375,0.9975,mature,30,10,800,40,9
3064.32625,0.9925,mature,30,10,800,60,3
3092.58,0.99,mature,30,10,800,60,6
3020.4,0.9975,mature,30,10,800,60,9
2562.23,0.99,mature,30,10,800,80,3
2577.03125,0.98875,mature,30,10,800,80,6
2518.8925,0.99625,mature,30,10,800,80,9
4650.473333333333,1.0,mature,30,10,900,0,3
4649.2444444444445,1.0,mature,30,10,900,0,6
4627.133333333333,1.0,mature,30,10,900,0,9
4132.0633333333335,0.9977777777777778,mature,30,10,900,20,3
4135.5488888888885,0.9955555555555555,mature,30,10,900,20,6
4095.837777777778,0.9988888888888889,mature,30,10,900,20,9
3600.233333333333,0.9977777777777778,mature,30,10,900,40,3
3626.6277777777777,0.9922222222222222,mature,30,10,900,40,6
3569.4244444444444,0.9977777777777778,mature,30,10,900,40,9
3083.0555555555557,0.9944444444444445,mature,30,10,900,60,3
3102.33,0.9911111111111112,mature,30,10,900,60,6
3033.2233333333334,0.9966666666666667,mature,30,10,900,60,9
2563.04,0.99,mature,30,10,900,80,3
2593.3,0.9877777777777778,mature,30,10,900,80,6
2503.317777777778,0.9933333333333333,mature,30,10,900,80,9
4660.038,1.0,mature,30,10,1000,0,3
4663.307,1.0,mature,30,10,1000,0,6
4630.15,1.0,mature,30,10,1000,0,9
4128.272,0.999,mature,30,10,1000,20,3
4147.226,0.995,mature,30,10,1000,20,6
4090.45,0.999,mature,30,10,1000,20,9
3605.871,0.997,mature,30,10,1000,40,3
3635.337,0.992,mature,30,10,1000,40,6
3549.704,0.998,mature,30,10,1000,40,9
3088.557,0.993,mature,30,10,1000,60,3
3115.288,0.992,mature,30,10,1000,60,6
3032.605,0.998,mature,30,10,1000,60,9
2574.6,0.99,mature,30,10,1000,80,3
2597.828,0.99,mature,30,10,1000,80,6
2515.291,0.995,mature,30,10,1000,80,9
