start,end,rq_time,rq_type,subnetwork,request_id,start_station_street_ids,end_station_street_ids,walk_start_to_station_street_distance,walk_start_to_station_street_tt,walk_station_to_end_street_distance,walk_station_to_end_street_tt,start_station_street_arrival_time
10,73,10410,intra,left,0,[5; 61],[55],2500,1879,1000,751,12289
109,79,13680,intra,left,1,[110],[58; 77],500,375,1000,751,14055
62,25,3630,intra,left,2,[54],[27],500,375,1000,751,4005
111,33,10680,intra,left,3,[110],[54],500,375,1000,751,11055
110,68,11520,intra,left,4,[110],[58],0,0,500,375,11520
2,76,4530,intra,left,5,[5],[77],1500,1127,500,375,5657
66,5,7350,intra,left,6,[117; 119],[5],500,375,0,0,7725
114,43,9510,intra,left,7,[110],[61],2000,1503,1000,751,11013
101,49,7560,intra,left,8,[99],[116; 118],1000,751,500,375,8311
101,62,6000,intra,left,9,[99],[54],1000,751,500,375,6751
63,19,6150,intra,left,10,[55],[16],500,375,1500,1127,6525
57,5,12780,intra,left,11,[57],[5],0,0,0,0,12780
26,78,7170,intra,left,12,[27],[77],500,375,500,375,7545
70,106,10140,intra,left,13,[60],[110],500,375,2000,1503,10515
63,10,13290,intra,left,14,[55],[5; 61],500,375,2500,1879,13665
85,11,7470,intra,left,15,[56; 88],[54],1500,1127,2000,1503,8597
82,35,4830,intra,left,16,[61],[56],1000,751,1000,751,5581
105,24,4860,intra,left,17,[54; 110],[27; 56],2500,1879,1500,1127,6739
67,7,4680,intra,left,18,[118; 119],[5],500,375,1000,751,5055
33,76,5640,intra,left,19,[54],[77],1000,751,500,375,6391
33,15,9510,intra,left,20,[54],[16],1000,751,500,375,10261
47,21,11130,intra,left,21,[57],[61],500,375,2000,1503,11505
70,1,3870,intra,left,22,[60],[5],500,375,2000,1503,4245
48,101,4860,intra,left,23,[116; 117],[99],500,375,1000,751,5235
40,77,5790,intra,left,24,[38; 58],[77],1000,751,0,0,6541
82,66,8190,intra,left,25,[61],[117; 119],1000,751,500,375,8941
21,76,10620,intra,left,26,[61],[77],2000,1503,500,375,12123
113,14,11940,intra,left,27,[110],[16],1500,1127,1000,751,13067
3,33,4680,intra,left,28,[5],[54],1000,751,1000,751,5431
105,24,5400,intra,left,29,[54; 110],[27; 56],2500,1879,1500,1127,7279
58,20,14340,intra,left,30,[58],[16; 60],0,0,2000,1503,14340
82,111,7230,intra,left,31,[61],[110],1000,751,500,375,7981
70,28,12780,intra,left,32,[60],[27],500,375,500,375,13155
69,111,12300,intra,left,33,[59],[110],500,375,500,375,12675
91,28,5250,intra,left,34,[59; 88],[27],1500,1127,500,375,6377
110,46,6360,intra,left,35,[110],[56],0,0,500,375,6360
63,108,8760,intra,left,36,[55],[110],500,375,1000,751,9135
1,108,7950,intra,left,37,[5],[110],2000,1503,1000,751,9453
91,7,10440,intra,left,38,[59; 88],[5],1500,1127,1000,751,11567
50,88,5910,intra,left,39,[58],[88],500,375,0,0,6285
80,106,5880,intra,left,40,[59],[110],1000,751,2000,1503,6631
57,82,9720,intra,left,41,[57],[61],0,0,1000,751,9720
110,46,8130,intra,left,42,[110],[56],0,0,500,375,8130
22,48,12450,intra,left,43,[54],[116; 117],1500,1127,500,375,13577
91,37,6810,intra,left,44,[59; 88],[38],1500,1127,500,375,7937
33,88,11940,intra,left,45,[54],[88],1000,751,0,0,12691
51,95,13410,intra,left,46,[59],[55; 99],500,375,2000,1503,13785
71,107,13440,intra,left,47,[61],[110],500,375,1500,1127,13815
99,42,11430,intra,left,48,[99],[60],0,0,1000,751,11430
57,99,7200,intra,left,49,[57],[99],0,0,0,0,7200
96,23,6210,intra,left,50,[99],[55],1500,1127,1500,1127,7337
45,31,7920,intra,left,51,[55],[60],500,375,1500,1127,8295
99,69,4650,intra,left,52,[99],[59],0,0,500,375,4650
109,2,14250,intra,left,53,[110],[5],500,375,1500,1127,14625
14,20,7350,intra,left,54,[16],[16; 60],1000,751,2000,1503,8101
29,57,6660,intra,left,55,[27],[57],1000,751,0,0,7411
62,99,4140,intra,left,56,[54],[99],500,375,0,0,4515
72,88,8400,intra,left,57,[54],[88],1000,751,0,0,9151
16,113,6720,intra,left,58,[16],[110],0,0,1500,1127,6720
89,44,9120,intra,left,59,[88],[54],500,375,500,375,9495
73,60,7470,intra,left,60,[55],[60],1000,751,0,0,8221
114,25,4350,intra,left,61,[110],[27],2000,1503,1000,751,5853
37,91,11760,intra,left,62,[38],[59; 88],500,375,1500,1127,12135
68,98,9420,intra,left,63,[58],[99],500,375,500,375,9795
12,49,5010,intra,left,64,[16; 55],[116; 118],2000,1503,500,375,6513
14,94,10860,intra,left,65,[16],[54],1000,751,2000,1503,11611
64,91,11340,intra,left,66,[56],[59; 88],500,375,1500,1127,11715
39,108,11610,intra,left,67,[38],[110],500,375,1000,751,11985
86,38,8700,intra,left,68,[88],[38],1000,751,0,0,9451
100,63,9180,intra,left,69,[99],[55],500,375,500,375,9555
24,66,10170,intra,left,70,[27; 56],[117; 119],1500,1127,500,375,11297
20,34,6570,intra,left,71,[16; 60],[55],2000,1503,1000,751,8073
107,41,5460,intra,left,72,[110],[59],1500,1127,1000,751,6587
110,63,8880,intra,left,73,[110],[55],0,0,500,375,8880
39,86,10350,intra,left,74,[38],[88],500,375,1000,751,10725
58,24,10200,intra,left,75,[58],[27; 56],0,0,1500,1127,10200
13,29,11340,intra,left,76,[16],[27],1500,1127,1000,751,12467
82,11,13800,intra,left,77,[61],[54],1000,751,2000,1503,14551
106,58,6720,intra,left,78,[110],[58],2000,1503,0,0,8223
39,33,8070,intra,left,79,[38],[54],500,375,1000,751,8445
31,102,4230,intra,left,80,[60],[99],1500,1127,1500,1127,5357
53,105,4290,intra,left,81,[61],[54; 110],500,375,2500,1879,4665
59,96,5160,intra,left,82,[59],[99],0,0,1500,1127,5160
34,7,5010,intra,left,83,[55],[5],1000,751,1000,751,5761
101,46,5940,intra,left,84,[99],[56],1000,751,500,375,6691
40,106,9540,intra,left,85,[38; 58],[110],1000,751,2000,1503,10291
5,106,11610,intra,left,86,[5],[110],0,0,2000,1503,11610
42,11,3630,intra,left,87,[60],[54],1000,751,2000,1503,4381
7,114,6480,intra,left,88,[5],[110],1000,751,2000,1503,7231
69,63,7590,intra,left,89,[59],[55],500,375,500,375,7965
8,45,13500,intra,left,90,[5],[55],1500,1127,500,375,14627
39,105,9420,intra,left,91,[38],[54; 110],500,375,2500,1879,9795
42,22,9870,intra,left,92,[60],[54],1000,751,1500,1127,10621
50,83,13590,intra,left,93,[58],[54],500,375,1500,1127,13965
96,69,6600,intra,left,94,[99],[59],1500,1127,500,375,7727
44,99,11880,intra,left,95,[54],[99],500,375,0,0,12255
16,84,12750,intra,left,96,[16],[55],0,0,1500,1127,12750
72,82,12090,intra,left,97,[54],[61],1000,751,1000,751,12841
5,84,5400,intra,left,98,[5],[55],0,0,1500,1127,5400
27,79,9090,intra,left,99,[27],[58; 77],0,0,1000,751,9090
106,23,13770,intra,left,100,[110],[55],2000,1503,1500,1127,15273
98,116,14310,intra,left,101,[99],[116],500,375,0,0,14685
81,117,5220,intra,left,102,[60],[117],1000,751,0,0,5971
108,58,14370,intra,left,103,[110],[58],1000,751,0,0,15121
116,19,11820,intra,left,104,[116],[16],0,0,1500,1127,11820
71,26,8250,intra,left,105,[61],[27],500,375,500,375,8625
20,111,6750,intra,left,106,[16; 60],[110],2000,1503,500,375,8253
26,80,12990,intra,left,107,[27],[59],500,375,1000,751,13365
116,108,4170,intra,left,108,[116],[110],0,0,1000,751,4170
52,73,8730,intra,left,109,[60],[55],500,375,1000,751,9105
26,107,5220,intra,left,110,[27],[110],500,375,1500,1127,5595
14,101,10050,intra,left,111,[16],[99],1000,751,1000,751,10801
33,81,8910,intra,left,112,[54],[60],1000,751,1000,751,9661
86,39,8850,intra,left,113,[88],[38],1000,751,500,375,9601
115,107,5550,intra,left,114,[61; 110],[110],2500,1879,1500,1127,7429
112,61,5310,intra,left,115,[110],[61],1000,751,0,0,6061
63,31,10140,intra,left,116,[55],[60],500,375,1500,1127,10515
4,75,12990,intra,left,117,[5],[57; 77],500,375,1000,751,13365
35,17,14010,intra,left,118,[56],[16],1000,751,500,375,14761
89,38,9120,intra,left,119,[88],[38],500,375,0,0,9495
35,90,5070,intra,left,120,[56],[88],1000,751,1000,751,5821
26,115,5700,intra,left,121,[27],[61; 110],500,375,2500,1879,6075
107,114,10920,intra,left,122,[110],[110],1500,1127,2000,1503,12047
72,4,7680,intra,left,123,[54],[5],1000,751,500,375,8431
48,1,7080,intra,left,124,[116; 117],[5],500,375,2000,1503,7455
111,16,9990,intra,left,125,[110],[16],500,375,0,0,10365
93,105,11610,intra,left,126,[61],[54; 110],1500,1127,2500,1879,12737
72,116,6180,intra,left,127,[54],[116],1000,751,0,0,6931
55,90,9750,intra,left,128,[55],[88],0,0,1000,751,9750
73,61,5460,intra,left,129,[55],[61],1000,751,0,0,6211
20,85,5550,intra,left,130,[16; 60],[56; 88],2000,1503,1500,1127,7053
108,91,14160,intra,left,131,[110],[59; 88],1000,751,1500,1127,14911
91,44,7500,intra,left,132,[59; 88],[54],1500,1127,500,375,8627
8,109,8790,intra,left,133,[5],[110],1500,1127,500,375,9917
11,32,7920,intra,left,134,[54],[61],2000,1503,1500,1127,9423
58,63,6060,intra,left,135,[58],[55],0,0,500,375,6060
47,5,13470,intra,left,136,[57],[5],500,375,0,0,13845
26,53,6360,intra,left,137,[27],[61],500,375,500,375,6735
49,21,7890,intra,left,138,[116; 118],[61],500,375,2000,1503,8265
47,9,12330,intra,left,139,[57],[5],500,375,2000,1503,12705
96,21,6300,intra,left,140,[99],[61],1500,1127,2000,1503,7427
90,31,5580,intra,left,141,[88],[60],1000,751,1500,1127,6331
119,44,11040,intra,left,142,[119],[54],0,0,500,375,11040
33,69,14040,intra,left,143,[54],[59],1000,751,500,375,14791
30,109,9330,intra,left,144,[27; 59],[110],1500,1127,500,375,10457
69,26,7470,intra,left,145,[59],[27],500,375,500,375,7845
18,85,7440,intra,left,146,[16],[56; 88],1000,751,1500,1127,8191
30,117,5730,intra,left,147,[27; 59],[117],1500,1127,0,0,6857
25,108,6900,intra,left,148,[27],[110],1000,751,1000,751,7651
61,16,12030,intra,left,149,[61],[16],0,0,0,0,12030
9,62,9000,intra,left,150,[5],[54],2000,1503,500,375,10503
113,3,8280,intra,left,151,[110],[5],1500,1127,1000,751,9407
12,65,11970,intra,left,152,[16; 55],[57],2000,1503,500,375,13473
64,91,11820,intra,left,153,[56],[59; 88],500,375,1500,1127,12195
39,82,5880,intra,left,154,[38],[61],500,375,1000,751,6255
6,82,7710,intra,left,155,[5],[61],500,375,1000,751,8085
40,63,11610,intra,left,156,[38; 58],[55],1000,751,500,375,12361
83,7,5070,intra,left,157,[54],[5],1500,1127,1000,751,6197
110,40,4830,intra,left,158,[110],[38; 58],0,0,1000,751,4830
93,107,4440,intra,left,159,[61],[110],1500,1127,1500,1127,5567
97,14,4980,intra,left,160,[99],[16],1000,751,1000,751,5731
3,85,12270,intra,left,161,[5],[56; 88],1000,751,1500,1127,13021
73,49,4650,intra,left,162,[55],[116; 118],1000,751,500,375,5401
42,86,6090,intra,left,163,[60],[88],1000,751,1000,751,6841
68,4,7410,intra,left,164,[58],[5],500,375,500,375,7785
85,6,8880,intra,left,165,[56; 88],[5],1500,1127,500,375,10007
9,58,8520,intra,left,166,[5],[58],2000,1503,0,0,10023
100,57,10110,intra,left,167,[99],[57],500,375,0,0,10485
30,98,13110,intra,left,168,[27; 59],[99],1500,1127,500,375,14237
18,80,3780,intra,left,169,[16],[59],1000,751,1000,751,4531
13,95,10380,intra,left,170,[16],[55; 99],1500,1127,2000,1503,11507
96,58,10440,intra,left,171,[99],[58],1500,1127,0,0,11567
73,5,8370,intra,left,172,[55],[5],1000,751,0,0,9121
27,53,11850,intra,left,173,[27],[61],0,0,500,375,11850
93,27,9720,intra,left,174,[61],[27],1500,1127,0,0,10847
114,17,11220,intra,left,175,[110],[16],2000,1503,500,375,12723
92,8,13980,intra,left,176,[60],[5],1500,1127,1500,1127,15107
38,82,10680,intra,left,177,[38],[61],0,0,1000,751,10680
49,87,7770,intra,left,178,[116; 118],[88],500,375,500,375,8145
38,101,7140,intra,left,179,[38],[99],0,0,1000,751,7140
64,59,9330,intra,left,180,[56],[59],500,375,0,0,9705
20,94,5070,intra,left,181,[16; 60],[54],2000,1503,2000,1503,6573
108,60,14160,intra,left,182,[110],[60],1000,751,0,0,14911
5,74,8070,intra,left,183,[5],[56],0,0,1000,751,8070
32,36,4320,intra,left,184,[61],[38; 57],1500,1127,1000,751,5447
39,112,14220,intra,left,185,[38],[110],500,375,1000,751,14595
69,1,9000,intra,left,186,[59],[5],500,375,2000,1503,9375
61,99,5610,intra,left,187,[61],[99],0,0,0,0,5610
5,99,6060,intra,left,188,[5],[99],0,0,0,0,6060
67,42,11940,intra,left,189,[118; 119],[60],500,375,1000,751,12315
64,10,9990,intra,left,190,[56],[5; 61],500,375,2500,1879,10365
36,67,7470,intra,left,191,[38; 57],[118; 119],1000,751,500,375,8221
119,7,8220,intra,left,192,[119],[5],0,0,1000,751,8220
61,74,11730,intra,left,193,[61],[56],0,0,1000,751,11730
56,51,5790,intra,left,194,[56],[59],0,0,500,375,5790
63,118,12810,intra,left,195,[55],[118],500,375,0,0,13185
85,5,13980,intra,left,196,[56; 88],[5],1500,1127,0,0,15107
12,53,10140,intra,left,197,[16; 55],[61],2000,1503,500,375,11643
111,26,12390,intra,left,198,[110],[27],500,375,500,375,12765
0,113,13950,intra,left,199,[5; 54],[110],2500,1879,1500,1127,15829
44,40,5910,intra,left,200,[54],[38; 58],500,375,1000,751,6285
56,98,12630,intra,left,201,[56],[99],0,0,500,375,12630
53,105,9930,intra,left,202,[61],[54; 110],500,375,2500,1879,10305
9,95,7740,intra,left,203,[5],[55; 99],2000,1503,2000,1503,9243
119,96,5700,intra,left,204,[119],[99],0,0,1500,1127,5700
89,18,8550,intra,left,205,[88],[16],500,375,1000,751,8925
40,74,10590,intra,left,206,[38; 58],[56],1000,751,1000,751,11341
104,86,6990,intra,left,207,[61],[88],2000,1503,1000,751,8493
61,19,11730,intra,left,208,[61],[16],0,0,1500,1127,11730
91,17,14130,intra,left,209,[59; 88],[16],1500,1127,500,375,15257
96,129,14040,inter,left,210,[99],[126],1500,1127,1500,1127,15167
60,190,13380,inter,left,211,[60],[180],0,0,500,375,13380
42,218,10110,inter,left,212,[60],[220],1000,751,1000,751,10861
70,182,10710,inter,left,213,[60],[182],500,375,0,0,11085
80,232,4680,inter,left,214,[59],[231],1000,751,500,375,5431
24,208,4230,inter,left,215,[27; 56],[209],1500,1127,500,375,5357
32,123,12420,inter,left,216,[61],[126],1500,1127,1500,1127,13547
80,127,7890,inter,left,217,[59],[126],1000,751,500,375,8641
96,127,14340,inter,left,218,[99],[126],1500,1127,500,375,15467
18,226,14220,inter,left,219,[16],[175; 231],1000,751,2500,1879,14971
20,221,8220,inter,left,220,[16; 60],[220],2000,1503,500,375,9723
3,166,14010,inter,left,221,[5],[176],1000,751,500,375,14761
35,145,11970,inter,left,222,[56],[148; 177],1000,751,1500,1127,12721
20,140,9090,inter,left,223,[16; 60],[137],2000,1503,1500,1127,10593
40,234,7440,inter,left,224,[38; 58],[231],1000,751,1500,1127,8191
71,158,8880,inter,left,225,[61],[159],500,375,500,375,9255
74,142,8910,inter,left,226,[56],[182],1000,751,2000,1503,9661
43,129,4140,inter,left,227,[61],[126],1000,751,1500,1127,4891
114,192,6690,inter,left,228,[110],[182],2000,1503,500,375,8193
66,200,10110,inter,left,229,[117; 119],[179; 198],500,375,1000,751,10485
26,220,9600,inter,left,230,[27],[220],500,375,0,0,9975
51,180,12930,inter,left,231,[59],[180],500,375,0,0,13305
71,158,8610,inter,left,232,[61],[159],500,375,500,375,8985
98,186,12480,inter,left,233,[99],[178],500,375,500,375,12855
106,159,8220,inter,left,234,[110],[159],2000,1503,0,0,9723
10,121,5790,inter,left,235,[5; 61],[126; 175],2500,1879,2500,1879,7669
60,134,5880,inter,left,236,[60],[137],0,0,1500,1127,5880
72,128,8010,inter,left,237,[54],[126],1000,751,1000,751,8761
7,169,4830,inter,left,238,[5],[237; 238],1000,751,500,375,5581
83,200,4350,inter,left,239,[54],[179; 198],1500,1127,1000,751,5477
72,236,7260,inter,left,240,[54],[182; 231],1000,751,2500,1879,8011
114,168,12630,inter,left,241,[110],[178],2000,1503,500,375,14133
77,150,3870,inter,left,242,[77],[148],0,0,1000,751,3870
87,177,11850,inter,left,243,[88],[177],500,375,0,0,12225
7,150,4290,inter,left,244,[5],[148],1000,751,1000,751,5041
35,198,4560,inter,left,245,[56],[198],1000,751,0,0,5311
30,148,11010,inter,left,246,[27; 59],[148],1500,1127,0,0,12137
4,170,8760,inter,left,247,[5],[237; 239],500,375,500,375,9135
52,142,14040,inter,left,248,[60],[182],500,375,2000,1503,14415
104,220,14130,inter,left,249,[61],[220],2000,1503,0,0,15633
28,130,3900,inter,left,250,[27],[126],500,375,2000,1503,4275
13,204,12750,inter,left,251,[16],[175],1500,1127,1500,1127,13877
47,203,12450,inter,left,252,[57],[182],500,375,1000,751,12825
53,205,8340,inter,left,253,[61],[176],500,375,1500,1127,8715
60,178,12600,inter,left,254,[60],[178],0,0,0,0,12600
99,168,4350,inter,left,255,[99],[178],0,0,500,375,4350
82,168,9450,inter,left,256,[61],[178],1000,751,500,375,10201
52,142,13710,inter,left,257,[60],[182],500,375,2000,1503,14085
30,226,11700,inter,left,258,[27; 59],[175; 231],1500,1127,2500,1879,12827
10,142,4500,inter,left,259,[5; 61],[182],2500,1879,2000,1503,6379
112,231,9090,inter,left,260,[110],[231],1000,751,0,0,9841
111,150,6330,inter,left,261,[110],[148],500,375,1000,751,6705
105,185,3990,inter,left,262,[54; 110],[177],2500,1879,500,375,5869
25,198,13920,inter,left,263,[27],[198],1000,751,0,0,14671
73,188,13170,inter,left,264,[55],[239; 240],1000,751,500,375,13921
94,197,12870,inter,left,265,[54],[198],2000,1503,500,375,14373
24,193,6900,inter,left,266,[27; 56],[175],1500,1127,1000,751,8027
68,189,10320,inter,left,267,[58],[179],500,375,500,375,10695
37,199,11820,inter,left,268,[38],[198],500,375,500,375,12195
51,123,7590,inter,left,269,[59],[126],500,375,1500,1127,7965
51,217,9660,inter,left,270,[59],[220],500,375,1500,1127,10035
82,157,10800,inter,left,271,[61],[159; 178],1000,751,1000,751,11551
75,224,6420,inter,left,272,[57; 77],[181; 220],1000,751,2000,1503,7171
75,159,9000,inter,left,273,[57; 77],[159],1000,751,0,0,9751
81,129,9750,inter,left,274,[60],[126],1000,751,1500,1127,10501
109,227,8130,inter,left,275,[110],[231],500,375,2000,1503,8505
89,206,4950,inter,left,276,[88],[177; 209],500,375,1500,1127,5325
39,131,11130,inter,left,277,[38],[126; 182],500,375,2500,1879,11505
77,190,14010,inter,left,278,[77],[180],0,0,500,375,14010
71,217,4950,inter,left,279,[61],[220],500,375,1500,1127,5325
92,177,7470,inter,left,280,[60],[177],1500,1127,0,0,8597
72,167,7500,inter,left,281,[54],[177],1000,751,500,375,8251
108,134,13020,inter,left,282,[110],[137],1000,751,1500,1127,13771
100,185,8520,inter,left,283,[99],[177],500,375,500,375,8895
8,149,8130,inter,left,284,[5],[148],1500,1127,500,375,9257
45,123,11910,inter,left,285,[55],[126],500,375,1500,1127,12285
89,164,14130,inter,left,286,[88],[182],500,375,1000,751,14505
114,124,5070,inter,left,287,[110],[126],2000,1503,1000,751,6573
27,205,4980,inter,left,288,[27],[176],0,0,1500,1127,4980
76,121,6060,inter,left,289,[77],[126; 175],500,375,2500,1879,6435
103,144,9810,inter,left,290,[60; 99],[176],2000,1503,1500,1127,11313
63,121,5310,inter,left,291,[55],[126; 175],500,375,2500,1879,5685
18,173,10620,inter,left,292,[16],[181],1000,751,500,375,11371
78,155,12990,inter,left,293,[77],[176],500,375,1000,751,13365
101,211,8580,inter,left,294,[99],[209],1000,751,1000,751,9331
41,145,14070,inter,left,295,[59],[148; 177],1000,751,1500,1127,14821
108,121,4470,inter,left,296,[110],[126; 175],1000,751,2500,1879,5221
80,212,7170,inter,left,297,[59],[180; 209],1000,751,1500,1127,7921
96,180,3660,inter,left,298,[99],[180],1500,1127,0,0,4787
85,174,14040,inter,left,299,[56; 88],[182],1500,1127,500,375,15167
98,208,8640,inter,left,300,[99],[209],500,375,500,375,9015
23,174,7800,inter,left,301,[55],[182],1500,1127,500,375,8927
44,204,6840,inter,left,302,[54],[175],500,375,1500,1127,7215
25,166,7620,inter,left,303,[27],[176],1000,751,500,375,8371
5,205,10800,inter,left,304,[5],[176],0,0,1500,1127,10800
44,167,9420,inter,left,305,[54],[177],500,375,500,375,9795
6,163,12780,inter,left,306,[5],[181],500,375,1000,751,13155
102,121,3780,inter,left,307,[99],[126; 175],1500,1127,2500,1879,4907
26,178,5850,inter,left,308,[27],[178],500,375,0,0,6225
72,182,5490,inter,left,309,[54],[182],1000,751,0,0,6241
54,152,10440,inter,left,310,[54],[181],0,0,1500,1127,10440
112,154,9300,inter,left,311,[110],[175],1000,751,1000,751,10051
4,124,11040,inter,left,312,[5],[126],500,375,1000,751,11415
19,131,14220,inter,left,313,[16],[126; 182],1500,1127,2500,1879,15347
18,191,10110,inter,left,314,[16],[181],1000,751,500,375,10861
106,162,8370,inter,left,315,[110],[180],2000,1503,1000,751,9873
10,171,9270,inter,left,316,[5; 61],[179],2500,1879,500,375,11149
36,200,7890,inter,left,317,[38; 57],[179; 198],1000,751,1000,751,8641
6,181,12330,inter,left,318,[5],[181],500,375,0,0,12705
103,181,6210,inter,left,319,[60; 99],[181],2000,1503,0,0,7713
87,149,10620,inter,left,320,[88],[148],500,375,500,375,10995
16,186,5970,inter,left,321,[16],[178],0,0,500,375,5970
15,134,6360,inter,left,322,[16],[137],500,375,1500,1127,6735
88,195,6690,inter,left,323,[88],[177],0,0,1000,751,6690
94,161,9390,inter,left,324,[54],[159; 179],2000,1503,1000,751,10893
102,150,9810,inter,left,325,[99],[148],1500,1127,1000,751,10937
74,122,6810,inter,left,326,[56],[126],1000,751,2000,1503,7561
11,198,4110,inter,left,327,[54],[198],2000,1503,0,0,5613
63,174,13170,inter,left,328,[55],[182],500,375,500,375,13545
62,233,9000,inter,left,329,[54],[231],500,375,1000,751,9375
77,195,5910,inter,left,330,[77],[177],0,0,1000,751,5910
64,184,4890,inter,left,331,[56],[176],500,375,500,375,5265
58,191,13380,inter,left,332,[58],[181],0,0,500,375,13380
75,166,13080,inter,left,333,[57; 77],[176],1000,751,500,375,13831
16,179,9810,inter,left,334,[16],[179],0,0,0,0,9810
111,230,5040,inter,left,335,[110],[231],500,375,500,375,5415
58,159,6930,inter,left,336,[58],[159],0,0,0,0,6930
15,223,10650,inter,left,337,[16],[220],500,375,1500,1127,11025
25,135,7770,inter,left,338,[27],[137],1000,751,1000,751,8521
18,208,12690,inter,left,339,[16],[209],1000,751,500,375,13441
106,190,12030,inter,left,340,[110],[180],2000,1503,500,375,13533
6,133,5670,inter,left,341,[5],[137; 176],500,375,2000,1503,6045
42,148,5940,inter,left,342,[60],[148],1000,751,0,0,6691
8,187,9630,inter,left,343,[5],[238; 240],1500,1127,500,375,10757
81,200,5700,inter,left,344,[60],[179; 198],1000,751,1000,751,6451
7,215,6990,inter,left,345,[5],[175],1000,751,2000,1503,7741
91,207,10440,inter,left,346,[59; 88],[209],1500,1127,1000,751,11567
107,152,7230,inter,left,347,[110],[181],1500,1127,1500,1127,8357
32,166,3990,inter,left,348,[61],[176],1500,1127,500,375,5117
37,230,11700,inter,left,349,[38],[231],500,375,500,375,12075
127,191,11130,intra,right,350,[126],[181],500,375,500,375,11505
216,169,5460,intra,right,351,[176; 220],[237; 238],2000,1503,500,375,6963
203,238,9960,intra,right,352,[182],[238],1000,751,0,0,10711
127,172,12150,intra,right,353,[126],[180],500,375,500,375,12525
130,148,11370,intra,right,354,[126],[148],2000,1503,0,0,12873
233,156,13950,intra,right,355,[231],[177],1000,751,1000,751,14701
232,184,10770,intra,right,356,[231],[176],500,375,500,375,11145
144,174,7680,intra,right,357,[176],[182],1500,1127,500,375,8807
226,154,9360,intra,right,358,[175; 231],[175],2500,1879,1000,751,11239
186,161,9570,intra,right,359,[178],[159; 179],500,375,1000,751,9945
153,147,8820,intra,right,360,[182],[148],1500,1127,500,375,9947
228,213,9630,intra,right,361,[231],[181],1500,1127,1500,1127,10757
218,171,11400,intra,right,362,[220],[179],1000,751,500,375,12151
186,149,5100,intra,right,363,[178],[148],500,375,500,375,5475
228,170,11400,intra,right,364,[231],[237; 239],1500,1127,500,375,12527
193,232,4110,intra,right,365,[175],[231],1000,751,500,375,4861
213,143,12480,intra,right,366,[181],[175],1500,1127,1500,1127,13607
199,228,9660,intra,right,367,[198],[231],500,375,1500,1127,10035
160,236,7200,intra,right,368,[159],[182; 231],500,375,2500,1879,7575
184,182,13350,intra,right,369,[176],[182],500,375,0,0,13725
198,130,9720,intra,right,370,[198],[126],0,0,2000,1503,9720
209,165,7620,intra,right,371,[209],[175],0,0,500,375,7620
207,155,3870,intra,right,372,[209],[176],1000,751,1000,751,4621
147,182,13770,intra,right,373,[148],[182],500,375,0,0,14145
149,197,11040,intra,right,374,[148],[198],500,375,500,375,11415
225,157,13830,intra,right,375,[182],[159; 178],2000,1503,1000,751,15333
225,132,4500,intra,right,376,[182],[175],2000,1503,2000,1503,6003
201,129,11700,intra,right,377,[180],[126],1000,751,1500,1127,12451
172,156,13590,intra,right,378,[180],[177],500,375,1000,751,13965
180,125,11880,intra,right,379,[180],[126],0,0,500,375,11880
217,147,4500,intra,right,380,[220],[148],1500,1127,500,375,5627
192,195,6300,intra,right,381,[182],[177],500,375,1000,751,6675
150,232,3750,intra,right,382,[148],[231],1000,751,500,375,4501
227,138,8310,intra,right,383,[231],[137],2000,1503,500,375,9813
170,145,4770,intra,right,384,[237; 239],[148; 177],500,375,1500,1127,5145
190,178,9090,intra,right,385,[180],[178],500,375,0,0,9465
177,126,5640,intra,right,386,[177],[126],0,0,0,0,5640
221,191,4500,intra,right,387,[220],[181],500,375,500,375,4875
176,129,4650,intra,right,388,[176],[126],0,0,1500,1127,4650
231,173,13950,intra,right,389,[231],[181],0,0,500,375,13950
153,223,8790,intra,right,390,[182],[220],1500,1127,1500,1127,9917
160,223,11160,intra,right,391,[159],[220],500,375,1500,1127,11535
132,198,7860,intra,right,392,[175],[198],2000,1503,0,0,9363
227,177,7830,intra,right,393,[231],[177],2000,1503,0,0,9333
131,169,8880,intra,right,394,[126; 182],[237; 238],2500,1879,500,375,10759
206,125,8370,intra,right,395,[177; 209],[126],1500,1127,500,375,9497
166,198,13500,intra,right,396,[176],[198],500,375,0,0,13875
221,169,12540,intra,right,397,[220],[237; 238],500,375,500,375,12915
182,223,10200,intra,right,398,[182],[220],0,0,1500,1127,10200
216,148,13200,intra,right,399,[176; 220],[148],2000,1503,0,0,14703
148,121,9150,intra,right,400,[148],[126; 175],0,0,2500,1879,9150
218,126,5910,intra,right,401,[220],[126],1000,751,0,0,6661
147,211,12600,intra,right,402,[148],[209],500,375,1000,751,12975
240,214,10770,intra,right,403,[240],[182],0,0,1500,1127,10770
130,123,12840,intra,right,404,[126],[126],2000,1503,1500,1127,14343
143,195,12420,intra,right,405,[175],[177],1500,1127,1000,751,13547
147,214,13860,intra,right,406,[148],[182],500,375,1500,1127,14235
124,227,3690,intra,right,407,[126],[231],1000,751,2000,1503,4441
226,130,6210,intra,right,408,[175; 231],[126],2500,1879,2000,1503,8089
236,159,13170,intra,right,409,[182; 231],[159],2500,1879,0,0,15049
191,142,4200,intra,right,410,[181],[182],500,375,2000,1503,4575
206,165,11160,intra,right,411,[177; 209],[175],1500,1127,500,375,12287
195,236,10050,intra,right,412,[177],[182; 231],1000,751,2500,1879,10801
206,122,6270,intra,right,413,[177; 209],[126],1500,1127,2000,1503,7397
227,190,7740,intra,right,414,[231],[180],2000,1503,500,375,9243
146,141,13890,intra,right,415,[148],[137; 181],1000,751,2000,1503,14641
209,193,6000,intra,right,416,[209],[175],0,0,1000,751,6000
125,131,14040,intra,right,417,[126],[126; 182],500,375,2500,1879,14415
205,142,4530,intra,right,418,[176],[182],1500,1127,2000,1503,5657
141,183,5190,intra,right,419,[137; 181],[175],2000,1503,500,375,6693
205,214,10230,intra,right,420,[176],[182],1500,1127,1500,1127,11357
193,164,9240,intra,right,421,[175],[182],1000,751,1000,751,9991
127,202,9600,intra,right,422,[126],[181],500,375,1000,751,9975
241,123,4440,intra,right,423,[241],[126],0,0,1500,1127,4440
176,147,12420,intra,right,424,[176],[148],0,0,500,375,12420
223,147,9210,intra,right,425,[220],[148],1500,1127,500,375,10337
234,175,11730,intra,right,426,[231],[175],1500,1127,0,0,12857
208,138,4260,intra,right,427,[209],[137],500,375,500,375,4635
189,231,4890,intra,right,428,[179],[231],500,375,0,0,5265
224,227,10080,intra,right,429,[181; 220],[231],2000,1503,2000,1503,11583
148,231,13200,intra,right,430,[148],[231],0,0,0,0,13200
183,151,14130,intra,right,431,[175],[148; 180],500,375,1500,1127,14505
149,121,11280,intra,right,432,[148],[126; 175],500,375,2500,1879,11655
169,213,13050,intra,right,433,[237; 238],[181],500,375,1500,1127,13425
142,133,8130,intra,right,434,[182],[137; 176],2000,1503,2000,1503,9633
220,190,4410,intra,right,435,[220],[180],0,0,500,375,4410
180,130,8340,intra,right,436,[180],[126],0,0,2000,1503,8340
126,168,7350,intra,right,437,[126],[178],0,0,500,375,7350
203,127,9510,intra,right,438,[182],[126],1000,751,500,375,10261
154,126,11460,intra,right,439,[175],[126],1000,751,0,0,12211
155,198,14340,intra,right,440,[176],[198],1000,751,0,0,15091
213,140,4080,intra,right,441,[181],[137],1500,1127,1500,1127,5207
168,219,10560,intra,right,442,[178],[220],500,375,500,375,10935
132,194,11310,intra,right,443,[175],[176],2000,1503,1000,751,12813
222,192,9840,intra,right,444,[220],[182],1000,751,500,375,10591
189,146,13050,intra,right,445,[179],[148],500,375,1000,751,13425
191,154,5700,intra,right,446,[181],[175],500,375,1000,751,6075
226,182,13530,intra,right,447,[175; 231],[182],2500,1879,0,0,15409
196,152,3630,intra,right,448,[178; 198],[181],1000,751,1500,1127,4381
237,218,6870,intra,right,449,[237],[220],0,0,1000,751,6870
143,237,11160,intra,right,450,[175],[237],1500,1127,0,0,12287
235,219,10980,intra,right,451,[231],[220],2000,1503,500,375,12483
130,216,13860,intra,right,452,[126],[176; 220],2000,1503,2000,1503,15363
204,126,14190,intra,right,453,[175],[126],1500,1127,0,0,15317
205,139,4890,intra,right,454,[176],[137],1500,1127,1000,751,6017
226,198,7500,intra,right,455,[175; 231],[198],2500,1879,0,0,9379
239,227,11520,intra,right,456,[239],[231],0,0,2000,1503,11520
227,126,4740,intra,right,457,[231],[126],2000,1503,0,0,6243
162,219,5940,intra,right,458,[180],[220],1000,751,500,375,6691
221,160,12450,intra,right,459,[220],[159],500,375,500,375,12825
129,217,13380,intra,right,460,[126],[220],1500,1127,1500,1127,14507
183,233,9480,intra,right,461,[175],[231],500,375,1000,751,9855
228,211,4290,intra,right,462,[231],[209],1500,1127,1000,751,5417
188,230,14310,intra,right,463,[239; 240],[231],500,375,500,375,14685
171,132,8700,intra,right,464,[179],[175],500,375,2000,1503,9075
192,159,11130,intra,right,465,[182],[159],500,375,0,0,11505
124,219,5940,intra,right,466,[126],[220],1000,751,500,375,6691
185,133,9060,intra,right,467,[177],[137; 176],500,375,2000,1503,9435
154,199,4020,intra,right,468,[175],[198],1000,751,500,375,4771
197,166,5340,intra,right,469,[198],[176],500,375,500,375,5715
167,142,10560,intra,right,470,[177],[182],500,375,2000,1503,10935
121,176,8790,intra,right,471,[126; 175],[176],2500,1879,0,0,10669
220,149,7110,intra,right,472,[220],[148],0,0,500,375,7110
226,158,7260,intra,right,473,[175; 231],[159],2500,1879,500,375,9139
236,167,5910,intra,right,474,[182; 231],[177],2500,1879,500,375,7789
133,236,8880,intra,right,475,[137; 176],[182; 231],2000,1503,2500,1879,10383
214,195,14340,intra,right,476,[182],[177],1500,1127,1000,751,15467
137,233,8010,intra,right,477,[137],[231],0,0,1000,751,8010
215,236,13770,intra,right,478,[175],[182; 231],2000,1503,2500,1879,15273
191,137,13200,intra,right,479,[181],[137],500,375,0,0,13575
155,149,5790,intra,right,480,[176],[148],1000,751,500,375,6541
174,199,12450,intra,right,481,[182],[198],500,375,500,375,12825
200,206,11070,intra,right,482,[179; 198],[177; 209],1000,751,1500,1127,11821
212,163,7290,intra,right,483,[180; 209],[181],1500,1127,1000,751,8417
216,210,10140,intra,right,484,[176; 220],[209],2000,1503,500,375,11643
176,188,6450,intra,right,485,[176],[239; 240],0,0,500,375,6450
186,144,9120,intra,right,486,[178],[176],500,375,1500,1127,9495
160,223,13470,intra,right,487,[159],[220],500,375,1500,1127,13845
235,229,11460,intra,right,488,[231],[231],2000,1503,1000,751,12963
237,235,12450,intra,right,489,[237],[231],0,0,2000,1503,12450
193,134,8010,intra,right,490,[175],[137],1000,751,1500,1127,8761
133,139,8610,intra,right,491,[137; 176],[137],2000,1503,1000,751,10113
241,236,10410,intra,right,492,[241],[182; 231],0,0,2500,1879,10410
167,225,7320,intra,right,493,[177],[182],500,375,2000,1503,7695
138,236,7890,intra,right,494,[137],[182; 231],500,375,2500,1879,8265
141,175,6780,intra,right,495,[137; 181],[175],2000,1503,0,0,8283
147,211,4350,intra,right,496,[148],[209],500,375,1000,751,4725
158,216,6840,intra,right,497,[159],[176; 220],500,375,2000,1503,7215
218,122,8400,intra,right,498,[220],[126],1000,751,2000,1503,9151
202,121,5640,intra,right,499,[181],[126; 175],1000,751,2500,1879,6391
219,124,6630,intra,right,500,[220],[126],500,375,1000,751,7005
157,234,11190,intra,right,501,[159; 178],[231],1000,751,1500,1127,11941
224,140,13080,intra,right,502,[181; 220],[137],2000,1503,1500,1127,14583
151,199,8880,intra,right,503,[148; 180],[198],1500,1127,500,375,10007
234,128,9690,intra,right,504,[231],[126],1500,1127,1000,751,10817
126,197,6210,intra,right,505,[126],[198],0,0,500,375,6210
228,182,9600,intra,right,506,[231],[182],1500,1127,0,0,10727
122,170,12870,intra,right,507,[126],[237; 239],2000,1503,500,375,14373
167,137,11940,intra,right,508,[177],[137],500,375,0,0,12315
206,235,13380,intra,right,509,[177; 209],[231],1500,1127,2000,1503,14507
241,127,4050,intra,right,510,[241],[126],0,0,500,375,4050
190,165,5880,intra,right,511,[180],[175],500,375,500,375,6255
195,192,11520,intra,right,512,[177],[182],1000,751,500,375,12271
175,161,3660,intra,right,513,[175],[159; 179],0,0,1000,751,3660
127,205,10470,intra,right,514,[126],[176],500,375,1500,1127,10845
194,203,10140,intra,right,515,[176],[182],1000,751,1000,751,10891
197,191,7050,intra,right,516,[198],[181],500,375,500,375,7425
141,176,13260,intra,right,517,[137; 181],[176],2000,1503,0,0,14763
221,142,8430,intra,right,518,[220],[182],500,375,2000,1503,8805
180,186,11370,intra,right,519,[180],[178],0,0,500,375,11370
222,206,3900,intra,right,520,[220],[177; 209],1000,751,1500,1127,4651
187,215,7380,intra,right,521,[238; 240],[175],500,375,2000,1503,7755
238,142,6180,intra,right,522,[238],[182],0,0,2000,1503,6180
224,238,6570,intra,right,523,[181; 220],[238],2000,1503,0,0,8073
122,198,5070,intra,right,524,[126],[198],2000,1503,0,0,6573
209,130,13410,intra,right,525,[209],[126],0,0,2000,1503,13410
230,130,7440,intra,right,526,[231],[126],500,375,2000,1503,7815
156,210,10590,intra,right,527,[177],[209],1000,751,500,375,11341
149,232,4860,intra,right,528,[148],[231],500,375,500,375,5235
230,165,5490,intra,right,529,[231],[175],500,375,500,375,5865
129,230,7980,intra,right,530,[126],[231],1500,1127,500,375,9107
203,238,8070,intra,right,531,[182],[238],1000,751,0,0,8821
126,232,14310,intra,right,532,[126],[231],0,0,500,375,14310
220,181,5880,intra,right,533,[220],[181],0,0,0,0,5880
174,228,14160,intra,right,534,[182],[231],500,375,1500,1127,14535
170,153,4080,intra,right,535,[237; 239],[182],500,375,1500,1127,4455
190,155,13650,intra,right,536,[180],[176],500,375,1000,751,14025
208,190,12450,intra,right,537,[209],[180],500,375,500,375,12825
226,121,4110,intra,right,538,[175; 231],[126; 175],2500,1879,2500,1879,5989
142,124,10320,intra,right,539,[182],[126],2000,1503,1000,751,11823
175,179,11700,intra,right,540,[175],[179],0,0,0,0,11700
202,126,7710,intra,right,541,[181],[126],1000,751,0,0,8461
175,231,13260,intra,right,542,[175],[231],0,0,0,0,13260
227,175,8910,intra,right,543,[231],[175],2000,1503,0,0,10413
240,140,7470,intra,right,544,[240],[137],0,0,1500,1127,7470
145,204,3900,intra,right,545,[148; 177],[175],1500,1127,1500,1127,5027
155,233,4560,intra,right,546,[176],[231],1000,751,1000,751,5311
125,240,11430,intra,right,547,[126],[240],500,375,0,0,11805
144,150,12360,intra,right,548,[176],[148],1500,1127,1000,751,13487
124,205,13890,intra,right,549,[126],[176],1000,751,1500,1127,14641
192,237,12870,intra,right,550,[182],[237],500,375,0,0,13245
178,163,7950,intra,right,551,[178],[181],0,0,1000,751,7950
232,121,12630,intra,right,552,[231],[126; 175],500,375,2500,1879,13005
122,204,11370,intra,right,553,[126],[175],2000,1503,1500,1127,12873
165,234,7530,intra,right,554,[175],[231],500,375,1500,1127,7905
166,191,5760,intra,right,555,[176],[181],500,375,500,375,6135
141,209,3810,intra,right,556,[137; 181],[209],2000,1503,0,0,5313
233,154,11460,intra,right,557,[231],[175],1000,751,1000,751,12211
236,168,13500,intra,right,558,[182; 231],[178],2500,1879,500,375,15379
124,206,7530,intra,right,559,[126],[177; 209],1000,751,1500,1127,8281
211,76,6900,inter,right,560,[209],[77],1000,751,500,375,7651
211,2,5670,inter,right,561,[209],[5],1000,751,1500,1127,6421
180,96,7740,inter,right,562,[180],[99],0,0,1500,1127,7740
196,33,3600,inter,right,563,[178; 198],[54],1000,751,1000,751,4351
218,53,10410,inter,right,564,[220],[61],1000,751,500,375,11161
190,92,9840,inter,right,565,[180],[60],500,375,1500,1127,10215
211,112,11460,inter,right,566,[209],[110],1000,751,1000,751,12211
127,24,12000,inter,right,567,[126],[27; 56],500,375,1500,1127,12375
215,79,8940,inter,right,568,[175],[58; 77],2000,1503,1000,751,10443
195,39,8220,inter,right,569,[177],[38],1000,751,500,375,8971
195,42,13890,inter,right,570,[177],[60],1000,751,1000,751,14641
198,32,11310,inter,right,571,[198],[61],0,0,1500,1127,11310
134,1,9690,inter,right,572,[137],[5],1500,1127,2000,1503,10817
215,8,5670,inter,right,573,[175],[5],2000,1503,1500,1127,7173
149,91,11670,inter,right,574,[148],[59; 88],500,375,1500,1127,12045
179,52,4230,inter,right,575,[179],[60],0,0,500,375,4230
191,44,5340,inter,right,576,[181],[54],500,375,500,375,5715
202,84,11610,inter,right,577,[181],[55],1000,751,1500,1127,12361
214,82,7860,inter,right,578,[182],[61],1500,1127,1000,751,8987
205,45,12150,inter,right,579,[176],[55],1500,1127,500,375,13277
195,97,7200,inter,right,580,[177],[99],1000,751,1000,751,7951
223,79,10230,inter,right,581,[220],[58; 77],1500,1127,1000,751,11357
235,10,5640,inter,right,582,[231],[5; 61],2000,1503,2500,1879,7143
148,23,6480,inter,right,583,[148],[55],0,0,1500,1127,6480
210,29,11010,inter,right,584,[209],[27],500,375,1000,751,11385
125,19,7590,inter,right,585,[126],[16],500,375,1500,1127,7965
148,103,8520,inter,right,586,[148],[60; 99],0,0,2000,1503,8520
168,20,7140,inter,right,587,[178],[16; 60],500,375,2000,1503,7515
153,22,3810,inter,right,588,[182],[54],1500,1127,1500,1127,4937
185,54,7080,inter,right,589,[177],[54],500,375,0,0,7455
190,82,10290,inter,right,590,[180],[61],500,375,1000,751,10665
210,76,12570,inter,right,591,[209],[77],500,375,500,375,12945
192,98,10410,inter,right,592,[182],[99],500,375,500,375,10785
192,93,10440,inter,right,593,[182],[61],500,375,1500,1127,10815
126,45,8640,inter,right,594,[126],[55],0,0,500,375,8640
230,71,11280,inter,right,595,[231],[61],500,375,500,375,11655
210,6,11970,inter,right,596,[209],[5],500,375,500,375,12345
131,73,4140,inter,right,597,[126; 182],[55],2500,1879,1000,751,6019
168,110,11310,inter,right,598,[178],[110],500,375,0,0,11685
196,75,9540,inter,right,599,[178; 198],[57; 77],1000,751,1000,751,10291
195,29,8220,inter,right,600,[177],[27],1000,751,1000,751,8971
209,50,7800,inter,right,601,[209],[58],0,0,500,375,7800
173,72,11340,inter,right,602,[181],[54],500,375,1000,751,11715
141,75,10740,inter,right,603,[137; 181],[57; 77],2000,1503,1000,751,12243
221,110,13320,inter,right,604,[220],[110],500,375,0,0,13695
137,86,10140,inter,right,605,[137],[88],0,0,1000,751,10140
164,23,5460,inter,right,606,[182],[55],1000,751,1500,1127,6211
142,42,8430,inter,right,607,[182],[60],2000,1503,1000,751,9933
210,33,9750,inter,right,608,[209],[54],500,375,1000,751,10125
177,75,10590,inter,right,609,[177],[57; 77],0,0,1000,751,10590
154,104,5160,inter,right,610,[175],[61],1000,751,2000,1503,5911
154,36,8850,inter,right,611,[175],[38; 57],1000,751,1000,751,9601
132,69,5100,inter,right,612,[175],[59],2000,1503,500,375,6603
143,8,6390,inter,right,613,[175],[5],1500,1127,1500,1127,7517
132,25,4170,inter,right,614,[175],[27],2000,1503,1000,751,5673
208,67,13200,inter,right,615,[209],[118; 119],500,375,500,375,13575
203,10,6480,inter,right,616,[182],[5; 61],1000,751,2500,1879,7231
184,13,6390,inter,right,617,[176],[16],500,375,1500,1127,6765
183,79,10980,inter,right,618,[175],[58; 77],500,375,1000,751,11355
225,82,11640,inter,right,619,[182],[61],2000,1503,1000,751,13143
196,42,10440,inter,right,620,[178; 198],[60],1000,751,1000,751,11191
161,62,14190,inter,right,621,[159; 179],[54],1000,751,500,375,14941
195,2,8070,inter,right,622,[177],[5],1000,751,1500,1127,8821
174,22,7680,inter,right,623,[182],[54],500,375,1500,1127,8055
142,103,10320,inter,right,624,[182],[60; 99],2000,1503,2000,1503,11823
233,86,9960,inter,right,625,[231],[88],1000,751,1000,751,10711
137,29,6180,inter,right,626,[137],[27],0,0,1000,751,6180
171,56,5250,inter,right,627,[179],[56],500,375,0,0,5625
189,6,11790,inter,right,628,[179],[5],500,375,500,375,12165
195,14,10290,inter,right,629,[177],[16],1000,751,1000,751,11041
163,57,13560,inter,right,630,[181],[57],1000,751,0,0,14311
122,93,4140,inter,right,631,[126],[61],2000,1503,1500,1127,5643
199,19,14280,inter,right,632,[198],[16],500,375,1500,1127,14655
188,100,4860,inter,right,633,[239; 240],[99],500,375,500,375,5235
127,84,13560,inter,right,634,[126],[55],500,375,1500,1127,13935
208,40,11280,inter,right,635,[209],[38; 58],500,375,1000,751,11655
135,105,3660,inter,right,636,[137],[54; 110],1000,751,2500,1879,4411
121,107,6210,inter,right,637,[126; 175],[110],2500,1879,1500,1127,8089
233,49,7530,inter,right,638,[231],[116; 118],1000,751,500,375,8281
180,93,12630,inter,right,639,[180],[61],0,0,1500,1127,12630
138,47,8100,inter,right,640,[137],[57],500,375,500,375,8475
189,82,7380,inter,right,641,[179],[61],500,375,1000,751,7755
133,71,8040,inter,right,642,[137; 176],[61],2000,1503,500,375,9543
143,12,4830,inter,right,643,[175],[16; 55],1500,1127,2000,1503,5957
201,96,5790,inter,right,644,[180],[99],1000,751,1500,1127,6541
177,6,8700,inter,right,645,[177],[5],0,0,500,375,8700
219,110,8610,inter,right,646,[220],[110],500,375,0,0,8985
235,94,10020,inter,right,647,[231],[54],2000,1503,2000,1503,11523
128,79,11550,inter,right,648,[126],[58; 77],1000,751,1000,751,12301
219,33,14280,inter,right,649,[220],[54],500,375,1000,751,14655
198,89,4440,inter,right,650,[198],[88],0,0,500,375,4440
135,31,8640,inter,right,651,[137],[60],1000,751,1500,1127,9391
219,11,5190,inter,right,652,[220],[54],500,375,2000,1503,5565
198,85,11730,inter,right,653,[198],[56; 88],0,0,1500,1127,11730
124,104,13140,inter,right,654,[126],[61],1000,751,2000,1503,13891
160,105,13500,inter,right,655,[159],[54; 110],500,375,2500,1879,13875
234,44,5100,inter,right,656,[231],[54],1500,1127,500,375,6227
125,45,12750,inter,right,657,[126],[55],500,375,500,375,13125
204,55,8820,inter,right,658,[175],[55],1500,1127,0,0,9947
181,80,13380,inter,right,659,[181],[59],0,0,1000,751,13380
162,84,3900,inter,right,660,[180],[55],1000,751,1500,1127,4651
152,28,9690,inter,right,661,[181],[27],1500,1127,500,375,10817
236,62,7470,inter,right,662,[182; 231],[54],2500,1879,500,375,9349
146,104,6720,inter,right,663,[148],[61],1000,751,2000,1503,7471
174,53,6750,inter,right,664,[182],[61],500,375,500,375,7125
148,23,6930,inter,right,665,[148],[55],0,0,1500,1127,6930
141,24,5640,inter,right,666,[137; 181],[27; 56],2000,1503,1500,1127,7143
182,55,8250,inter,right,667,[182],[55],0,0,0,0,8250
167,79,7650,inter,right,668,[177],[58; 77],500,375,1000,751,8025
138,73,6060,inter,right,669,[137],[55],500,375,1000,751,6435
212,82,7350,inter,right,670,[180; 209],[61],1500,1127,1000,751,8477
123,74,14250,inter,right,671,[126],[56],1500,1127,1000,751,15377
176,52,8430,inter,right,672,[176],[60],0,0,500,375,8430
182,52,13260,inter,right,673,[182],[60],0,0,500,375,13260
133,53,3930,inter,right,674,[137; 176],[61],2000,1503,500,375,5433
122,107,10290,inter,right,675,[126],[110],2000,1503,1500,1127,11793
220,33,10740,inter,right,676,[220],[54],0,0,1000,751,10740
233,109,8820,inter,right,677,[231],[110],1000,751,500,375,9571
166,8,4410,inter,right,678,[176],[5],500,375,1500,1127,4785
137,26,8160,inter,right,679,[137],[27],0,0,500,375,8160
137,8,6450,inter,right,680,[137],[5],0,0,1500,1127,6450
158,114,9030,inter,right,681,[159],[110],500,375,2000,1503,9405
234,34,11430,inter,right,682,[231],[55],1500,1127,1000,751,12557
122,104,9960,inter,right,683,[126],[61],2000,1503,2000,1503,11463
131,115,11250,inter,right,684,[126; 182],[61; 110],2500,1879,2500,1879,13129
199,29,8700,inter,right,685,[198],[27],500,375,1000,751,9075
221,56,5610,inter,right,686,[220],[56],500,375,0,0,5985
158,11,7590,inter,right,687,[159],[54],500,375,2000,1503,7965
172,19,4590,inter,right,688,[180],[16],500,375,1500,1127,4965
229,68,4980,inter,right,689,[231],[58],1000,751,500,375,5731
225,19,6180,inter,right,690,[182],[16],2000,1503,1500,1127,7683
197,50,4860,inter,right,691,[198],[58],500,375,500,375,5235
153,112,12960,inter,right,692,[182],[110],1500,1127,1000,751,14087
209,32,9780,inter,right,693,[209],[61],0,0,1500,1127,9780
173,62,5190,inter,right,694,[181],[54],500,375,500,375,5565
198,106,4740,inter,right,695,[198],[110],0,0,2000,1503,4740
152,19,14160,inter,right,696,[181],[16],1500,1127,1500,1127,15287
132,32,13440,inter,right,697,[175],[61],2000,1503,1500,1127,14943
139,98,13290,inter,right,698,[137],[99],1000,751,500,375,14041
161,40,8370,inter,right,699,[159; 179],[38; 58],1000,751,1000,751,9121
