start,end,rq_time,rq_type,subnetwork,request_id,start_station_street_ids,end_station_street_ids,walk_start_to_station_street_distance,walk_start_to_station_street_tt,walk_station_to_end_street_distance,walk_station_to_end_street_tt,start_station_street_arrival_time,start_station_departure_time,end_station_arrival_time,end_station_street_arrival_time,pt_journey_duration,num_transfers,selected_start_station_id,selected_end_station_id,walking_time,walking_arrival_time,best_option,best_journey_duration,end_arrival_time,pt_total_journey_duration,pt_journey_plan
106,24,11070,intra,left,0,[85],[24],1500,1127,0,0,12197,12257.0,13530.0,13590.0,1273.0,1.0,85,24,3383.0,14453.0,pt,2520.0,13590.0,2520.0,"{'duration': 1273, 'source_transfer_time': 0, 'waiting_time': 553, 'trip_time': 720, 'num_transfers': 1, 'departure_time': 12257, 'departure_day': 'current_day', 'arrival_time': 13530, 'arrival_day': 'current_day', 'steps': [{'duration': 330, 'departure_time': 12810, 'arrival_time': 13140, 'day': 'current_day', 'from_stop_id': '85-3', 'to_stop_id': '56-3', 'trip_id': '5-0-12', 'agency_name': 'Unknown'}, {'duration': 330, 'departure_time': 13200, 'arrival_time': 13530, 'day': 'current_day', 'from_stop_id': '56-3', 'to_stop_id': '24-3', 'trip_id': '5-0-17', 'agency_name': 'Unknown'}]}"
3,56,11280,intra,left,1,[5; 25],[56],1000,751,0,0,12031,12091.0,13140.0,13200.0,1049.0,0.0,25,56,2255.0,13535.0,pt,1920.0,13200.0,1920.0,"{'duration': 1049, 'source_transfer_time': 0, 'waiting_time': 599, 'trip_time': 450, 'num_transfers': 0, 'departure_time': 12091, 'departure_day': 'current_day', 'arrival_time': 13140, 'arrival_day': 'current_day', 'steps': [{'duration': 450, 'departure_time': 12690, 'arrival_time': 13140, 'day': 'current_day', 'from_stop_id': '25-3', 'to_stop_id': '56-3', 'trip_id': '5-1-12', 'agency_name': 'Unknown'}]}"
21,119,8040,intra,left,2,[30],[119],1500,1127,0,0,9167,9227.0,10830.0,10890.0,1603.0,2.0,30,119,3759.0,11799.0,pt,2850.0,10890.0,2850.0,"{'duration': 1603, 'source_transfer_time': 0, 'waiting_time': 433, 'trip_time': 1170, 'num_transfers': 2, 'departure_time': 9227, 'departure_day': 'current_day', 'arrival_time': 10830, 'arrival_day': 'current_day', 'steps': [{'duration': 330, 'departure_time': 9660, 'arrival_time': 9990, 'day': 'current_day', 'from_stop_id': '30-3', 'to_stop_id': '27-3', 'trip_id': '5-1-8', 'agency_name': 'Unknown'}, {'duration': 30, 'departure_time': 9990, 'arrival_time': 10020, 'day': 'current_day', 'from_stop_id': '27-3', 'to_stop_id': '27-2', 'trip_id': 'walking', 'agency_name': 'Unknown'}, {'duration': 600, 'departure_time': 10230, 'arrival_time': 10830, 'day': 'current_day', 'from_stop_id': '27-2', 'to_stop_id': '119-2', 'trip_id': '2-1-12', 'agency_name': 'Unknown'}]}"
44,93,4380,intra,left,3,[54],[91],500,375,1000,751,4755,4815.0,6480.0,6540.0,1665.0,2.0,54,91,5263.0,9643.0,pt,2911.0,7291.0,2911.0,"{'duration': 1665, 'source_transfer_time': 0, 'waiting_time': 345, 'trip_time': 1320, 'num_transfers': 2, 'departure_time': 4815, 'departure_day': 'current_day', 'arrival_time': 6480, 'arrival_day': 'current_day', 'steps': [{'duration': 210, 'departure_time': 5160, 'arrival_time': 5370, 'day': 'current_day', 'from_stop_id': '54-1', 'to_stop_id': '56-1', 'trip_id': '1-0-4', 'agency_name': 'Unknown'}, {'duration': 30, 'departure_time': 5370, 'arrival_time': 5400, 'day': 'current_day', 'from_stop_id': '56-1', 'to_stop_id': '56-3', 'trip_id': 'walking', 'agency_name': 'Unknown'}, {'duration': 1080, 'departure_time': 5400, 'arrival_time': 6480, 'day': 'current_day', 'from_stop_id': '56-3', 'to_stop_id': '91-3', 'trip_id': '5-1-4', 'agency_name': 'Unknown'}]}"
22,66,11340,intra,left,4,[24],[117; 119],1000,751,500,375,12091,12151.0,12840.0,12900.0,689.0,2.0,24,117,3007.0,14347.0,pt,1935.0,13275.0,1935.0,"{'duration': 689, 'source_transfer_time': 0, 'waiting_time': 59, 'trip_time': 630, 'num_transfers': 2, 'departure_time': 12151, 'departure_day': 'current_day', 'arrival_time': 12840, 'arrival_day': 'current_day', 'steps': [{'duration': 330, 'departure_time': 12210, 'arrival_time': 12540, 'day': 'current_day', 'from_stop_id': '24-3', 'to_stop_id': '56-3', 'trip_id': '5-1-11', 'agency_name': 'Unknown'}, {'duration': 30, 'departure_time': 12540, 'arrival_time': 12570, 'day': 'current_day', 'from_stop_id': '56-3', 'to_stop_id': '56-1', 'trip_id': 'walking', 'agency_name': 'Unknown'}, {'duration': 210, 'departure_time': 12630, 'arrival_time': 12840, 'day': 'current_day', 'from_stop_id': '56-1', 'to_stop_id': '117-1', 'trip_id': '1-0-16', 'agency_name': 'Unknown'}]}"
63,60,7470,intra,left,5,[55; 64],[60],500,375,0,0,7845,7905.0,9420.0,9480.0,1515.0,0.0,55,60,3383.0,10853.0,pt,2010.0,9480.0,2010.0,"{'duration': 1515, 'source_transfer_time': 0, 'waiting_time': 375, 'trip_time': 1140, 'num_transfers': 0, 'departure_time': 7905, 'departure_day': 'current_day', 'arrival_time': 9420, 'arrival_day': 'current_day', 'steps': [{'duration': 1140, 'departure_time': 8280, 'arrival_time': 9420, 'day': 'current_day', 'from_stop_id': '55-1', 'to_stop_id': '60-1', 'trip_id': '1-0-9', 'agency_name': 'Unknown'}]}"
29,106,8160,intra,left,6,[29],[85],0,0,1500,1127,8160,8220.0,9930.0,9990.0,1710.0,1.0,29,85,5263.0,13423.0,pt,2957.0,11117.0,2957.0,"{'duration': 1710, 'source_transfer_time': 0, 'waiting_time': 360, 'trip_time': 1350, 'num_transfers': 1, 'departure_time': 8220, 'departure_day': 'current_day', 'arrival_time': 9930, 'arrival_day': 'current_day', 'steps': [{'duration': 960, 'departure_time': 8580, 'arrival_time': 9540, 'day': 'current_day', 'from_stop_id': '29-3', 'to_stop_id': '56-3', 'trip_id': '5-1-6', 'agency_name': 'Unknown'}, {'duration': 330, 'departure_time': 9600, 'arrival_time': 9930, 'day': 'current_day', 'from_stop_id': '56-3', 'to_stop_id': '85-3', 'trip_id': '5-1-11', 'agency_name': 'Unknown'}]}"
62,7,8730,intra,left,7,[54],[5; 29],500,375,1000,751,9105,9165.0,10560.0,10620.0,1395.0,2.0,54,29,4887.0,13617.0,pt,2641.0,11371.0,2641.0,"{'duration': 1395, 'source_transfer_time': 0, 'waiting_time': 195, 'trip_time': 1200, 'num_transfers': 2, 'departure_time': 9165, 'departure_day': 'current_day', 'arrival_time': 10560, 'arrival_day': 'current_day', 'steps': [{'duration': 210, 'departure_time': 9360, 'arrival_time': 9570, 'day': 'current_day', 'from_stop_id': '54-1', 'to_stop_id': '56-1', 'trip_id': '1-0-11', 'agency_name': 'Unknown'}, {'duration': 30, 'departure_time': 9570, 'arrival_time': 9600, 'day': 'current_day', 'from_stop_id': '56-1', 'to_stop_id': '56-3', 'trip_id': 'walking', 'agency_name': 'Unknown'}, {'duration': 960, 'departure_time': 9600, 'arrival_time': 10560, 'day': 'current_day', 'from_stop_id': '56-3', 'to_stop_id': '29-3', 'trip_id': '5-0-11', 'agency_name': 'Unknown'}]}"
33,79,8880,intra,left,8,[35; 54],[80; 90],1000,751,500,375,9631,9691.0,11160.0,11220.0,1469.0,1.0,35,90,4135.0,13015.0,pt,2715.0,11595.0,2715.0,"{'duration': 1469, 'source_transfer_time': 0, 'waiting_time': 239, 'trip_time': 1230, 'num_transfers': 1, 'departure_time': 9691, 'departure_day': 'current_day', 'arrival_time': 11160, 'arrival_day': 'current_day', 'steps': [{'duration': 210, 'departure_time': 9930, 'arrival_time': 10140, 'day': 'current_day', 'from_stop_id': '35-3', 'to_stop_id': '56-3', 'trip_id': '5-1-7', 'agency_name': 'Unknown'}, {'duration': 960, 'departure_time': 10200, 'arrival_time': 11160, 'day': 'current_day', 'from_stop_id': '56-3', 'to_stop_id': '90-3', 'trip_id': '5-1-12', 'agency_name': 'Unknown'}]}"
37,20,14100,intra,left,9,[26; 38],[30],500,375,1000,751,14475,14535.0,15480.0,15540.0,945.0,0.0,26,30,2631.0,16731.0,pt,2191.0,16291.0,2191.0,"{'duration': 945, 'source_transfer_time': 0, 'waiting_time': 465, 'trip_time': 480, 'num_transfers': 0, 'departure_time': 14535, 'departure_day': 'current_day', 'arrival_time': 15480, 'arrival_day': 'current_day', 'steps': [{'duration': 480, 'departure_time': 15000, 'arrival_time': 15480, 'day': 'current_day', 'from_stop_id': '26-3', 'to_stop_id': '30-3', 'trip_id': '5-0-19', 'agency_name': 'Unknown'}]}"
49,21,9780,intra,left,10,[116; 118],[30],500,375,1500,1127,10155,10215.0,10830.0,10890.0,615.0,2.0,118,30,2631.0,12411.0,pt,2237.0,12017.0,2237.0,"{'duration': 615, 'source_transfer_time': 0, 'waiting_time': 45, 'trip_time': 570, 'num_transfers': 2, 'departure_time': 10215, 'departure_day': 'current_day', 'arrival_time': 10830, 'arrival_day': 'current_day', 'steps': [{'duration': 210, 'departure_time': 10260, 'arrival_time': 10470, 'day': 'current_day', 'from_stop_id': '118-1', 'to_stop_id': '59-1', 'trip_id': '1-0-11', 'agency_name': 'Unknown'}, {'duration': 30, 'departure_time': 10470, 'arrival_time': 10500, 'day': 'current_day', 'from_stop_id': '59-1', 'to_stop_id': '59-3', 'trip_id': 'walking', 'agency_name': 'Unknown'}, {'duration': 330, 'departure_time': 10500, 'arrival_time': 10830, 'day': 'current_day', 'from_stop_id': '59-3', 'to_stop_id': '30-3', 'trip_id': '5-1-10', 'agency_name': 'Unknown'}]}"
119,54,3600,intra,left,11,[119],[54],0,0,0,0,3600,3660.0,4740.0,4800.0,1080.0,2.0,119,54,2255.0,5855.0,pt,1200.0,4800.0,1200.0,"{'duration': 1080, 'source_transfer_time': 0, 'waiting_time': 210, 'trip_time': 870, 'num_transfers': 2, 'departure_time': 3660, 'departure_day': 'current_day', 'arrival_time': 4740, 'arrival_day': 'current_day', 'steps': [{'duration': 90, 'departure_time': 3870, 'arrival_time': 3960, 'day': 'current_day', 'from_stop_id': '119-2', 'to_stop_id': 'MH-L-2', 'trip_id': '2-0-1', 'agency_name': 'Unknown'}, {'duration': 30, 'departure_time': 3960, 'arrival_time': 3990, 'day': 'current_day', 'from_stop_id': 'MH-L-2', 'to_stop_id': 'MH-L-1', 'trip_id': 'walking', 'agency_name': 'Unknown'}, {'duration': 600, 'departure_time': 4140, 'arrival_time': 4740, 'day': 'current_day', 'from_stop_id': 'MH-L-1', 'to_stop_id': '54-1', 'trip_id': '1-1-1', 'agency_name': 'Unknown'}]}"
64,105,11820,intra,left,12,[64],[85],0,0,2000,1503,11820,11880.0,12330.0,12390.0,450.0,0.0,64,85,2255.0,14075.0,pt,2073.0,13893.0,2073.0,"{'duration': 450, 'source_transfer_time': 0, 'waiting_time': 240, 'trip_time': 210, 'num_transfers': 0, 'departure_time': 11880, 'departure_day': 'current_day', 'arrival_time': 12330, 'arrival_day': 'current_day', 'steps': [{'duration': 210, 'departure_time': 12120, 'arrival_time': 12330, 'day': 'current_day', 'from_stop_id': '64-3', 'to_stop_id': '85-3', 'trip_id': '5-1-15', 'agency_name': 'Unknown'}]}"
116,63,8550,intra,left,13,[116],[55; 64],0,0,500,375,8550,8610.0,9420.0,9480.0,810.0,2.0,116,55,2255.0,10805.0,pt,1305.0,9855.0,1305.0,"{'duration': 810, 'source_transfer_time': 0, 'waiting_time': 60, 'trip_time': 750, 'num_transfers': 2, 'departure_time': 8610, 'departure_day': 'current_day', 'arrival_time': 9420, 'arrival_day': 'current_day', 'steps': [{'duration': 90, 'departure_time': 8670, 'arrival_time': 8760, 'day': 'current_day', 'from_stop_id': '116-2', 'to_stop_id': 'MH-L-2', 'trip_id': '2-1-9', 'agency_name': 'Unknown'}, {'duration': 30, 'departure_time': 8760, 'arrival_time': 8790, 'day': 'current_day', 'from_stop_id': 'MH-L-2', 'to_stop_id': 'MH-L-1', 'trip_id': 'walking', 'agency_name': 'Unknown'}, {'duration': 480, 'departure_time': 8940, 'arrival_time': 9420, 'day': 'current_day', 'from_stop_id': 'MH-L-1', 'to_stop_id': '55-1', 'trip_id': '1-1-9', 'agency_name': 'Unknown'}]}"
71,37,11190,intra,left,14,[61],[26; 38],500,375,500,375,11565,11625.0,12750.0,12810.0,1125.0,2.0,61,38,3383.0,14573.0,pt,1995.0,13185.0,1995.0,"{'duration': 1125, 'source_transfer_time': 0, 'waiting_time': 135, 'trip_time': 990, 'num_transfers': 2, 'departure_time': 11625, 'departure_day': 'current_day', 'arrival_time': 12750, 'arrival_day': 'current_day', 'steps': [{'duration': 600, 'departure_time': 11760, 'arrival_time': 12360, 'day': 'current_day', 'from_stop_id': '61-1', 'to_stop_id': 'MH-L-1', 'trip_id': '1-1-15', 'agency_name': 'Unknown'}, {'duration': 30, 'departure_time': 12360, 'arrival_time': 12390, 'day': 'current_day', 'from_stop_id': 'MH-L-1', 'to_stop_id': 'MH-L-2', 'trip_id': 'walking', 'agency_name': 'Unknown'}, {'duration': 210, 'departure_time': 12540, 'arrival_time': 12750, 'day': 'current_day', 'from_stop_id': 'MH-L-2', 'to_stop_id': '38-2', 'trip_id': '2-0-15', 'agency_name': 'Unknown'}]}"
113,1,13830,intra,left,15,[91],[24],1000,751,1500,1127,14581,14641.0,16380.0,16440.0,1739.0,0.0,91,24,6390.0,20220.0,pt,3737.0,17567.0,3737.0,"{'duration': 1739, 'source_transfer_time': 0, 'waiting_time': 269, 'trip_time': 1470, 'num_transfers': 0, 'departure_time': 14641, 'departure_day': 'current_day', 'arrival_time': 16380, 'arrival_day': 'current_day', 'steps': [{'duration': 1470, 'departure_time': 14910, 'arrival_time': 16380, 'day': 'current_day', 'from_stop_id': '91-3', 'to_stop_id': '24-3', 'trip_id': '5-1-18', 'agency_name': 'Unknown'}]}"
91,16,13680,intra,left,16,[91],[16],0,0,0,0,13680,13740.0,15420.0,15480.0,1680.0,2.0,91,16,3759.0,17439.0,pt,1800.0,15480.0,1800.0,"{'duration': 1680, 'source_transfer_time': 0, 'waiting_time': 120, 'trip_time': 1560, 'num_transfers': 2, 'departure_time': 13740, 'departure_day': 'current_day', 'arrival_time': 15420, 'arrival_day': 'current_day', 'steps': [{'duration': 330, 'departure_time': 13860, 'arrival_time': 14190, 'day': 'current_day', 'from_stop_id': '91-3', 'to_stop_id': '88-3', 'trip_id': '5-0-15', 'agency_name': 'Unknown'}, {'duration': 30, 'departure_time': 14190, 'arrival_time': 14220, 'day': 'current_day', 'from_stop_id': '88-3', 'to_stop_id': '88-2', 'trip_id': 'walking', 'agency_name': 'Unknown'}, {'duration': 990, 'departure_time': 14430, 'arrival_time': 15420, 'day': 'current_day', 'from_stop_id': '88-2', 'to_stop_id': '16-2', 'trip_id': '2-0-19', 'agency_name': 'Unknown'}]}"
32,16,11820,intra,left,17,[30],[16],1000,751,0,0,12571,12631.0,13620.0,13680.0,989.0,2.0,30,16,2255.0,14075.0,pt,1860.0,13680.0,1860.0,"{'duration': 989, 'source_transfer_time': 0, 'waiting_time': 29, 'trip_time': 960, 'num_transfers': 2, 'departure_time': 12631, 'departure_day': 'current_day', 'arrival_time': 13620, 'arrival_day': 'current_day', 'steps': [{'duration': 330, 'departure_time': 12660, 'arrival_time': 12990, 'day': 'current_day', 'from_stop_id': '30-3', 'to_stop_id': '27-3', 'trip_id': '5-1-13', 'agency_name': 'Unknown'}, {'duration': 30, 'departure_time': 12990, 'arrival_time': 13020, 'day': 'current_day', 'from_stop_id': '27-3', 'to_stop_id': '27-2', 'trip_id': 'walking', 'agency_name': 'Unknown'}, {'duration': 90, 'departure_time': 13530, 'arrival_time': 13620, 'day': 'current_day', 'from_stop_id': '27-2', 'to_stop_id': '16-2', 'trip_id': '2-0-16', 'agency_name': 'Unknown'}]}"
30,48,12270,intra,left,18,[30],[116; 117],0,0,500,375,12270,12330.0,13440.0,13500.0,1110.0,2.0,30,116,2255.0,14525.0,pt,1605.0,13875.0,1605.0,"{'duration': 1110, 'source_transfer_time': 0, 'waiting_time': 330, 'trip_time': 780, 'num_transfers': 2, 'departure_time': 12330, 'departure_day': 'current_day', 'arrival_time': 13440, 'arrival_day': 'current_day', 'steps': [{'duration': 330, 'departure_time': 12660, 'arrival_time': 12990, 'day': 'current_day', 'from_stop_id': '30-3', 'to_stop_id': '27-3', 'trip_id': '5-1-13', 'agency_name': 'Unknown'}, {'duration': 30, 'departure_time': 12990, 'arrival_time': 13020, 'day': 'current_day', 'from_stop_id': '27-3', 'to_stop_id': '27-2', 'trip_id': 'walking', 'agency_name': 'Unknown'}, {'duration': 210, 'departure_time': 13230, 'arrival_time': 13440, 'day': 'current_day', 'from_stop_id': '27-2', 'to_stop_id': '116-2', 'trip_id': '2-1-17', 'agency_name': 'Unknown'}]}"
52,113,10860,intra,left,19,[51; 60],[91],500,375,1000,751,11235,11295.0,12030.0,12090.0,735.0,0.0,51,91,2631.0,13491.0,pt,1981.0,12841.0,1981.0,"{'duration': 735, 'source_transfer_time': 0, 'waiting_time': 255, 'trip_time': 480, 'num_transfers': 0, 'departure_time': 11295, 'departure_day': 'current_day', 'arrival_time': 12030, 'arrival_day': 'current_day', 'steps': [{'duration': 480, 'departure_time': 11550, 'arrival_time': 12030, 'day': 'current_day', 'from_stop_id': '51-3', 'to_stop_id': '91-3', 'trip_id': '5-0-12', 'agency_name': 'Unknown'}]}"
2,28,4680,intra,left,20,[24],[28],1000,751,0,0,5431,5491.0,6240.0,6300.0,749.0,0.0,24,28,2255.0,6935.0,pt,1620.0,6300.0,1620.0,"{'duration': 749, 'source_transfer_time': 0, 'waiting_time': 269, 'trip_time': 480, 'num_transfers': 0, 'departure_time': 5491, 'departure_day': 'current_day', 'arrival_time': 6240, 'arrival_day': 'current_day', 'steps': [{'duration': 480, 'departure_time': 5760, 'arrival_time': 6240, 'day': 'current_day', 'from_stop_id': '24-3', 'to_stop_id': '28-3', 'trip_id': '5-0-4', 'agency_name': 'Unknown'}]}"
59,74,9060,intra,left,21,[59],[74],0,0,0,0,9060,9120.0,10500.0,10560.0,1380.0,0.0,59,74,3007.0,12067.0,pt,1500.0,10560.0,1500.0,"{'duration': 1380, 'source_transfer_time': 0, 'waiting_time': 180, 'trip_time': 1200, 'num_transfers': 0, 'departure_time': 9120, 'departure_day': 'current_day', 'arrival_time': 10500, 'arrival_day': 'current_day', 'steps': [{'duration': 1200, 'departure_time': 9300, 'arrival_time': 10500, 'day': 'current_day', 'from_stop_id': '59-3', 'to_stop_id': '74-3', 'trip_id': '5-0-8', 'agency_name': 'Unknown'}]}"
21,113,12960,intra,left,22,[30],[91],1500,1127,1000,751,14087,14147.0,15030.0,15090.0,883.0,0.0,30,91,4135.0,17095.0,pt,2881.0,15841.0,2881.0,"{'duration': 883, 'source_transfer_time': 0, 'waiting_time': 163, 'trip_time': 720, 'num_transfers': 0, 'departure_time': 14147, 'departure_day': 'current_day', 'arrival_time': 15030, 'arrival_day': 'current_day', 'steps': [{'duration': 720, 'departure_time': 14310, 'arrival_time': 15030, 'day': 'current_day', 'from_stop_id': '30-3', 'to_stop_id': '91-3', 'trip_id': '5-0-17', 'agency_name': 'Unknown'}]}"
104,39,12150,intra,left,23,[91],[28; 38],1500,1127,500,375,13277,13337.0,14670.0,14730.0,1333.0,0.0,91,28,3759.0,15909.0,pt,2955.0,15105.0,2955.0,"{'duration': 1333, 'source_transfer_time': 0, 'waiting_time': 373, 'trip_time': 960, 'num_transfers': 0, 'departure_time': 13337, 'departure_day': 'current_day', 'arrival_time': 14670, 'arrival_day': 'current_day', 'steps': [{'duration': 960, 'departure_time': 13710, 'arrival_time': 14670, 'day': 'current_day', 'from_stop_id': '91-3', 'to_stop_id': '28-3', 'trip_id': '5-1-16', 'agency_name': 'Unknown'}]}"
32,48,3870,intra,left,24,[30],[116; 117],1000,751,500,375,4621,4681.0,5640.0,5700.0,959.0,2.0,30,116,3007.0,6877.0,pt,2205.0,6075.0,2205.0,"{'duration': 959, 'source_transfer_time': 0, 'waiting_time': 179, 'trip_time': 780, 'num_transfers': 2, 'departure_time': 4681, 'departure_day': 'current_day', 'arrival_time': 5640, 'arrival_day': 'current_day', 'steps': [{'duration': 330, 'departure_time': 4860, 'arrival_time': 5190, 'day': 'current_day', 'from_stop_id': '30-3', 'to_stop_id': '27-3', 'trip_id': '5-1-0', 'agency_name': 'Unknown'}, {'duration': 30, 'departure_time': 5190, 'arrival_time': 5220, 'day': 'current_day', 'from_stop_id': '27-3', 'to_stop_id': '27-2', 'trip_id': 'walking', 'agency_name': 'Unknown'}, {'duration': 210, 'departure_time': 5430, 'arrival_time': 5640, 'day': 'current_day', 'from_stop_id': '27-2', 'to_stop_id': '116-2', 'trip_id': '2-1-4', 'agency_name': 'Unknown'}]}"
33,111,10080,intra,left,25,[35; 54],[110],1000,751,500,375,10831,10891.0,12540.0,12600.0,1649.0,3.0,35,110,4887.0,14967.0,pt,2895.0,12975.0,2895.0,"{'duration': 1649, 'source_transfer_time': 0, 'waiting_time': 239, 'trip_time': 1410, 'num_transfers': 3, 'departure_time': 10891, 'departure_day': 'current_day', 'arrival_time': 12540, 'arrival_day': 'current_day', 'steps': [{'duration': 210, 'departure_time': 11130, 'arrival_time': 11340, 'day': 'current_day', 'from_stop_id': '35-3', 'to_stop_id': '56-3', 'trip_id': '5-1-9', 'agency_name': 'Unknown'}, {'duration': 690, 'departure_time': 11400, 'arrival_time': 12090, 'day': 'current_day', 'from_stop_id': '56-3', 'to_stop_id': '88-3', 'trip_id': '5-1-14', 'agency_name': 'Unknown'}, {'duration': 30, 'departure_time': 12090, 'arrival_time': 12120, 'day': 'current_day', 'from_stop_id': '88-3', 'to_stop_id': '88-2', 'trip_id': 'walking', 'agency_name': 'Unknown'}, {'duration': 210, 'departure_time': 12330, 'arrival_time': 12540, 'day': 'current_day', 'from_stop_id': '88-2', 'to_stop_id': '110-2', 'trip_id': '2-1-14', 'agency_name': 'Unknown'}]}"
84,10,9840,intra,left,26,[85],[30],500,375,2000,1503,10215,10275.0,11880.0,11940.0,1605.0,1.0,85,30,6390.0,16230.0,pt,3603.0,13443.0,3603.0,"{'duration': 1605, 'source_transfer_time': 0, 'waiting_time': 135, 'trip_time': 1470, 'num_transfers': 1, 'departure_time': 10275, 'departure_day': 'current_day', 'arrival_time': 11880, 'arrival_day': 'current_day', 'steps': [{'duration': 330, 'departure_time': 10410, 'arrival_time': 10740, 'day': 'current_day', 'from_stop_id': '85-3', 'to_stop_id': '56-3', 'trip_id': '5-0-8', 'agency_name': 'Unknown'}, {'duration': 1080, 'departure_time': 10800, 'arrival_time': 11880, 'day': 'current_day', 'from_stop_id': '56-3', 'to_stop_id': '30-3', 'trip_id': '5-0-13', 'agency_name': 'Unknown'}]}"
45,114,5160,intra,left,27,[46; 55],[91],500,375,1500,1127,5535,5595.0,7080.0,7140.0,1485.0,1.0,46,91,5263.0,10423.0,pt,3107.0,8267.0,3107.0,"{'duration': 1485, 'source_transfer_time': 0, 'waiting_time': 255, 'trip_time': 1230, 'num_transfers': 1, 'departure_time': 5595, 'departure_day': 'current_day', 'arrival_time': 7080, 'arrival_day': 'current_day', 'steps': [{'duration': 90, 'departure_time': 5850, 'arrival_time': 5940, 'day': 'current_day', 'from_stop_id': '46-3', 'to_stop_id': '56-3', 'trip_id': '5-1-0', 'agency_name': 'Unknown'}, {'duration': 1080, 'departure_time': 6000, 'arrival_time': 7080, 'day': 'current_day', 'from_stop_id': '56-3', 'to_stop_id': '91-3', 'trip_id': '5-1-5', 'agency_name': 'Unknown'}]}"
1,18,3660,intra,left,28,[24],[29],1500,1127,500,375,4787,4847.0,5760.0,5820.0,913.0,0.0,24,29,2631.0,6291.0,pt,2535.0,6195.0,2535.0,"{'duration': 913, 'source_transfer_time': 0, 'waiting_time': 313, 'trip_time': 600, 'num_transfers': 0, 'departure_time': 4847, 'departure_day': 'current_day', 'arrival_time': 5760, 'arrival_day': 'current_day', 'steps': [{'duration': 600, 'departure_time': 5160, 'arrival_time': 5760, 'day': 'current_day', 'from_stop_id': '24-3', 'to_stop_id': '29-3', 'trip_id': '5-0-3', 'agency_name': 'Unknown'}]}"
20,62,4260,intra,left,29,[30],[54],1000,751,500,375,5011,5071.0,7140.0,7200.0,2069.0,2.0,30,54,5263.0,9523.0,pt,3315.0,7575.0,3315.0,"{'duration': 2069, 'source_transfer_time': 0, 'waiting_time': 239, 'trip_time': 1830, 'num_transfers': 2, 'departure_time': 5071, 'departure_day': 'current_day', 'arrival_time': 7140, 'arrival_day': 'current_day', 'steps': [{'duration': 330, 'departure_time': 5310, 'arrival_time': 5640, 'day': 'current_day', 'from_stop_id': '30-3', 'to_stop_id': '59-3', 'trip_id': '5-0-2', 'agency_name': 'Unknown'}, {'duration': 30, 'departure_time': 5640, 'arrival_time': 5670, 'day': 'current_day', 'from_stop_id': '59-3', 'to_stop_id': '59-1', 'trip_id': 'walking', 'agency_name': 'Unknown'}, {'duration': 1110, 'departure_time': 6030, 'arrival_time': 7140, 'day': 'current_day', 'from_stop_id': '59-1', 'to_stop_id': '54-1', 'trip_id': '1-1-5', 'agency_name': 'Unknown'}]}"
92,107,7650,intra,left,30,[91],[85],500,375,1000,751,8025,8085.0,9180.0,9240.0,1095.0,0.0,91,85,3383.0,11033.0,pt,2341.0,9991.0,2341.0,"{'duration': 1095, 'source_transfer_time': 0, 'waiting_time': 375, 'trip_time': 720, 'num_transfers': 0, 'departure_time': 8085, 'departure_day': 'current_day', 'arrival_time': 9180, 'arrival_day': 'current_day', 'steps': [{'duration': 720, 'departure_time': 8460, 'arrival_time': 9180, 'day': 'current_day', 'from_stop_id': '91-3', 'to_stop_id': '85-3', 'trip_id': '5-0-6', 'agency_name': 'Unknown'}]}"
53,107,3840,intra,left,31,[61],[85],500,375,1000,751,4215,4275.0,6180.0,6240.0,1905.0,2.0,61,85,5263.0,9103.0,pt,3151.0,6991.0,3151.0,"{'duration': 1905, 'source_transfer_time': 0, 'waiting_time': 285, 'trip_time': 1620, 'num_transfers': 2, 'departure_time': 4275, 'departure_day': 'current_day', 'arrival_time': 6180, 'arrival_day': 'current_day', 'steps': [{'duration': 210, 'departure_time': 4560, 'arrival_time': 4770, 'day': 'current_day', 'from_stop_id': '61-1', 'to_stop_id': '59-1', 'trip_id': '1-1-3', 'agency_name': 'Unknown'}, {'duration': 30, 'departure_time': 4770, 'arrival_time': 4800, 'day': 'current_day', 'from_stop_id': '59-1', 'to_stop_id': '59-3', 'trip_id': 'walking', 'agency_name': 'Unknown'}, {'duration': 1080, 'departure_time': 5100, 'arrival_time': 6180, 'day': 'current_day', 'from_stop_id': '59-3', 'to_stop_id': '85-3', 'trip_id': '5-0-1', 'agency_name': 'Unknown'}]}"
24,78,5880,intra,left,32,[24],[77; 89],0,0,500,375,5880,5940.0,7350.0,7410.0,1410.0,4.0,24,77,3383.0,9263.0,pt,1905.0,7785.0,1905.0,"{'duration': 1410, 'source_transfer_time': 0, 'waiting_time': 270, 'trip_time': 1140, 'num_transfers': 4, 'departure_time': 5940, 'departure_day': 'current_day', 'arrival_time': 7350, 'arrival_day': 'current_day', 'steps': [{'duration': 330, 'departure_time': 6210, 'arrival_time': 6540, 'day': 'current_day', 'from_stop_id': '24-3', 'to_stop_id': '56-3', 'trip_id': '5-1-1', 'agency_name': 'Unknown'}, {'duration': 30, 'departure_time': 6540, 'arrival_time': 6570, 'day': 'current_day', 'from_stop_id': '56-3', 'to_stop_id': '56-1', 'trip_id': 'walking', 'agency_name': 'Unknown'}, {'duration': 330, 'departure_time': 6630, 'arrival_time': 6960, 'day': 'current_day', 'from_stop_id': '56-1', 'to_stop_id': 'MH-L-1', 'trip_id': '1-0-6', 'agency_name': 'Unknown'}, {'duration': 30, 'departure_time': 6960, 'arrival_time': 6990, 'day': 'current_day', 'from_stop_id': 'MH-L-1', 'to_stop_id': 'MH-L-2', 'trip_id': 'walking', 'agency_name': 'Unknown'}, {'duration': 210, 'departure_time': 7140, 'arrival_time': 7350, 'day': 'current_day', 'from_stop_id': 'MH-L-2', 'to_stop_id': '77-2', 'trip_id': '2-1-6', 'agency_name': 'Unknown'}]}"
19,100,4380,intra,left,33,[30],[89; 99],500,375,500,375,4755,4815.0,6270.0,6330.0,1455.0,0.0,30,89,3759.0,8139.0,pt,2325.0,6705.0,2325.0,"{'duration': 1455, 'source_transfer_time': 0, 'waiting_time': 495, 'trip_time': 960, 'num_transfers': 0, 'departure_time': 4815, 'departure_day': 'current_day', 'arrival_time': 6270, 'arrival_day': 'current_day', 'steps': [{'duration': 960, 'departure_time': 5310, 'arrival_time': 6270, 'day': 'current_day', 'from_stop_id': '30-3', 'to_stop_id': '89-3', 'trip_id': '5-0-2', 'agency_name': 'Unknown'}]}"
5,84,14130,intra,left,34,[5],[85],0,0,500,375,14130,14190.0,16380.0,16440.0,2190.0,2.0,5,85,4511.0,18641.0,pt,2685.0,16815.0,2685.0,"{'duration': 2190, 'source_transfer_time': 0, 'waiting_time': 570, 'trip_time': 1620, 'num_transfers': 2, 'departure_time': 14190, 'departure_day': 'current_day', 'arrival_time': 16380, 'arrival_day': 'current_day', 'steps': [{'duration': 1110, 'departure_time': 14760, 'arrival_time': 15870, 'day': 'current_day', 'from_stop_id': '5-2', 'to_stop_id': '88-2', 'trip_id': '2-1-20', 'agency_name': 'Unknown'}, {'duration': 30, 'departure_time': 15870, 'arrival_time': 15900, 'day': 'current_day', 'from_stop_id': '88-2', 'to_stop_id': '88-3', 'trip_id': 'walking', 'agency_name': 'Unknown'}, {'duration': 330, 'departure_time': 16050, 'arrival_time': 16380, 'day': 'current_day', 'from_stop_id': '88-3', 'to_stop_id': '85-3', 'trip_id': '5-0-18', 'agency_name': 'Unknown'}]}"
81,9,4560,intra,left,35,[80],[30],500,375,1500,1127,4935,4995.0,6030.0,6090.0,1035.0,0.0,80,30,2631.0,7191.0,walking,2631.0,7217.0,2657.0,"{'duration': 1035, 'source_transfer_time': 0, 'waiting_time': 435, 'trip_time': 600, 'num_transfers': 0, 'departure_time': 4995, 'departure_day': 'current_day', 'arrival_time': 6030, 'arrival_day': 'current_day', 'steps': [{'duration': 600, 'departure_time': 5430, 'arrival_time': 6030, 'day': 'current_day', 'from_stop_id': '80-3', 'to_stop_id': '30-3', 'trip_id': '5-1-2', 'agency_name': 'Unknown'}]}"
36,42,9600,intra,left,36,[25; 35],[41],500,375,500,375,9975,10035.0,10800.0,10860.0,765.0,0.0,25,41,2255.0,11855.0,pt,1635.0,11235.0,1635.0,"{'duration': 765, 'source_transfer_time': 0, 'waiting_time': 45, 'trip_time': 720, 'num_transfers': 0, 'departure_time': 10035, 'departure_day': 'current_day', 'arrival_time': 10800, 'arrival_day': 'current_day', 'steps': [{'duration': 720, 'departure_time': 10080, 'arrival_time': 10800, 'day': 'current_day', 'from_stop_id': '25-3', 'to_stop_id': '41-3', 'trip_id': '5-0-11', 'agency_name': 'Unknown'}]}"
20,62,8760,intra,left,37,[30],[54],1000,751,500,375,9511,9571.0,11340.0,11400.0,1769.0,2.0,30,54,5263.0,14023.0,pt,3015.0,11775.0,3015.0,"{'duration': 1769, 'source_transfer_time': 0, 'waiting_time': 89, 'trip_time': 1680, 'num_transfers': 2, 'departure_time': 9571, 'departure_day': 'current_day', 'arrival_time': 11340, 'arrival_day': 'current_day', 'steps': [{'duration': 1080, 'departure_time': 9660, 'arrival_time': 10740, 'day': 'current_day', 'from_stop_id': '30-3', 'to_stop_id': '56-3', 'trip_id': '5-1-8', 'agency_name': 'Unknown'}, {'duration': 30, 'departure_time': 10740, 'arrival_time': 10770, 'day': 'current_day', 'from_stop_id': '56-3', 'to_stop_id': '56-1', 'trip_id': 'walking', 'agency_name': 'Unknown'}, {'duration': 210, 'departure_time': 11130, 'arrival_time': 11340, 'day': 'current_day', 'from_stop_id': '56-1', 'to_stop_id': '54-1', 'trip_id': '1-1-12', 'agency_name': 'Unknown'}]}"
116,32,9030,intra,left,38,[116],[30],0,0,1000,751,9030,9090.0,10230.0,10290.0,1140.0,4.0,116,30,2631.0,11661.0,pt,2011.0,11041.0,2011.0,"{'duration': 1140, 'source_transfer_time': 0, 'waiting_time': 180, 'trip_time': 960, 'num_transfers': 4, 'departure_time': 9090, 'departure_day': 'current_day', 'arrival_time': 10230, 'arrival_day': 'current_day', 'steps': [{'duration': 90, 'departure_time': 9270, 'arrival_time': 9360, 'day': 'current_day', 'from_stop_id': '116-2', 'to_stop_id': 'MH-L-2', 'trip_id': '2-1-10', 'agency_name': 'Unknown'}, {'duration': 30, 'departure_time': 9360, 'arrival_time': 9390, 'day': 'current_day', 'from_stop_id': 'MH-L-2', 'to_stop_id': 'MH-L-1', 'trip_id': 'walking', 'agency_name': 'Unknown'}, {'duration': 330, 'departure_time': 9540, 'arrival_time': 9870, 'day': 'current_day', 'from_stop_id': 'MH-L-1', 'to_stop_id': '59-1', 'trip_id': '1-0-10', 'agency_name': 'Unknown'}, {'duration': 30, 'departure_time': 9870, 'arrival_time': 9900, 'day': 'current_day', 'from_stop_id': '59-1', 'to_stop_id': '59-3', 'trip_id': 'walking', 'agency_name': 'Unknown'}, {'duration': 330, 'departure_time': 9900, 'arrival_time': 10230, 'day': 'current_day', 'from_stop_id': '59-3', 'to_stop_id': '30-3', 'trip_id': '5-1-9', 'agency_name': 'Unknown'}]}"
86,39,13080,intra,left,39,[86],[28; 38],0,0,500,375,13080,13140.0,14550.0,14610.0,1410.0,4.0,86,38,3007.0,16087.0,pt,1905.0,14985.0,1905.0,"{'duration': 1410, 'source_transfer_time': 0, 'waiting_time': 150, 'trip_time': 1260, 'num_transfers': 4, 'departure_time': 13140, 'departure_day': 'current_day', 'arrival_time': 14550, 'arrival_day': 'current_day', 'steps': [{'duration': 450, 'departure_time': 13290, 'arrival_time': 13740, 'day': 'current_day', 'from_stop_id': '86-3', 'to_stop_id': '56-3', 'trip_id': '5-0-13', 'agency_name': 'Unknown'}, {'duration': 30, 'departure_time': 13740, 'arrival_time': 13770, 'day': 'current_day', 'from_stop_id': '56-3', 'to_stop_id': '56-1', 'trip_id': 'walking', 'agency_name': 'Unknown'}, {'duration': 330, 'departure_time': 13830, 'arrival_time': 14160, 'day': 'current_day', 'from_stop_id': '56-1', 'to_stop_id': 'MH-L-1', 'trip_id': '1-0-18', 'agency_name': 'Unknown'}, {'duration': 30, 'departure_time': 14160, 'arrival_time': 14190, 'day': 'current_day', 'from_stop_id': 'MH-L-1', 'to_stop_id': 'MH-L-2', 'trip_id': 'walking', 'agency_name': 'Unknown'}, {'duration': 210, 'departure_time': 14340, 'arrival_time': 14550, 'day': 'current_day', 'from_stop_id': 'MH-L-2', 'to_stop_id': '38-2', 'trip_id': '2-0-18', 'agency_name': 'Unknown'}]}"
95,153,13920,inter,left,40,[85],[151],1000,751,1000,751,14671,14731.0,18630.0,18690.0,3899.0,8.0,85,151,,,pt,5521.0,19441.0,5521.0,"{'duration': 3899, 'source_transfer_time': 0, 'waiting_time': 479, 'trip_time': 3420, 'num_transfers': 8, 'departure_time': 14731, 'departure_day': 'current_day', 'arrival_time': 18630, 'arrival_day': 'current_day', 'steps': [{'duration': 330, 'departure_time': 15210, 'arrival_time': 15540, 'day': 'current_day', 'from_stop_id': '85-3', 'to_stop_id': '56-3', 'trip_id': '5-0-16', 'agency_name': 'Unknown'}, {'duration': 30, 'departure_time': 15540, 'arrival_time': 15570, 'day': 'current_day', 'from_stop_id': '56-3', 'to_stop_id': '56-1', 'trip_id': 'walking', 'agency_name': 'Unknown'}, {'duration': 330, 'departure_time': 15630, 'arrival_time': 15960, 'day': 'current_day', 'from_stop_id': '56-1', 'to_stop_id': 'MH-L-1', 'trip_id': '1-0-21', 'agency_name': 'Unknown'}, {'duration': 30, 'departure_time': 15960, 'arrival_time': 15990, 'day': 'current_day', 'from_stop_id': 'MH-L-1', 'to_stop_id': 'MH-L-0', 'trip_id': 'walking', 'agency_name': 'Unknown'}, {'duration': 1500, 'departure_time': 16200, 'arrival_time': 17700, 'day': 'current_day', 'from_stop_id': 'MH-L-0', 'to_stop_id': 'MH-R-0', 'trip_id': '0-0-21', 'agency_name': 'Unknown'}, {'duration': 30, 'departure_time': 17700, 'arrival_time': 17730, 'day': 'current_day', 'from_stop_id': 'MH-R-0', 'to_stop_id': 'MH-R-1', 'trip_id': 'walking', 'agency_name': 'Unknown'}, {'duration': 330, 'departure_time': 17940, 'arrival_time': 18270, 'day': 'current_day', 'from_stop_id': 'MH-R-1', 'to_stop_id': '180-1', 'trip_id': '3-0-24', 'agency_name': 'Unknown'}, {'duration': 30, 'departure_time': 18270, 'arrival_time': 18300, 'day': 'current_day', 'from_stop_id': '180-1', 'to_stop_id': '180-3', 'trip_id': 'walking', 'agency_name': 'Unknown'}, {'duration': 330, 'departure_time': 18300, 'arrival_time': 18630, 'day': 'current_day', 'from_stop_id': '180-3', 'to_stop_id': '151-3', 'trip_id': '6-1-23', 'agency_name': 'Unknown'}]}"
33,206,12810,inter,left,41,[35; 54],[206],1000,751,0,0,13561,13621.0,17580.0,17640.0,3959.0,8.0,35,206,,,pt,4830.0,17640.0,4830.0,"{'duration': 3959, 'source_transfer_time': 0, 'waiting_time': 509, 'trip_time': 3450, 'num_transfers': 8, 'departure_time': 13621, 'departure_day': 'current_day', 'arrival_time': 17580, 'arrival_day': 'current_day', 'steps': [{'duration': 210, 'departure_time': 14130, 'arrival_time': 14340, 'day': 'current_day', 'from_stop_id': '35-3', 'to_stop_id': '56-3', 'trip_id': '5-1-14', 'agency_name': 'Unknown'}, {'duration': 30, 'departure_time': 14340, 'arrival_time': 14370, 'day': 'current_day', 'from_stop_id': '56-3', 'to_stop_id': '56-1', 'trip_id': 'walking', 'agency_name': 'Unknown'}, {'duration': 330, 'departure_time': 14430, 'arrival_time': 14760, 'day': 'current_day', 'from_stop_id': '56-1', 'to_stop_id': 'MH-L-1', 'trip_id': '1-0-19', 'agency_name': 'Unknown'}, {'duration': 30, 'departure_time': 14760, 'arrival_time': 14790, 'day': 'current_day', 'from_stop_id': 'MH-L-1', 'to_stop_id': 'MH-L-0', 'trip_id': 'walking', 'agency_name': 'Unknown'}, {'duration': 1500, 'departure_time': 15000, 'arrival_time': 16500, 'day': 'current_day', 'from_stop_id': 'MH-L-0', 'to_stop_id': 'MH-R-0', 'trip_id': '0-0-19', 'agency_name': 'Unknown'}, {'duration': 30, 'departure_time': 16500, 'arrival_time': 16530, 'day': 'current_day', 'from_stop_id': 'MH-R-0', 'to_stop_id': 'MH-R-2', 'trip_id': 'walking', 'agency_name': 'Unknown'}, {'duration': 330, 'departure_time': 16740, 'arrival_time': 17070, 'day': 'current_day', 'from_stop_id': 'MH-R-2', 'to_stop_id': '209-2', 'trip_id': '4-1-22', 'agency_name': 'Unknown'}, {'duration': 30, 'departure_time': 17070, 'arrival_time': 17100, 'day': 'current_day', 'from_stop_id': '209-2', 'to_stop_id': '209-3', 'trip_id': 'walking', 'agency_name': 'Unknown'}, {'duration': 330, 'departure_time': 17250, 'arrival_time': 17580, 'day': 'current_day', 'from_stop_id': '209-3', 'to_stop_id': '206-3', 'trip_id': '6-0-20', 'agency_name': 'Unknown'}]}"
90,200,14040,inter,left,42,[90],[201; 211],0,0,500,375,14040,14100.0,17910.0,17970.0,3810.0,8.0,90,201,,,pt,4305.0,18345.0,4305.0,"{'duration': 3810, 'source_transfer_time': 0, 'waiting_time': 90, 'trip_time': 3720, 'num_transfers': 8, 'departure_time': 14100, 'departure_day': 'current_day', 'arrival_time': 17910, 'arrival_day': 'current_day', 'steps': [{'duration': 450, 'departure_time': 14190, 'arrival_time': 14640, 'day': 'current_day', 'from_stop_id': '90-3', 'to_stop_id': '59-3', 'trip_id': '5-1-17', 'agency_name': 'Unknown'}, {'duration': 30, 'departure_time': 14640, 'arrival_time': 14670, 'day': 'current_day', 'from_stop_id': '59-3', 'to_stop_id': '59-1', 'trip_id': 'walking', 'agency_name': 'Unknown'}, {'duration': 330, 'departure_time': 15030, 'arrival_time': 15360, 'day': 'current_day', 'from_stop_id': '59-1', 'to_stop_id': 'MH-L-1', 'trip_id': '1-1-20', 'agency_name': 'Unknown'}, {'duration': 30, 'departure_time': 15360, 'arrival_time': 15390, 'day': 'current_day', 'from_stop_id': 'MH-L-1', 'to_stop_id': 'MH-L-0', 'trip_id': 'walking', 'agency_name': 'Unknown'}, {'duration': 1500, 'departure_time': 15600, 'arrival_time': 17100, 'day': 'current_day', 'from_stop_id': 'MH-L-0', 'to_stop_id': 'MH-R-0', 'trip_id': '0-0-20', 'agency_name': 'Unknown'}, {'duration': 30, 'departure_time': 17100, 'arrival_time': 17130, 'day': 'current_day', 'from_stop_id': 'MH-R-0', 'to_stop_id': 'MH-R-1', 'trip_id': 'walking', 'agency_name': 'Unknown'}, {'duration': 330, 'departure_time': 17340, 'arrival_time': 17670, 'day': 'current_day', 'from_stop_id': 'MH-R-1', 'to_stop_id': '180-1', 'trip_id': '3-0-23', 'agency_name': 'Unknown'}, {'duration': 30, 'departure_time': 17670, 'arrival_time': 17700, 'day': 'current_day', 'from_stop_id': '180-1', 'to_stop_id': '180-3', 'trip_id': 'walking', 'agency_name': 'Unknown'}, {'duration': 210, 'departure_time': 17700, 'arrival_time': 17910, 'day': 'current_day', 'from_stop_id': '180-3', 'to_stop_id': '201-3', 'trip_id': '6-0-22', 'agency_name': 'Unknown'}]}"
105,138,13410,inter,left,43,[85],[137; 149],2000,1503,500,375,14913,14973.0,18420.0,18480.0,3447.0,6.0,85,137,,,pt,5445.0,18855.0,5445.0,"{'duration': 3447, 'source_transfer_time': 0, 'waiting_time': 237, 'trip_time': 3210, 'num_transfers': 6, 'departure_time': 14973, 'departure_day': 'current_day', 'arrival_time': 18420, 'arrival_day': 'current_day', 'steps': [{'duration': 330, 'departure_time': 15210, 'arrival_time': 15540, 'day': 'current_day', 'from_stop_id': '85-3', 'to_stop_id': '56-3', 'trip_id': '5-0-16', 'agency_name': 'Unknown'}, {'duration': 30, 'departure_time': 15540, 'arrival_time': 15570, 'day': 'current_day', 'from_stop_id': '56-3', 'to_stop_id': '56-1', 'trip_id': 'walking', 'agency_name': 'Unknown'}, {'duration': 330, 'departure_time': 15630, 'arrival_time': 15960, 'day': 'current_day', 'from_stop_id': '56-1', 'to_stop_id': 'MH-L-1', 'trip_id': '1-0-21', 'agency_name': 'Unknown'}, {'duration': 30, 'departure_time': 15960, 'arrival_time': 15990, 'day': 'current_day', 'from_stop_id': 'MH-L-1', 'to_stop_id': 'MH-L-0', 'trip_id': 'walking', 'agency_name': 'Unknown'}, {'duration': 1500, 'departure_time': 16200, 'arrival_time': 17700, 'day': 'current_day', 'from_stop_id': 'MH-L-0', 'to_stop_id': 'MH-R-0', 'trip_id': '0-0-21', 'agency_name': 'Unknown'}, {'duration': 30, 'departure_time': 17700, 'arrival_time': 17730, 'day': 'current_day', 'from_stop_id': 'MH-R-0', 'to_stop_id': 'MH-R-2', 'trip_id': 'walking', 'agency_name': 'Unknown'}, {'duration': 480, 'departure_time': 17940, 'arrival_time': 18420, 'day': 'current_day', 'from_stop_id': 'MH-R-2', 'to_stop_id': '137-2', 'trip_id': '4-0-24', 'agency_name': 'Unknown'}]}"
13,216,10260,inter,left,44,[24],[206],500,375,1000,751,10635,10695.0,14580.0,14640.0,3885.0,8.0,24,206,,,pt,5131.0,15391.0,5131.0,"{'duration': 3885, 'source_transfer_time': 0, 'waiting_time': 315, 'trip_time': 3570, 'num_transfers': 8, 'departure_time': 10695, 'departure_day': 'current_day', 'arrival_time': 14580, 'arrival_day': 'current_day', 'steps': [{'duration': 330, 'departure_time': 11010, 'arrival_time': 11340, 'day': 'current_day', 'from_stop_id': '24-3', 'to_stop_id': '56-3', 'trip_id': '5-1-9', 'agency_name': 'Unknown'}, {'duration': 30, 'departure_time': 11340, 'arrival_time': 11370, 'day': 'current_day', 'from_stop_id': '56-3', 'to_stop_id': '56-1', 'trip_id': 'walking', 'agency_name': 'Unknown'}, {'duration': 330, 'departure_time': 11430, 'arrival_time': 11760, 'day': 'current_day', 'from_stop_id': '56-1', 'to_stop_id': 'MH-L-1', 'trip_id': '1-0-14', 'agency_name': 'Unknown'}, {'duration': 30, 'departure_time': 11760, 'arrival_time': 11790, 'day': 'current_day', 'from_stop_id': 'MH-L-1', 'to_stop_id': 'MH-L-0', 'trip_id': 'walking', 'agency_name': 'Unknown'}, {'duration': 1500, 'departure_time': 12000, 'arrival_time': 13500, 'day': 'current_day', 'from_stop_id': 'MH-L-0', 'to_stop_id': 'MH-R-0', 'trip_id': '0-0-14', 'agency_name': 'Unknown'}, {'duration': 30, 'departure_time': 13500, 'arrival_time': 13530, 'day': 'current_day', 'from_stop_id': 'MH-R-0', 'to_stop_id': 'MH-R-2', 'trip_id': 'walking', 'agency_name': 'Unknown'}, {'duration': 330, 'departure_time': 13740, 'arrival_time': 14070, 'day': 'current_day', 'from_stop_id': 'MH-R-2', 'to_stop_id': '209-2', 'trip_id': '4-1-17', 'agency_name': 'Unknown'}, {'duration': 30, 'departure_time': 14070, 'arrival_time': 14100, 'day': 'current_day', 'from_stop_id': '209-2', 'to_stop_id': '209-3', 'trip_id': 'walking', 'agency_name': 'Unknown'}, {'duration': 330, 'departure_time': 14250, 'arrival_time': 14580, 'day': 'current_day', 'from_stop_id': '209-3', 'to_stop_id': '206-3', 'trip_id': '6-0-15', 'agency_name': 'Unknown'}]}"
63,162,3990,inter,left,45,[55; 64],[162],500,375,0,0,4365,4425.0,7710.0,7770.0,3285.0,6.0,55,162,,,pt,3780.0,7770.0,3780.0,"{'duration': 3285, 'source_transfer_time': 0, 'waiting_time': 255, 'trip_time': 3030, 'num_transfers': 6, 'departure_time': 4425, 'departure_day': 'current_day', 'arrival_time': 7710, 'arrival_day': 'current_day', 'steps': [{'duration': 480, 'departure_time': 4680, 'arrival_time': 5160, 'day': 'current_day', 'from_stop_id': '55-1', 'to_stop_id': 'MH-L-1', 'trip_id': '1-0-3', 'agency_name': 'Unknown'}, {'duration': 30, 'departure_time': 5160, 'arrival_time': 5190, 'day': 'current_day', 'from_stop_id': 'MH-L-1', 'to_stop_id': 'MH-L-0', 'trip_id': 'walking', 'agency_name': 'Unknown'}, {'duration': 1500, 'departure_time': 5400, 'arrival_time': 6900, 'day': 'current_day', 'from_stop_id': 'MH-L-0', 'to_stop_id': 'MH-R-0', 'trip_id': '0-0-3', 'agency_name': 'Unknown'}, {'duration': 30, 'departure_time': 6900, 'arrival_time': 6930, 'day': 'current_day', 'from_stop_id': 'MH-R-0', 'to_stop_id': 'MH-R-1', 'trip_id': 'walking', 'agency_name': 'Unknown'}, {'duration': 330, 'departure_time': 7140, 'arrival_time': 7470, 'day': 'current_day', 'from_stop_id': 'MH-R-1', 'to_stop_id': '180-1', 'trip_id': '3-0-6', 'agency_name': 'Unknown'}, {'duration': 30, 'departure_time': 7470, 'arrival_time': 7500, 'day': 'current_day', 'from_stop_id': '180-1', 'to_stop_id': '180-3', 'trip_id': 'walking', 'agency_name': 'Unknown'}, {'duration': 210, 'departure_time': 7500, 'arrival_time': 7710, 'day': 'current_day', 'from_stop_id': '180-3', 'to_stop_id': '162-3', 'trip_id': '6-1-5', 'agency_name': 'Unknown'}]}"
77,217,10080,inter,left,46,[77],[206],0,0,500,375,10080,10140.0,13380.0,13440.0,3240.0,6.0,77,206,,,pt,3735.0,13815.0,3735.0,"{'duration': 3240, 'source_transfer_time': 0, 'waiting_time': 210, 'trip_time': 3030, 'num_transfers': 6, 'departure_time': 10140, 'departure_day': 'current_day', 'arrival_time': 13380, 'arrival_day': 'current_day', 'steps': [{'duration': 210, 'departure_time': 10350, 'arrival_time': 10560, 'day': 'current_day', 'from_stop_id': '77-2', 'to_stop_id': 'MH-L-2', 'trip_id': '2-0-12', 'agency_name': 'Unknown'}, {'duration': 30, 'departure_time': 10560, 'arrival_time': 10590, 'day': 'current_day', 'from_stop_id': 'MH-L-2', 'to_stop_id': 'MH-L-0', 'trip_id': 'walking', 'agency_name': 'Unknown'}, {'duration': 1500, 'departure_time': 10800, 'arrival_time': 12300, 'day': 'current_day', 'from_stop_id': 'MH-L-0', 'to_stop_id': 'MH-R-0', 'trip_id': '0-0-12', 'agency_name': 'Unknown'}, {'duration': 30, 'departure_time': 12300, 'arrival_time': 12330, 'day': 'current_day', 'from_stop_id': 'MH-R-0', 'to_stop_id': 'MH-R-2', 'trip_id': 'walking', 'agency_name': 'Unknown'}, {'duration': 330, 'departure_time': 12540, 'arrival_time': 12870, 'day': 'current_day', 'from_stop_id': 'MH-R-2', 'to_stop_id': '209-2', 'trip_id': '4-1-15', 'agency_name': 'Unknown'}, {'duration': 30, 'departure_time': 12870, 'arrival_time': 12900, 'day': 'current_day', 'from_stop_id': '209-2', 'to_stop_id': '209-3', 'trip_id': 'walking', 'agency_name': 'Unknown'}, {'duration': 330, 'departure_time': 13050, 'arrival_time': 13380, 'day': 'current_day', 'from_stop_id': '209-3', 'to_stop_id': '206-3', 'trip_id': '6-0-13', 'agency_name': 'Unknown'}]}"
60,168,9090,inter,left,47,[60],[167; 178],0,0,500,375,9090,9150.0,12150.0,12210.0,3000.0,4.0,60,178,,,pt,3495.0,12585.0,3495.0,"{'duration': 3000, 'source_transfer_time': 0, 'waiting_time': 330, 'trip_time': 2670, 'num_transfers': 4, 'departure_time': 9150, 'departure_day': 'current_day', 'arrival_time': 12150, 'arrival_day': 'current_day', 'steps': [{'duration': 480, 'departure_time': 9480, 'arrival_time': 9960, 'day': 'current_day', 'from_stop_id': '60-1', 'to_stop_id': 'MH-L-1', 'trip_id': '1-1-11', 'agency_name': 'Unknown'}, {'duration': 30, 'departure_time': 9960, 'arrival_time': 9990, 'day': 'current_day', 'from_stop_id': 'MH-L-1', 'to_stop_id': 'MH-L-0', 'trip_id': 'walking', 'agency_name': 'Unknown'}, {'duration': 1500, 'departure_time': 10200, 'arrival_time': 11700, 'day': 'current_day', 'from_stop_id': 'MH-L-0', 'to_stop_id': 'MH-R-0', 'trip_id': '0-0-11', 'agency_name': 'Unknown'}, {'duration': 30, 'departure_time': 11700, 'arrival_time': 11730, 'day': 'current_day', 'from_stop_id': 'MH-R-0', 'to_stop_id': 'MH-R-1', 'trip_id': 'walking', 'agency_name': 'Unknown'}, {'duration': 210, 'departure_time': 11940, 'arrival_time': 12150, 'day': 'current_day', 'from_stop_id': 'MH-R-1', 'to_stop_id': '178-1', 'trip_id': '3-1-14', 'agency_name': 'Unknown'}]}"
106,177,9990,inter,left,48,[85],[177],1500,1127,0,0,11117,11177.0,14670.0,14730.0,3493.0,6.0,85,177,,,pt,4740.0,14730.0,4740.0,"{'duration': 3493, 'source_transfer_time': 0, 'waiting_time': 433, 'trip_time': 3060, 'num_transfers': 6, 'departure_time': 11177, 'departure_day': 'current_day', 'arrival_time': 14670, 'arrival_day': 'current_day', 'steps': [{'duration': 330, 'departure_time': 11610, 'arrival_time': 11940, 'day': 'current_day', 'from_stop_id': '85-3', 'to_stop_id': '56-3', 'trip_id': '5-0-10', 'agency_name': 'Unknown'}, {'duration': 30, 'departure_time': 11940, 'arrival_time': 11970, 'day': 'current_day', 'from_stop_id': '56-3', 'to_stop_id': '56-1', 'trip_id': 'walking', 'agency_name': 'Unknown'}, {'duration': 330, 'departure_time': 12030, 'arrival_time': 12360, 'day': 'current_day', 'from_stop_id': '56-1', 'to_stop_id': 'MH-L-1', 'trip_id': '1-0-15', 'agency_name': 'Unknown'}, {'duration': 30, 'departure_time': 12360, 'arrival_time': 12390, 'day': 'current_day', 'from_stop_id': 'MH-L-1', 'to_stop_id': 'MH-L-0', 'trip_id': 'walking', 'agency_name': 'Unknown'}, {'duration': 1500, 'departure_time': 12600, 'arrival_time': 14100, 'day': 'current_day', 'from_stop_id': 'MH-L-0', 'to_stop_id': 'MH-R-0', 'trip_id': '0-0-15', 'agency_name': 'Unknown'}, {'duration': 30, 'departure_time': 14100, 'arrival_time': 14130, 'day': 'current_day', 'from_stop_id': 'MH-R-0', 'to_stop_id': 'MH-R-1', 'trip_id': 'walking', 'agency_name': 'Unknown'}, {'duration': 330, 'departure_time': 14340, 'arrival_time': 14670, 'day': 'current_day', 'from_stop_id': 'MH-R-1', 'to_stop_id': '177-1', 'trip_id': '3-1-18', 'agency_name': 'Unknown'}]}"
70,208,3960,inter,left,49,[60; 69],[208],500,375,0,0,4335,4395.0,7740.0,7800.0,3345.0,6.0,60,208,,,pt,3840.0,7800.0,3840.0,"{'duration': 3345, 'source_transfer_time': 0, 'waiting_time': 285, 'trip_time': 3060, 'num_transfers': 6, 'departure_time': 4395, 'departure_day': 'current_day', 'arrival_time': 7740, 'arrival_day': 'current_day', 'steps': [{'duration': 480, 'departure_time': 4680, 'arrival_time': 5160, 'day': 'current_day', 'from_stop_id': '60-1', 'to_stop_id': 'MH-L-1', 'trip_id': '1-1-3', 'agency_name': 'Unknown'}, {'duration': 30, 'departure_time': 5160, 'arrival_time': 5190, 'day': 'current_day', 'from_stop_id': 'MH-L-1', 'to_stop_id': 'MH-L-0', 'trip_id': 'walking', 'agency_name': 'Unknown'}, {'duration': 1500, 'departure_time': 5400, 'arrival_time': 6900, 'day': 'current_day', 'from_stop_id': 'MH-L-0', 'to_stop_id': 'MH-R-0', 'trip_id': '0-0-3', 'agency_name': 'Unknown'}, {'duration': 30, 'departure_time': 6900, 'arrival_time': 6930, 'day': 'current_day', 'from_stop_id': 'MH-R-0', 'to_stop_id': 'MH-R-2', 'trip_id': 'walking', 'agency_name': 'Unknown'}, {'duration': 330, 'departure_time': 7140, 'arrival_time': 7470, 'day': 'current_day', 'from_stop_id': 'MH-R-2', 'to_stop_id': '209-2', 'trip_id': '4-1-6', 'agency_name': 'Unknown'}, {'duration': 30, 'departure_time': 7470, 'arrival_time': 7500, 'day': 'current_day', 'from_stop_id': '209-2', 'to_stop_id': '209-3', 'trip_id': 'walking', 'agency_name': 'Unknown'}, {'duration': 90, 'departure_time': 7650, 'arrival_time': 7740, 'day': 'current_day', 'from_stop_id': '209-3', 'to_stop_id': '208-3', 'trip_id': '6-0-4', 'agency_name': 'Unknown'}]}"
149,232,6900,intra,right,50,[149],[231],0,0,500,375,6900,6960.0,8940.0,9000.0,1980.0,2.0,149,231,3007.0,9907.0,pt,2475.0,9375.0,2475.0,"{'duration': 1980, 'source_transfer_time': 0, 'waiting_time': 540, 'trip_time': 1440, 'num_transfers': 2, 'departure_time': 6960, 'departure_day': 'current_day', 'arrival_time': 8940, 'arrival_day': 'current_day', 'steps': [{'duration': 90, 'departure_time': 7500, 'arrival_time': 7590, 'day': 'current_day', 'from_stop_id': '149-3', 'to_stop_id': '148-3', 'trip_id': '6-1-4', 'agency_name': 'Unknown'}, {'duration': 30, 'departure_time': 7590, 'arrival_time': 7620, 'day': 'current_day', 'from_stop_id': '148-3', 'to_stop_id': '148-2', 'trip_id': 'walking', 'agency_name': 'Unknown'}, {'duration': 1110, 'departure_time': 7830, 'arrival_time': 8940, 'day': 'current_day', 'from_stop_id': '148-2', 'to_stop_id': '231-2', 'trip_id': '4-1-8', 'agency_name': 'Unknown'}]}"
131,132,4650,intra,right,51,[151],[145],2000,1503,1500,1127,6153,6213.0,7380.0,7440.0,1167.0,0.0,151,145,4135.0,8785.0,pt,3917.0,8567.0,3917.0,"{'duration': 1167, 'source_transfer_time': 0, 'waiting_time': 447, 'trip_time': 720, 'num_transfers': 0, 'departure_time': 6213, 'departure_day': 'current_day', 'arrival_time': 7380, 'arrival_day': 'current_day', 'steps': [{'duration': 720, 'departure_time': 6660, 'arrival_time': 7380, 'day': 'current_day', 'from_stop_id': '151-3', 'to_stop_id': '145-3', 'trip_id': '6-1-3', 'agency_name': 'Unknown'}]}"
206,213,12750,intra,right,52,[206],[212],0,0,500,375,12750,12810.0,13680.0,13740.0,870.0,0.0,206,212,2631.0,15381.0,pt,1365.0,14115.0,1365.0,"{'duration': 870, 'source_transfer_time': 0, 'waiting_time': 150, 'trip_time': 720, 'num_transfers': 0, 'departure_time': 12810, 'departure_day': 'current_day', 'arrival_time': 13680, 'arrival_day': 'current_day', 'steps': [{'duration': 720, 'departure_time': 12960, 'arrival_time': 13680, 'day': 'current_day', 'from_stop_id': '206-3', 'to_stop_id': '212-3', 'trip_id': '6-1-16', 'agency_name': 'Unknown'}]}"
193,210,4620,intra,right,53,[175; 195],[210],1000,751,0,0,5371,5431.0,6240.0,6300.0,809.0,0.0,195,210,2631.0,7251.0,pt,1680.0,6300.0,1680.0,"{'duration': 809, 'source_transfer_time': 0, 'waiting_time': 209, 'trip_time': 600, 'num_transfers': 0, 'departure_time': 5431, 'departure_day': 'current_day', 'arrival_time': 6240, 'arrival_day': 'current_day', 'steps': [{'duration': 600, 'departure_time': 5640, 'arrival_time': 6240, 'day': 'current_day', 'from_stop_id': '195-3', 'to_stop_id': '210-3', 'trip_id': '6-1-4', 'agency_name': 'Unknown'}]}"
132,210,9210,intra,right,54,[145],[210],1500,1127,0,0,10337,10397.0,11640.0,11700.0,1243.0,1.0,145,210,4887.0,14097.0,pt,2490.0,11700.0,2490.0,"{'duration': 1243, 'source_transfer_time': 0, 'waiting_time': 13, 'trip_time': 1230, 'num_transfers': 1, 'departure_time': 10397, 'departure_day': 'current_day', 'arrival_time': 11640, 'arrival_day': 'current_day', 'steps': [{'duration': 330, 'departure_time': 10410, 'arrival_time': 10740, 'day': 'current_day', 'from_stop_id': '145-3', 'to_stop_id': '177-3', 'trip_id': '6-1-8', 'agency_name': 'Unknown'}, {'duration': 840, 'departure_time': 10800, 'arrival_time': 11640, 'day': 'current_day', 'from_stop_id': '177-3', 'to_stop_id': '210-3', 'trip_id': '6-1-13', 'agency_name': 'Unknown'}]}"
125,206,10230,intra,right,55,[126],[206],500,375,0,0,10605,10665.0,12780.0,12840.0,2115.0,2.0,126,206,3759.0,13989.0,pt,2610.0,12840.0,2610.0,"{'duration': 2115, 'source_transfer_time': 0, 'waiting_time': 495, 'trip_time': 1620, 'num_transfers': 2, 'departure_time': 10665, 'departure_day': 'current_day', 'arrival_time': 12780, 'arrival_day': 'current_day', 'steps': [{'duration': 1110, 'departure_time': 11160, 'arrival_time': 12270, 'day': 'current_day', 'from_stop_id': '126-2', 'to_stop_id': '209-2', 'trip_id': '4-1-14', 'agency_name': 'Unknown'}, {'duration': 30, 'departure_time': 12270, 'arrival_time': 12300, 'day': 'current_day', 'from_stop_id': '209-2', 'to_stop_id': '209-3', 'trip_id': 'walking', 'agency_name': 'Unknown'}, {'duration': 330, 'departure_time': 12450, 'arrival_time': 12780, 'day': 'current_day', 'from_stop_id': '209-3', 'to_stop_id': '206-3', 'trip_id': '6-0-12', 'agency_name': 'Unknown'}]}"
121,177,6420,intra,right,56,[145],[177],2000,1503,0,0,7923,7983.0,8340.0,8400.0,357.0,0.0,145,177,2631.0,9051.0,pt,1980.0,8400.0,1980.0,"{'duration': 357, 'source_transfer_time': 0, 'waiting_time': 27, 'trip_time': 330, 'num_transfers': 0, 'departure_time': 7983, 'departure_day': 'current_day', 'arrival_time': 8340, 'arrival_day': 'current_day', 'steps': [{'duration': 330, 'departure_time': 8010, 'arrival_time': 8340, 'day': 'current_day', 'from_stop_id': '145-3', 'to_stop_id': '177-3', 'trip_id': '6-1-4', 'agency_name': 'Unknown'}]}"
166,192,14190,intra,right,57,[167; 176],[182],500,375,500,375,14565,14625.0,16140.0,16200.0,1515.0,2.0,167,182,4135.0,18325.0,pt,2385.0,16575.0,2385.0,"{'duration': 1515, 'source_transfer_time': 0, 'waiting_time': 225, 'trip_time': 1290, 'num_transfers': 2, 'departure_time': 14625, 'departure_day': 'current_day', 'arrival_time': 16140, 'arrival_day': 'current_day', 'steps': [{'duration': 90, 'departure_time': 14850, 'arrival_time': 14940, 'day': 'current_day', 'from_stop_id': '167-3', 'to_stop_id': '177-3', 'trip_id': '6-1-15', 'agency_name': 'Unknown'}, {'duration': 30, 'departure_time': 14940, 'arrival_time': 14970, 'day': 'current_day', 'from_stop_id': '177-3', 'to_stop_id': '177-1', 'trip_id': 'walking', 'agency_name': 'Unknown'}, {'duration': 1110, 'departure_time': 15030, 'arrival_time': 16140, 'day': 'current_day', 'from_stop_id': '177-1', 'to_stop_id': '182-1', 'trip_id': '3-0-20', 'agency_name': 'Unknown'}]}"
219,142,8460,intra,right,58,[208; 220],[151],500,375,1500,1127,8835,8895.0,10230.0,10290.0,1335.0,0.0,208,151,5263.0,13723.0,pt,2957.0,11417.0,2957.0,"{'duration': 1335, 'source_transfer_time': 0, 'waiting_time': 105, 'trip_time': 1230, 'num_transfers': 0, 'departure_time': 8895, 'departure_day': 'current_day', 'arrival_time': 10230, 'arrival_day': 'current_day', 'steps': [{'duration': 1230, 'departure_time': 9000, 'arrival_time': 10230, 'day': 'current_day', 'from_stop_id': '208-3', 'to_stop_id': '151-3', 'trip_id': '6-1-9', 'agency_name': 'Unknown'}]}"
231,150,11490,intra,right,59,[231],[150],0,0,0,0,11490,11550.0,13350.0,13410.0,1800.0,2.0,231,150,3759.0,15249.0,pt,1920.0,13410.0,1920.0,"{'duration': 1800, 'source_transfer_time': 0, 'waiting_time': 210, 'trip_time': 1590, 'num_transfers': 2, 'departure_time': 11550, 'departure_day': 'current_day', 'arrival_time': 13350, 'arrival_day': 'current_day', 'steps': [{'duration': 210, 'departure_time': 11760, 'arrival_time': 11970, 'day': 'current_day', 'from_stop_id': '231-2', 'to_stop_id': '209-2', 'trip_id': '4-0-15', 'agency_name': 'Unknown'}, {'duration': 30, 'departure_time': 11970, 'arrival_time': 12000, 'day': 'current_day', 'from_stop_id': '209-2', 'to_stop_id': '209-3', 'trip_id': 'walking', 'agency_name': 'Unknown'}, {'duration': 1200, 'departure_time': 12150, 'arrival_time': 13350, 'day': 'current_day', 'from_stop_id': '209-3', 'to_stop_id': '150-3', 'trip_id': '6-1-14', 'agency_name': 'Unknown'}]}"
215,151,13560,intra,right,60,[206],[151],1500,1127,0,0,14687,14747.0,16230.0,16290.0,1483.0,0.0,206,151,5639.0,19199.0,pt,2730.0,16290.0,2730.0,"{'duration': 1483, 'source_transfer_time': 0, 'waiting_time': 13, 'trip_time': 1470, 'num_transfers': 0, 'departure_time': 14747, 'departure_day': 'current_day', 'arrival_time': 16230, 'arrival_day': 'current_day', 'steps': [{'duration': 1470, 'departure_time': 14760, 'arrival_time': 16230, 'day': 'current_day', 'from_stop_id': '206-3', 'to_stop_id': '151-3', 'trip_id': '6-1-19', 'agency_name': 'Unknown'}]}"
224,229,8760,intra,right,61,[212],[207; 231],1000,751,1000,751,9511,9571.0,10260.0,10320.0,689.0,0.0,212,207,2631.0,11391.0,pt,2311.0,11071.0,2311.0,"{'duration': 689, 'source_transfer_time': 0, 'waiting_time': 89, 'trip_time': 600, 'num_transfers': 0, 'departure_time': 9571, 'departure_day': 'current_day', 'arrival_time': 10260, 'arrival_day': 'current_day', 'steps': [{'duration': 600, 'departure_time': 9660, 'arrival_time': 10260, 'day': 'current_day', 'from_stop_id': '212-3', 'to_stop_id': '207-3', 'trip_id': '6-0-8', 'agency_name': 'Unknown'}]}"
142,215,4830,intra,right,62,[151],[206],1500,1127,1500,1127,5957,6017.0,7530.0,7590.0,1513.0,1.0,151,206,6766.0,11596.0,pt,3887.0,8717.0,3887.0,"{'duration': 1513, 'source_transfer_time': 0, 'waiting_time': 43, 'trip_time': 1470, 'num_transfers': 1, 'departure_time': 6017, 'departure_day': 'current_day', 'arrival_time': 7530, 'arrival_day': 'current_day', 'steps': [{'duration': 1080, 'departure_time': 6060, 'arrival_time': 7140, 'day': 'current_day', 'from_stop_id': '151-3', 'to_stop_id': '177-3', 'trip_id': '6-1-2', 'agency_name': 'Unknown'}, {'duration': 330, 'departure_time': 7200, 'arrival_time': 7530, 'day': 'current_day', 'from_stop_id': '177-3', 'to_stop_id': '206-3', 'trip_id': '6-1-7', 'agency_name': 'Unknown'}]}"
211,173,11550,intra,right,63,[211],[172; 181],0,0,500,375,11550,11610.0,12390.0,12450.0,780.0,0.0,211,172,2255.0,13805.0,pt,1275.0,12825.0,1275.0,"{'duration': 780, 'source_transfer_time': 0, 'waiting_time': 180, 'trip_time': 600, 'num_transfers': 0, 'departure_time': 11610, 'departure_day': 'current_day', 'arrival_time': 12390, 'arrival_day': 'current_day', 'steps': [{'duration': 600, 'departure_time': 11790, 'arrival_time': 12390, 'day': 'current_day', 'from_stop_id': '211-3', 'to_stop_id': '172-3', 'trip_id': '6-1-13', 'agency_name': 'Unknown'}]}"
140,225,13350,intra,right,64,[151],[212],500,375,1500,1127,13725,13785.0,15030.0,15090.0,1245.0,0.0,151,212,3759.0,17109.0,pt,2867.0,16217.0,2867.0,"{'duration': 1245, 'source_transfer_time': 0, 'waiting_time': 525, 'trip_time': 720, 'num_transfers': 0, 'departure_time': 13785, 'departure_day': 'current_day', 'arrival_time': 15030, 'arrival_day': 'current_day', 'steps': [{'duration': 720, 'departure_time': 14310, 'arrival_time': 15030, 'day': 'current_day', 'from_stop_id': '151-3', 'to_stop_id': '212-3', 'trip_id': '6-0-17', 'agency_name': 'Unknown'}]}"
145,173,10380,intra,right,65,[145],[172; 181],0,0,500,375,10380,10440.0,11520.0,11580.0,1080.0,0.0,145,172,3383.0,13763.0,pt,1575.0,11955.0,1575.0,"{'duration': 1080, 'source_transfer_time': 0, 'waiting_time': 120, 'trip_time': 960, 'num_transfers': 0, 'departure_time': 10440, 'departure_day': 'current_day', 'arrival_time': 11520, 'arrival_day': 'current_day', 'steps': [{'duration': 960, 'departure_time': 10560, 'arrival_time': 11520, 'day': 'current_day', 'from_stop_id': '145-3', 'to_stop_id': '172-3', 'trip_id': '6-0-12', 'agency_name': 'Unknown'}]}"
164,240,8130,intra,right,66,[162; 182],[240],1000,751,0,0,8881,8941.0,10230.0,10290.0,1289.0,4.0,162,240,3007.0,11137.0,pt,2160.0,10290.0,2160.0,"{'duration': 1289, 'source_transfer_time': 0, 'waiting_time': 89, 'trip_time': 1200, 'num_transfers': 4, 'departure_time': 8941, 'departure_day': 'current_day', 'arrival_time': 10230, 'arrival_day': 'current_day', 'steps': [{'duration': 210, 'departure_time': 9030, 'arrival_time': 9240, 'day': 'current_day', 'from_stop_id': '162-3', 'to_stop_id': '180-3', 'trip_id': '6-0-8', 'agency_name': 'Unknown'}, {'duration': 30, 'departure_time': 9240, 'arrival_time': 9270, 'day': 'current_day', 'from_stop_id': '180-3', 'to_stop_id': '180-1', 'trip_id': 'walking', 'agency_name': 'Unknown'}, {'duration': 330, 'departure_time': 9630, 'arrival_time': 9960, 'day': 'current_day', 'from_stop_id': '180-1', 'to_stop_id': 'MH-R-1', 'trip_id': '3-1-11', 'agency_name': 'Unknown'}, {'duration': 30, 'departure_time': 9960, 'arrival_time': 9990, 'day': 'current_day', 'from_stop_id': 'MH-R-1', 'to_stop_id': 'MH-R-2', 'trip_id': 'walking', 'agency_name': 'Unknown'}, {'duration': 90, 'departure_time': 10140, 'arrival_time': 10230, 'day': 'current_day', 'from_stop_id': 'MH-R-2', 'to_stop_id': '240-2', 'trip_id': '4-1-11', 'agency_name': 'Unknown'}]}"
185,192,8400,intra,right,67,[185],[182],0,0,500,375,8400,8460.0,10140.0,10200.0,1680.0,2.0,185,182,3007.0,11407.0,pt,2175.0,10575.0,2175.0,"{'duration': 1680, 'source_transfer_time': 0, 'waiting_time': 390, 'trip_time': 1290, 'num_transfers': 2, 'departure_time': 8460, 'departure_day': 'current_day', 'arrival_time': 10140, 'arrival_day': 'current_day', 'steps': [{'duration': 90, 'departure_time': 8850, 'arrival_time': 8940, 'day': 'current_day', 'from_stop_id': '185-3', 'to_stop_id': '177-3', 'trip_id': '6-0-5', 'agency_name': 'Unknown'}, {'duration': 30, 'departure_time': 8940, 'arrival_time': 8970, 'day': 'current_day', 'from_stop_id': '177-3', 'to_stop_id': '177-1', 'trip_id': 'walking', 'agency_name': 'Unknown'}, {'duration': 1110, 'departure_time': 9030, 'arrival_time': 10140, 'day': 'current_day', 'from_stop_id': '177-1', 'to_stop_id': '182-1', 'trip_id': '3-0-10', 'agency_name': 'Unknown'}]}"
199,204,12060,intra,right,68,[198; 210],[206],500,375,1000,751,12435,12495.0,13380.0,13440.0,885.0,2.0,198,206,2631.0,14691.0,pt,2131.0,14191.0,2131.0,"{'duration': 885, 'source_transfer_time': 0, 'waiting_time': 285, 'trip_time': 600, 'num_transfers': 2, 'departure_time': 12495, 'departure_day': 'current_day', 'arrival_time': 13380, 'arrival_day': 'current_day', 'steps': [{'duration': 90, 'departure_time': 12780, 'arrival_time': 12870, 'day': 'current_day', 'from_stop_id': '198-2', 'to_stop_id': '209-2', 'trip_id': '4-1-15', 'agency_name': 'Unknown'}, {'duration': 30, 'departure_time': 12870, 'arrival_time': 12900, 'day': 'current_day', 'from_stop_id': '209-2', 'to_stop_id': '209-3', 'trip_id': 'walking', 'agency_name': 'Unknown'}, {'duration': 330, 'departure_time': 13050, 'arrival_time': 13380, 'day': 'current_day', 'from_stop_id': '209-3', 'to_stop_id': '206-3', 'trip_id': '6-0-13', 'agency_name': 'Unknown'}]}"
142,231,7260,intra,right,69,[151],[231],1500,1127,0,0,8387,8447.0,10140.0,10200.0,1693.0,2.0,151,231,5263.0,12523.0,pt,2940.0,10200.0,2940.0,"{'duration': 1693, 'source_transfer_time': 0, 'waiting_time': 13, 'trip_time': 1680, 'num_transfers': 2, 'departure_time': 8447, 'departure_day': 'current_day', 'arrival_time': 10140, 'arrival_day': 'current_day', 'steps': [{'duration': 330, 'departure_time': 8460, 'arrival_time': 8790, 'day': 'current_day', 'from_stop_id': '151-3', 'to_stop_id': '148-3', 'trip_id': '6-1-6', 'agency_name': 'Unknown'}, {'duration': 30, 'departure_time': 8790, 'arrival_time': 8820, 'day': 'current_day', 'from_stop_id': '148-3', 'to_stop_id': '148-2', 'trip_id': 'walking', 'agency_name': 'Unknown'}, {'duration': 1110, 'departure_time': 9030, 'arrival_time': 10140, 'day': 'current_day', 'from_stop_id': '148-2', 'to_stop_id': '231-2', 'trip_id': '4-1-10', 'agency_name': 'Unknown'}]}"
144,230,13560,intra,right,70,[145],[231],500,375,500,375,13935,13995.0,15540.0,15600.0,1545.0,4.0,145,231,4135.0,17695.0,pt,2415.0,15975.0,2415.0,"{'duration': 1545, 'source_transfer_time': 0, 'waiting_time': 15, 'trip_time': 1530, 'num_transfers': 4, 'departure_time': 13995, 'departure_day': 'current_day', 'arrival_time': 15540, 'arrival_day': 'current_day', 'steps': [{'duration': 330, 'departure_time': 14010, 'arrival_time': 14340, 'day': 'current_day', 'from_stop_id': '145-3', 'to_stop_id': '177-3', 'trip_id': '6-1-14', 'agency_name': 'Unknown'}, {'duration': 30, 'departure_time': 14340, 'arrival_time': 14370, 'day': 'current_day', 'from_stop_id': '177-3', 'to_stop_id': '177-1', 'trip_id': 'walking', 'agency_name': 'Unknown'}, {'duration': 330, 'departure_time': 14430, 'arrival_time': 14760, 'day': 'current_day', 'from_stop_id': '177-1', 'to_stop_id': 'MH-R-1', 'trip_id': '3-0-19', 'agency_name': 'Unknown'}, {'duration': 30, 'departure_time': 14760, 'arrival_time': 14790, 'day': 'current_day', 'from_stop_id': 'MH-R-1', 'to_stop_id': 'MH-R-2', 'trip_id': 'walking', 'agency_name': 'Unknown'}, {'duration': 600, 'departure_time': 14940, 'arrival_time': 15540, 'day': 'current_day', 'from_stop_id': 'MH-R-2', 'to_stop_id': '231-2', 'trip_id': '4-1-19', 'agency_name': 'Unknown'}]}"
139,155,14040,intra,right,71,[150],[156],500,375,500,375,14415,14475.0,15300.0,15360.0,825.0,0.0,150,156,3007.0,17047.0,pt,1695.0,15735.0,1695.0,"{'duration': 825, 'source_transfer_time': 0, 'waiting_time': 105, 'trip_time': 720, 'num_transfers': 0, 'departure_time': 14475, 'departure_day': 'current_day', 'arrival_time': 15300, 'arrival_day': 'current_day', 'steps': [{'duration': 720, 'departure_time': 14580, 'arrival_time': 15300, 'day': 'current_day', 'from_stop_id': '150-3', 'to_stop_id': '156-3', 'trip_id': '6-1-16', 'agency_name': 'Unknown'}]}"
127,191,8010,intra,right,72,[126],[181; 190],500,375,500,375,8385,8445.0,9990.0,10050.0,1545.0,2.0,126,190,3383.0,11393.0,pt,2415.0,10425.0,2415.0,"{'duration': 1545, 'source_transfer_time': 0, 'waiting_time': 315, 'trip_time': 1230, 'num_transfers': 2, 'departure_time': 8445, 'departure_day': 'current_day', 'arrival_time': 9990, 'arrival_day': 'current_day', 'steps': [{'duration': 210, 'departure_time': 8760, 'arrival_time': 8970, 'day': 'current_day', 'from_stop_id': '126-2', 'to_stop_id': '148-2', 'trip_id': '4-1-10', 'agency_name': 'Unknown'}, {'duration': 30, 'departure_time': 8970, 'arrival_time': 9000, 'day': 'current_day', 'from_stop_id': '148-2', 'to_stop_id': '148-3', 'trip_id': 'walking', 'agency_name': 'Unknown'}, {'duration': 840, 'departure_time': 9150, 'arrival_time': 9990, 'day': 'current_day', 'from_stop_id': '148-3', 'to_stop_id': '190-3', 'trip_id': '6-0-9', 'agency_name': 'Unknown'}]}"
181,198,10530,intra,right,73,[181],[198],0,0,0,0,10530,10590.0,11550.0,11610.0,960.0,2.0,181,198,2255.0,12785.0,pt,1080.0,11610.0,1080.0,"{'duration': 960, 'source_transfer_time': 0, 'waiting_time': 90, 'trip_time': 870, 'num_transfers': 2, 'departure_time': 10590, 'departure_day': 'current_day', 'arrival_time': 11550, 'arrival_day': 'current_day', 'steps': [{'duration': 480, 'departure_time': 10680, 'arrival_time': 11160, 'day': 'current_day', 'from_stop_id': '181-1', 'to_stop_id': 'MH-R-1', 'trip_id': '3-1-13', 'agency_name': 'Unknown'}, {'duration': 30, 'departure_time': 11160, 'arrival_time': 11190, 'day': 'current_day', 'from_stop_id': 'MH-R-1', 'to_stop_id': 'MH-R-2', 'trip_id': 'walking', 'agency_name': 'Unknown'}, {'duration': 210, 'departure_time': 11340, 'arrival_time': 11550, 'day': 'current_day', 'from_stop_id': 'MH-R-2', 'to_stop_id': '198-2', 'trip_id': '4-1-13', 'agency_name': 'Unknown'}]}"
230,160,5520,intra,right,74,[231],[149; 159],500,375,500,375,5895,5955.0,7350.0,7410.0,1395.0,0.0,231,159,3383.0,8903.0,pt,2265.0,7785.0,2265.0,"{'duration': 1395, 'source_transfer_time': 0, 'waiting_time': 405, 'trip_time': 990, 'num_transfers': 0, 'departure_time': 5955, 'departure_day': 'current_day', 'arrival_time': 7350, 'arrival_day': 'current_day', 'steps': [{'duration': 990, 'departure_time': 6360, 'arrival_time': 7350, 'day': 'current_day', 'from_stop_id': '231-2', 'to_stop_id': '159-2', 'trip_id': '4-0-6', 'agency_name': 'Unknown'}]}"
181,133,3720,intra,right,75,[181],[145],0,0,1000,751,3720,3780.0,5580.0,5640.0,1800.0,2.0,181,145,4511.0,8231.0,pt,2671.0,6391.0,2671.0,"{'duration': 1800, 'source_transfer_time': 0, 'waiting_time': 300, 'trip_time': 1500, 'num_transfers': 2, 'departure_time': 3780, 'departure_day': 'current_day', 'arrival_time': 5580, 'arrival_day': 'current_day', 'steps': [{'duration': 90, 'departure_time': 4080, 'arrival_time': 4170, 'day': 'current_day', 'from_stop_id': '181-1', 'to_stop_id': '180-1', 'trip_id': '3-1-2', 'agency_name': 'Unknown'}, {'duration': 30, 'departure_time': 4170, 'arrival_time': 4200, 'day': 'current_day', 'from_stop_id': '180-1', 'to_stop_id': '180-3', 'trip_id': 'walking', 'agency_name': 'Unknown'}, {'duration': 1080, 'departure_time': 4500, 'arrival_time': 5580, 'day': 'current_day', 'from_stop_id': '180-3', 'to_stop_id': '145-3', 'trip_id': '6-1-0', 'agency_name': 'Unknown'}]}"
163,238,10440,intra,right,76,[162],[238],500,375,0,0,10815,10875.0,12630.0,12690.0,1755.0,2.0,162,238,2631.0,13071.0,pt,2250.0,12690.0,2250.0,"{'duration': 1755, 'source_transfer_time': 0, 'waiting_time': 555, 'trip_time': 1200, 'num_transfers': 2, 'departure_time': 10875, 'departure_day': 'current_day', 'arrival_time': 12630, 'arrival_day': 'current_day', 'steps': [{'duration': 210, 'departure_time': 11430, 'arrival_time': 11640, 'day': 'current_day', 'from_stop_id': '162-3', 'to_stop_id': '180-3', 'trip_id': '6-0-12', 'agency_name': 'Unknown'}, {'duration': 30, 'departure_time': 11640, 'arrival_time': 11670, 'day': 'current_day', 'from_stop_id': '180-3', 'to_stop_id': '180-1', 'trip_id': 'walking', 'agency_name': 'Unknown'}, {'duration': 600, 'departure_time': 12030, 'arrival_time': 12630, 'day': 'current_day', 'from_stop_id': '180-1', 'to_stop_id': '238-1', 'trip_id': '3-1-15', 'agency_name': 'Unknown'}]}"
179,215,10680,intra,right,77,[179],[206],0,0,1500,1127,10680,10740.0,12180.0,12240.0,1440.0,2.0,179,206,4135.0,14815.0,pt,2687.0,13367.0,2687.0,"{'duration': 1440, 'source_transfer_time': 0, 'waiting_time': 240, 'trip_time': 1200, 'num_transfers': 2, 'departure_time': 10740, 'departure_day': 'current_day', 'arrival_time': 12180, 'arrival_day': 'current_day', 'steps': [{'duration': 90, 'departure_time': 10980, 'arrival_time': 11070, 'day': 'current_day', 'from_stop_id': '179-1', 'to_stop_id': '180-1', 'trip_id': '3-0-12', 'agency_name': 'Unknown'}, {'duration': 30, 'departure_time': 11070, 'arrival_time': 11100, 'day': 'current_day', 'from_stop_id': '180-1', 'to_stop_id': '180-3', 'trip_id': 'walking', 'agency_name': 'Unknown'}, {'duration': 1080, 'departure_time': 11100, 'arrival_time': 12180, 'day': 'current_day', 'from_stop_id': '180-3', 'to_stop_id': '206-3', 'trip_id': '6-0-11', 'agency_name': 'Unknown'}]}"
198,142,5640,intra,right,78,[198],[151],0,0,1500,1127,5640,5700.0,7230.0,7290.0,1530.0,4.0,198,151,4135.0,9775.0,pt,2777.0,8417.0,2777.0,"{'duration': 1530, 'source_transfer_time': 0, 'waiting_time': 450, 'trip_time': 1080, 'num_transfers': 4, 'departure_time': 5700, 'departure_day': 'current_day', 'arrival_time': 7230, 'arrival_day': 'current_day', 'steps': [{'duration': 210, 'departure_time': 6150, 'arrival_time': 6360, 'day': 'current_day', 'from_stop_id': '198-2', 'to_stop_id': 'MH-R-2', 'trip_id': '4-0-5', 'agency_name': 'Unknown'}, {'duration': 30, 'departure_time': 6360, 'arrival_time': 6390, 'day': 'current_day', 'from_stop_id': 'MH-R-2', 'to_stop_id': 'MH-R-1', 'trip_id': 'walking', 'agency_name': 'Unknown'}, {'duration': 330, 'departure_time': 6540, 'arrival_time': 6870, 'day': 'current_day', 'from_stop_id': 'MH-R-1', 'to_stop_id': '180-1', 'trip_id': '3-0-5', 'agency_name': 'Unknown'}, {'duration': 30, 'departure_time': 6870, 'arrival_time': 6900, 'day': 'current_day', 'from_stop_id': '180-1', 'to_stop_id': '180-3', 'trip_id': 'walking', 'agency_name': 'Unknown'}, {'duration': 330, 'departure_time': 6900, 'arrival_time': 7230, 'day': 'current_day', 'from_stop_id': '180-3', 'to_stop_id': '151-3', 'trip_id': '6-1-4', 'agency_name': 'Unknown'}]}"
219,214,5670,intra,right,79,[208; 220],[212],500,375,1000,751,6045,6105.0,7080.0,7140.0,975.0,0.0,208,212,2631.0,8301.0,pt,2221.0,7891.0,2221.0,"{'duration': 975, 'source_transfer_time': 0, 'waiting_time': 495, 'trip_time': 480, 'num_transfers': 0, 'departure_time': 6105, 'departure_day': 'current_day', 'arrival_time': 7080, 'arrival_day': 'current_day', 'steps': [{'duration': 480, 'departure_time': 6600, 'arrival_time': 7080, 'day': 'current_day', 'from_stop_id': '208-3', 'to_stop_id': '212-3', 'trip_id': '6-1-5', 'agency_name': 'Unknown'}]}"
212,166,8400,intra,right,80,[212],[167; 176],0,0,500,375,8400,8460.0,9690.0,9750.0,1230.0,1.0,212,167,4135.0,12535.0,pt,1725.0,10125.0,1725.0,"{'duration': 1230, 'source_transfer_time': 0, 'waiting_time': 0, 'trip_time': 1230, 'num_transfers': 1, 'departure_time': 8460, 'departure_day': 'current_day', 'arrival_time': 9690, 'arrival_day': 'current_day', 'steps': [{'duration': 1080, 'departure_time': 8460, 'arrival_time': 9540, 'day': 'current_day', 'from_stop_id': '212-3', 'to_stop_id': '177-3', 'trip_id': '6-0-6', 'agency_name': 'Unknown'}, {'duration': 90, 'departure_time': 9600, 'arrival_time': 9690, 'day': 'current_day', 'from_stop_id': '177-3', 'to_stop_id': '167-3', 'trip_id': '6-0-11', 'agency_name': 'Unknown'}]}"
192,217,9450,intra,right,81,[182],[206],500,375,500,375,9825,9885.0,11580.0,11640.0,1695.0,2.0,182,206,4135.0,13585.0,pt,2565.0,12015.0,2565.0,"{'duration': 1695, 'source_transfer_time': 0, 'waiting_time': 75, 'trip_time': 1620, 'num_transfers': 2, 'departure_time': 9885, 'departure_day': 'current_day', 'arrival_time': 11580, 'arrival_day': 'current_day', 'steps': [{'duration': 210, 'departure_time': 9960, 'arrival_time': 10170, 'day': 'current_day', 'from_stop_id': '182-1', 'to_stop_id': '180-1', 'trip_id': '3-1-12', 'agency_name': 'Unknown'}, {'duration': 30, 'departure_time': 10170, 'arrival_time': 10200, 'day': 'current_day', 'from_stop_id': '180-1', 'to_stop_id': '180-3', 'trip_id': 'walking', 'agency_name': 'Unknown'}, {'duration': 1080, 'departure_time': 10500, 'arrival_time': 11580, 'day': 'current_day', 'from_stop_id': '180-3', 'to_stop_id': '206-3', 'trip_id': '6-0-10', 'agency_name': 'Unknown'}]}"
208,146,7050,intra,right,82,[208],[146],0,0,0,0,7050,7110.0,8250.0,8310.0,1140.0,1.0,208,146,2631.0,9681.0,pt,1260.0,8310.0,1260.0,"{'duration': 1140, 'source_transfer_time': 0, 'waiting_time': 60, 'trip_time': 1080, 'num_transfers': 1, 'departure_time': 7110, 'departure_day': 'current_day', 'arrival_time': 8250, 'arrival_day': 'current_day', 'steps': [{'duration': 570, 'departure_time': 7170, 'arrival_time': 7740, 'day': 'current_day', 'from_stop_id': '208-3', 'to_stop_id': '177-3', 'trip_id': '6-0-3', 'agency_name': 'Unknown'}, {'duration': 450, 'departure_time': 7800, 'arrival_time': 8250, 'day': 'current_day', 'from_stop_id': '177-3', 'to_stop_id': '146-3', 'trip_id': '6-0-8', 'agency_name': 'Unknown'}]}"
147,199,8100,intra,right,83,[147],[198; 210],0,0,500,375,8100,8160.0,9750.0,9810.0,1590.0,2.0,147,198,2631.0,10731.0,pt,2085.0,10185.0,2085.0,"{'duration': 1590, 'source_transfer_time': 0, 'waiting_time': 240, 'trip_time': 1350, 'num_transfers': 2, 'departure_time': 8160, 'departure_day': 'current_day', 'arrival_time': 9750, 'arrival_day': 'current_day', 'steps': [{'duration': 90, 'departure_time': 8400, 'arrival_time': 8490, 'day': 'current_day', 'from_stop_id': '147-3', 'to_stop_id': '148-3', 'trip_id': '6-0-8', 'agency_name': 'Unknown'}, {'duration': 30, 'departure_time': 8490, 'arrival_time': 8520, 'day': 'current_day', 'from_stop_id': '148-3', 'to_stop_id': '148-2', 'trip_id': 'walking', 'agency_name': 'Unknown'}, {'duration': 720, 'departure_time': 9030, 'arrival_time': 9750, 'day': 'current_day', 'from_stop_id': '148-2', 'to_stop_id': '198-2', 'trip_id': '4-1-10', 'agency_name': 'Unknown'}]}"
197,132,12180,intra,right,84,[198; 208],[145],500,375,1500,1127,12555,12615.0,13980.0,14040.0,1365.0,2.0,198,145,3759.0,15939.0,pt,2987.0,15167.0,2987.0,"{'duration': 1365, 'source_transfer_time': 0, 'waiting_time': 135, 'trip_time': 1230, 'num_transfers': 2, 'departure_time': 12615, 'departure_day': 'current_day', 'arrival_time': 13980, 'arrival_day': 'current_day', 'steps': [{'duration': 720, 'departure_time': 12750, 'arrival_time': 13470, 'day': 'current_day', 'from_stop_id': '198-2', 'to_stop_id': '148-2', 'trip_id': '4-0-16', 'agency_name': 'Unknown'}, {'duration': 30, 'departure_time': 13470, 'arrival_time': 13500, 'day': 'current_day', 'from_stop_id': '148-2', 'to_stop_id': '148-3', 'trip_id': 'walking', 'agency_name': 'Unknown'}, {'duration': 330, 'departure_time': 13650, 'arrival_time': 13980, 'day': 'current_day', 'from_stop_id': '148-3', 'to_stop_id': '145-3', 'trip_id': '6-1-14', 'agency_name': 'Unknown'}]}"
218,200,10950,intra,right,85,[207],[201; 211],500,375,500,375,11325,11385.0,12360.0,12420.0,975.0,0.0,207,211,2255.0,13205.0,pt,1845.0,12795.0,1845.0,"{'duration': 975, 'source_transfer_time': 0, 'waiting_time': 495, 'trip_time': 480, 'num_transfers': 0, 'departure_time': 11385, 'departure_day': 'current_day', 'arrival_time': 12360, 'arrival_day': 'current_day', 'steps': [{'duration': 480, 'departure_time': 11880, 'arrival_time': 12360, 'day': 'current_day', 'from_stop_id': '207-3', 'to_stop_id': '211-3', 'trip_id': '6-1-14', 'agency_name': 'Unknown'}]}"
124,191,12660,intra,right,86,[126; 146],[181; 190],1000,751,500,375,13411,13471.0,14790.0,14850.0,1319.0,2.0,126,190,4511.0,17171.0,pt,2565.0,15225.0,2565.0,"{'duration': 1319, 'source_transfer_time': 0, 'waiting_time': 89, 'trip_time': 1230, 'num_transfers': 2, 'departure_time': 13471, 'departure_day': 'current_day', 'arrival_time': 14790, 'arrival_day': 'current_day', 'steps': [{'duration': 210, 'departure_time': 13560, 'arrival_time': 13770, 'day': 'current_day', 'from_stop_id': '126-2', 'to_stop_id': '148-2', 'trip_id': '4-1-18', 'agency_name': 'Unknown'}, {'duration': 30, 'departure_time': 13770, 'arrival_time': 13800, 'day': 'current_day', 'from_stop_id': '148-2', 'to_stop_id': '148-3', 'trip_id': 'walking', 'agency_name': 'Unknown'}, {'duration': 840, 'departure_time': 13950, 'arrival_time': 14790, 'day': 'current_day', 'from_stop_id': '148-3', 'to_stop_id': '190-3', 'trip_id': '6-0-17', 'agency_name': 'Unknown'}]}"
135,196,3750,intra,right,87,[146],[195; 207],500,375,500,375,4125,4185.0,5010.0,5070.0,825.0,1.0,146,195,2255.0,6005.0,pt,1695.0,5445.0,1695.0,"{'duration': 825, 'source_transfer_time': 0, 'waiting_time': 105, 'trip_time': 720, 'num_transfers': 1, 'departure_time': 4185, 'departure_day': 'current_day', 'arrival_time': 5010, 'arrival_day': 'current_day', 'steps': [{'duration': 450, 'departure_time': 4290, 'arrival_time': 4740, 'day': 'current_day', 'from_stop_id': '146-3', 'to_stop_id': '177-3', 'trip_id': '6-1-44', 'agency_name': 'Unknown'}, {'duration': 210, 'departure_time': 4800, 'arrival_time': 5010, 'day': 'current_day', 'from_stop_id': '177-3', 'to_stop_id': '195-3', 'trip_id': '6-1-3', 'agency_name': 'Unknown'}]}"
181,155,4740,intra,right,88,[181],[156],0,0,500,375,4740,4800.0,6810.0,6870.0,2010.0,2.0,181,156,3759.0,8499.0,pt,2505.0,7245.0,2505.0,"{'duration': 2010, 'source_transfer_time': 0, 'waiting_time': 480, 'trip_time': 1530, 'num_transfers': 2, 'departure_time': 4800, 'departure_day': 'current_day', 'arrival_time': 6810, 'arrival_day': 'current_day', 'steps': [{'duration': 990, 'departure_time': 5280, 'arrival_time': 6270, 'day': 'current_day', 'from_stop_id': '181-1', 'to_stop_id': '177-1', 'trip_id': '3-1-4', 'agency_name': 'Unknown'}, {'duration': 30, 'departure_time': 6270, 'arrival_time': 6300, 'day': 'current_day', 'from_stop_id': '177-1', 'to_stop_id': '177-3', 'trip_id': 'walking', 'agency_name': 'Unknown'}, {'duration': 210, 'departure_time': 6600, 'arrival_time': 6810, 'day': 'current_day', 'from_stop_id': '177-3', 'to_stop_id': '156-3', 'trip_id': '6-0-6', 'agency_name': 'Unknown'}]}"
184,142,8220,intra,right,89,[176; 185],[151],500,375,1500,1127,8595,8655.0,10080.0,10140.0,1425.0,2.0,176,151,5263.0,13483.0,pt,3047.0,11267.0,3047.0,"{'duration': 1425, 'source_transfer_time': 0, 'waiting_time': 225, 'trip_time': 1200, 'num_transfers': 2, 'departure_time': 8655, 'departure_day': 'current_day', 'arrival_time': 10080, 'arrival_day': 'current_day', 'steps': [{'duration': 90, 'departure_time': 8880, 'arrival_time': 8970, 'day': 'current_day', 'from_stop_id': '176-1', 'to_stop_id': '177-1', 'trip_id': '3-0-10', 'agency_name': 'Unknown'}, {'duration': 30, 'departure_time': 8970, 'arrival_time': 9000, 'day': 'current_day', 'from_stop_id': '177-1', 'to_stop_id': '177-3', 'trip_id': 'walking', 'agency_name': 'Unknown'}, {'duration': 1080, 'departure_time': 9000, 'arrival_time': 10080, 'day': 'current_day', 'from_stop_id': '177-3', 'to_stop_id': '151-3', 'trip_id': '6-0-10', 'agency_name': 'Unknown'}]}"
133,23,11790,inter,right,90,[145],[24],1000,751,500,375,12541,12601.0,16380.0,16440.0,3779.0,8.0,145,24,,,pt,5025.0,16815.0,5025.0,"{'duration': 3779, 'source_transfer_time': 0, 'waiting_time': 209, 'trip_time': 3570, 'num_transfers': 8, 'departure_time': 12601, 'departure_day': 'current_day', 'arrival_time': 16380, 'arrival_day': 'current_day', 'steps': [{'duration': 330, 'departure_time': 12810, 'arrival_time': 13140, 'day': 'current_day', 'from_stop_id': '145-3', 'to_stop_id': '177-3', 'trip_id': '6-1-12', 'agency_name': 'Unknown'}, {'duration': 30, 'departure_time': 13140, 'arrival_time': 13170, 'day': 'current_day', 'from_stop_id': '177-3', 'to_stop_id': '177-1', 'trip_id': 'walking', 'agency_name': 'Unknown'}, {'duration': 330, 'departure_time': 13230, 'arrival_time': 13560, 'day': 'current_day', 'from_stop_id': '177-1', 'to_stop_id': 'MH-R-1', 'trip_id': '3-0-17', 'agency_name': 'Unknown'}, {'duration': 30, 'departure_time': 13560, 'arrival_time': 13590, 'day': 'current_day', 'from_stop_id': 'MH-R-1', 'to_stop_id': 'MH-R-0', 'trip_id': 'walking', 'agency_name': 'Unknown'}, {'duration': 1500, 'departure_time': 13800, 'arrival_time': 15300, 'day': 'current_day', 'from_stop_id': 'MH-R-0', 'to_stop_id': 'MH-L-0', 'trip_id': '0-1-17', 'agency_name': 'Unknown'}, {'duration': 30, 'departure_time': 15300, 'arrival_time': 15330, 'day': 'current_day', 'from_stop_id': 'MH-L-0', 'to_stop_id': 'MH-L-2', 'trip_id': 'walking', 'agency_name': 'Unknown'}, {'duration': 330, 'departure_time': 15540, 'arrival_time': 15870, 'day': 'current_day', 'from_stop_id': 'MH-L-2', 'to_stop_id': '27-2', 'trip_id': '2-0-20', 'agency_name': 'Unknown'}, {'duration': 30, 'departure_time': 15870, 'arrival_time': 15900, 'day': 'current_day', 'from_stop_id': '27-2', 'to_stop_id': '27-3', 'trip_id': 'walking', 'agency_name': 'Unknown'}, {'duration': 330, 'departure_time': 16050, 'arrival_time': 16380, 'day': 'current_day', 'from_stop_id': '27-3', 'to_stop_id': '24-3', 'trip_id': '5-1-18', 'agency_name': 'Unknown'}]}"
151,36,3810,inter,right,91,[151],[25; 35],0,0,500,375,3810,3870.0,7860.0,7920.0,3990.0,8.0,151,25,,,pt,4485.0,8295.0,4485.0,"{'duration': 3990, 'source_transfer_time': 0, 'waiting_time': 390, 'trip_time': 3600, 'num_transfers': 8, 'departure_time': 3870, 'departure_day': 'current_day', 'arrival_time': 7860, 'arrival_day': 'current_day', 'steps': [{'duration': 330, 'departure_time': 4260, 'arrival_time': 4590, 'day': 'current_day', 'from_stop_id': '151-3', 'to_stop_id': '148-3', 'trip_id': '6-1-43', 'agency_name': 'Unknown'}, {'duration': 30, 'departure_time': 4590, 'arrival_time': 4620, 'day': 'current_day', 'from_stop_id': '148-3', 'to_stop_id': '148-2', 'trip_id': 'walking', 'agency_name': 'Unknown'}, {'duration': 330, 'departure_time': 4830, 'arrival_time': 5160, 'day': 'current_day', 'from_stop_id': '148-2', 'to_stop_id': 'MH-R-2', 'trip_id': '4-1-3', 'agency_name': 'Unknown'}, {'duration': 30, 'departure_time': 5160, 'arrival_time': 5190, 'day': 'current_day', 'from_stop_id': 'MH-R-2', 'to_stop_id': 'MH-R-0', 'trip_id': 'walking', 'agency_name': 'Unknown'}, {'duration': 1500, 'departure_time': 5400, 'arrival_time': 6900, 'day': 'current_day', 'from_stop_id': 'MH-R-0', 'to_stop_id': 'MH-L-0', 'trip_id': '0-1-3', 'agency_name': 'Unknown'}, {'duration': 30, 'departure_time': 6900, 'arrival_time': 6930, 'day': 'current_day', 'from_stop_id': 'MH-L-0', 'to_stop_id': 'MH-L-2', 'trip_id': 'walking', 'agency_name': 'Unknown'}, {'duration': 330, 'departure_time': 7140, 'arrival_time': 7470, 'day': 'current_day', 'from_stop_id': 'MH-L-2', 'to_stop_id': '27-2', 'trip_id': '2-0-6', 'agency_name': 'Unknown'}, {'duration': 30, 'departure_time': 7470, 'arrival_time': 7500, 'day': 'current_day', 'from_stop_id': '27-2', 'to_stop_id': '27-3', 'trip_id': 'walking', 'agency_name': 'Unknown'}, {'duration': 210, 'departure_time': 7650, 'arrival_time': 7860, 'day': 'current_day', 'from_stop_id': '27-3', 'to_stop_id': '25-3', 'trip_id': '5-1-4', 'agency_name': 'Unknown'}]}"
195,25,6570,inter,right,92,[195],[25],0,0,0,0,6570,6630.0,10260.0,10320.0,3630.0,8.0,195,25,,,pt,3750.0,10320.0,3750.0,"{'duration': 3630, 'source_transfer_time': 0, 'waiting_time': 300, 'trip_time': 3330, 'num_transfers': 8, 'departure_time': 6630, 'departure_day': 'current_day', 'arrival_time': 10260, 'arrival_day': 'current_day', 'steps': [{'duration': 210, 'departure_time': 6930, 'arrival_time': 7140, 'day': 'current_day', 'from_stop_id': '195-3', 'to_stop_id': '177-3', 'trip_id': '6-0-2', 'agency_name': 'Unknown'}, {'duration': 30, 'departure_time': 7140, 'arrival_time': 7170, 'day': 'current_day', 'from_stop_id': '177-3', 'to_stop_id': '177-1', 'trip_id': 'walking', 'agency_name': 'Unknown'}, {'duration': 330, 'departure_time': 7230, 'arrival_time': 7560, 'day': 'current_day', 'from_stop_id': '177-1', 'to_stop_id': 'MH-R-1', 'trip_id': '3-0-7', 'agency_name': 'Unknown'}, {'duration': 30, 'departure_time': 7560, 'arrival_time': 7590, 'day': 'current_day', 'from_stop_id': 'MH-R-1', 'to_stop_id': 'MH-R-0', 'trip_id': 'walking', 'agency_name': 'Unknown'}, {'duration': 1500, 'departure_time': 7800, 'arrival_time': 9300, 'day': 'current_day', 'from_stop_id': 'MH-R-0', 'to_stop_id': 'MH-L-0', 'trip_id': '0-1-7', 'agency_name': 'Unknown'}, {'duration': 30, 'departure_time': 9300, 'arrival_time': 9330, 'day': 'current_day', 'from_stop_id': 'MH-L-0', 'to_stop_id': 'MH-L-2', 'trip_id': 'walking', 'agency_name': 'Unknown'}, {'duration': 330, 'departure_time': 9540, 'arrival_time': 9870, 'day': 'current_day', 'from_stop_id': 'MH-L-2', 'to_stop_id': '27-2', 'trip_id': '2-0-10', 'agency_name': 'Unknown'}, {'duration': 30, 'departure_time': 9870, 'arrival_time': 9900, 'day': 'current_day', 'from_stop_id': '27-2', 'to_stop_id': '27-3', 'trip_id': 'walking', 'agency_name': 'Unknown'}, {'duration': 210, 'departure_time': 10050, 'arrival_time': 10260, 'day': 'current_day', 'from_stop_id': '27-3', 'to_stop_id': '25-3', 'trip_id': '5-1-8', 'agency_name': 'Unknown'}]}"
234,10,8970,inter,right,93,[212],[30],1000,751,2000,1503,9721,9781.0,13830.0,13890.0,4049.0,8.0,212,30,,,pt,6423.0,15393.0,6423.0,"{'duration': 4049, 'source_transfer_time': 0, 'waiting_time': 479, 'trip_time': 3570, 'num_transfers': 8, 'departure_time': 9781, 'departure_day': 'current_day', 'arrival_time': 13830, 'arrival_day': 'current_day', 'steps': [{'duration': 330, 'departure_time': 10260, 'arrival_time': 10590, 'day': 'current_day', 'from_stop_id': '212-3', 'to_stop_id': '209-3', 'trip_id': '6-0-9', 'agency_name': 'Unknown'}, {'duration': 30, 'departure_time': 10590, 'arrival_time': 10620, 'day': 'current_day', 'from_stop_id': '209-3', 'to_stop_id': '209-2', 'trip_id': 'walking', 'agency_name': 'Unknown'}, {'duration': 330, 'departure_time': 10830, 'arrival_time': 11160, 'day': 'current_day', 'from_stop_id': '209-2', 'to_stop_id': 'MH-R-2', 'trip_id': '4-0-13', 'agency_name': 'Unknown'}, {'duration': 30, 'departure_time': 11160, 'arrival_time': 11190, 'day': 'current_day', 'from_stop_id': 'MH-R-2', 'to_stop_id': 'MH-R-0', 'trip_id': 'walking', 'agency_name': 'Unknown'}, {'duration': 1500, 'departure_time': 11400, 'arrival_time': 12900, 'day': 'current_day', 'from_stop_id': 'MH-R-0', 'to_stop_id': 'MH-L-0', 'trip_id': '0-1-13', 'agency_name': 'Unknown'}, {'duration': 30, 'departure_time': 12900, 'arrival_time': 12930, 'day': 'current_day', 'from_stop_id': 'MH-L-0', 'to_stop_id': 'MH-L-1', 'trip_id': 'walking', 'agency_name': 'Unknown'}, {'duration': 330, 'departure_time': 13140, 'arrival_time': 13470, 'day': 'current_day', 'from_stop_id': 'MH-L-1', 'to_stop_id': '59-1', 'trip_id': '1-0-16', 'agency_name': 'Unknown'}, {'duration': 30, 'departure_time': 13470, 'arrival_time': 13500, 'day': 'current_day', 'from_stop_id': '59-1', 'to_stop_id': '59-3', 'trip_id': 'walking', 'agency_name': 'Unknown'}, {'duration': 330, 'departure_time': 13500, 'arrival_time': 13830, 'day': 'current_day', 'from_stop_id': '59-3', 'to_stop_id': '30-3', 'trip_id': '5-1-15', 'agency_name': 'Unknown'}]}"
205,110,12870,inter,right,94,[206],[110],500,375,0,0,13245,13305.0,16740.0,16800.0,3435.0,6.0,206,110,,,pt,3930.0,16800.0,3930.0,"{'duration': 3435, 'source_transfer_time': 0, 'waiting_time': 105, 'trip_time': 3330, 'num_transfers': 6, 'departure_time': 13305, 'departure_day': 'current_day', 'arrival_time': 16740, 'arrival_day': 'current_day', 'steps': [{'duration': 330, 'departure_time': 13410, 'arrival_time': 13740, 'day': 'current_day', 'from_stop_id': '206-3', 'to_stop_id': '177-3', 'trip_id': '6-0-13', 'agency_name': 'Unknown'}, {'duration': 30, 'departure_time': 13740, 'arrival_time': 13770, 'day': 'current_day', 'from_stop_id': '177-3', 'to_stop_id': '177-1', 'trip_id': 'walking', 'agency_name': 'Unknown'}, {'duration': 330, 'departure_time': 13830, 'arrival_time': 14160, 'day': 'current_day', 'from_stop_id': '177-1', 'to_stop_id': 'MH-R-1', 'trip_id': '3-0-18', 'agency_name': 'Unknown'}, {'duration': 30, 'departure_time': 14160, 'arrival_time': 14190, 'day': 'current_day', 'from_stop_id': 'MH-R-1', 'to_stop_id': 'MH-R-0', 'trip_id': 'walking', 'agency_name': 'Unknown'}, {'duration': 1500, 'departure_time': 14400, 'arrival_time': 15900, 'day': 'current_day', 'from_stop_id': 'MH-R-0', 'to_stop_id': 'MH-L-0', 'trip_id': '0-1-18', 'agency_name': 'Unknown'}, {'duration': 30, 'departure_time': 15900, 'arrival_time': 15930, 'day': 'current_day', 'from_stop_id': 'MH-L-0', 'to_stop_id': 'MH-L-2', 'trip_id': 'walking', 'agency_name': 'Unknown'}, {'duration': 600, 'departure_time': 16140, 'arrival_time': 16740, 'day': 'current_day', 'from_stop_id': 'MH-L-2', 'to_stop_id': '110-2', 'trip_id': '2-1-21', 'agency_name': 'Unknown'}]}"
231,82,7800,inter,right,95,[231],[61; 80],0,0,1000,751,7800,7860.0,11310.0,11370.0,3450.0,6.0,231,80,,,pt,4321.0,12121.0,4321.0,"{'duration': 3450, 'source_transfer_time': 0, 'waiting_time': 300, 'trip_time': 3150, 'num_transfers': 6, 'departure_time': 7860, 'departure_day': 'current_day', 'arrival_time': 11310, 'arrival_day': 'current_day', 'steps': [{'duration': 600, 'departure_time': 8160, 'arrival_time': 8760, 'day': 'current_day', 'from_stop_id': '231-2', 'to_stop_id': 'MH-R-2', 'trip_id': '4-0-9', 'agency_name': 'Unknown'}, {'duration': 30, 'departure_time': 8760, 'arrival_time': 8790, 'day': 'current_day', 'from_stop_id': 'MH-R-2', 'to_stop_id': 'MH-R-0', 'trip_id': 'walking', 'agency_name': 'Unknown'}, {'duration': 1500, 'departure_time': 9000, 'arrival_time': 10500, 'day': 'current_day', 'from_stop_id': 'MH-R-0', 'to_stop_id': 'MH-L-0', 'trip_id': '0-1-9', 'agency_name': 'Unknown'}, {'duration': 30, 'departure_time': 10500, 'arrival_time': 10530, 'day': 'current_day', 'from_stop_id': 'MH-L-0', 'to_stop_id': 'MH-L-1', 'trip_id': 'walking', 'agency_name': 'Unknown'}, {'duration': 330, 'departure_time': 10740, 'arrival_time': 11070, 'day': 'current_day', 'from_stop_id': 'MH-L-1', 'to_stop_id': '59-1', 'trip_id': '1-0-12', 'agency_name': 'Unknown'}, {'duration': 30, 'departure_time': 11070, 'arrival_time': 11100, 'day': 'current_day', 'from_stop_id': '59-1', 'to_stop_id': '59-3', 'trip_id': 'walking', 'agency_name': 'Unknown'}, {'duration': 210, 'departure_time': 11100, 'arrival_time': 11310, 'day': 'current_day', 'from_stop_id': '59-3', 'to_stop_id': '80-3', 'trip_id': '5-0-11', 'agency_name': 'Unknown'}]}"
189,113,11370,inter,right,96,[179; 190],[91],500,375,1000,751,11745,11805.0,15030.0,15090.0,3225.0,6.0,179,91,,,pt,4471.0,15841.0,4471.0,"{'duration': 3225, 'source_transfer_time': 0, 'waiting_time': 345, 'trip_time': 2880, 'num_transfers': 6, 'departure_time': 11805, 'departure_day': 'current_day', 'arrival_time': 15030, 'arrival_day': 'current_day', 'steps': [{'duration': 210, 'departure_time': 12150, 'arrival_time': 12360, 'day': 'current_day', 'from_stop_id': '179-1', 'to_stop_id': 'MH-R-1', 'trip_id': '3-1-15', 'agency_name': 'Unknown'}, {'duration': 30, 'departure_time': 12360, 'arrival_time': 12390, 'day': 'current_day', 'from_stop_id': 'MH-R-1', 'to_stop_id': 'MH-R-0', 'trip_id': 'walking', 'agency_name': 'Unknown'}, {'duration': 1500, 'departure_time': 12600, 'arrival_time': 14100, 'day': 'current_day', 'from_stop_id': 'MH-R-0', 'to_stop_id': 'MH-L-0', 'trip_id': '0-1-15', 'agency_name': 'Unknown'}, {'duration': 30, 'departure_time': 14100, 'arrival_time': 14130, 'day': 'current_day', 'from_stop_id': 'MH-L-0', 'to_stop_id': 'MH-L-1', 'trip_id': 'walking', 'agency_name': 'Unknown'}, {'duration': 330, 'departure_time': 14340, 'arrival_time': 14670, 'day': 'current_day', 'from_stop_id': 'MH-L-1', 'to_stop_id': '59-1', 'trip_id': '1-0-18', 'agency_name': 'Unknown'}, {'duration': 30, 'departure_time': 14670, 'arrival_time': 14700, 'day': 'current_day', 'from_stop_id': '59-1', 'to_stop_id': '59-3', 'trip_id': 'walking', 'agency_name': 'Unknown'}, {'duration': 330, 'departure_time': 14700, 'arrival_time': 15030, 'day': 'current_day', 'from_stop_id': '59-3', 'to_stop_id': '91-3', 'trip_id': '5-0-17', 'agency_name': 'Unknown'}]}"
183,34,12750,inter,right,97,[175],[35],500,375,500,375,13125,13185.0,17010.0,17070.0,3825.0,6.0,175,35,,,pt,4695.0,17445.0,4695.0,"{'duration': 3825, 'source_transfer_time': 0, 'waiting_time': 375, 'trip_time': 3450, 'num_transfers': 6, 'departure_time': 13185, 'departure_day': 'current_day', 'arrival_time': 17010, 'arrival_day': 'current_day', 'steps': [{'duration': 600, 'departure_time': 13560, 'arrival_time': 14160, 'day': 'current_day', 'from_stop_id': '175-1', 'to_stop_id': 'MH-R-1', 'trip_id': '3-0-18', 'agency_name': 'Unknown'}, {'duration': 30, 'departure_time': 14160, 'arrival_time': 14190, 'day': 'current_day', 'from_stop_id': 'MH-R-1', 'to_stop_id': 'MH-R-0', 'trip_id': 'walking', 'agency_name': 'Unknown'}, {'duration': 1500, 'departure_time': 14400, 'arrival_time': 15900, 'day': 'current_day', 'from_stop_id': 'MH-R-0', 'to_stop_id': 'MH-L-0', 'trip_id': '0-1-18', 'agency_name': 'Unknown'}, {'duration': 30, 'departure_time': 15900, 'arrival_time': 15930, 'day': 'current_day', 'from_stop_id': 'MH-L-0', 'to_stop_id': 'MH-L-1', 'trip_id': 'walking', 'agency_name': 'Unknown'}, {'duration': 330, 'departure_time': 16140, 'arrival_time': 16470, 'day': 'current_day', 'from_stop_id': 'MH-L-1', 'to_stop_id': '56-1', 'trip_id': '1-1-21', 'agency_name': 'Unknown'}, {'duration': 30, 'departure_time': 16470, 'arrival_time': 16500, 'day': 'current_day', 'from_stop_id': '56-1', 'to_stop_id': '56-3', 'trip_id': 'walking', 'agency_name': 'Unknown'}, {'duration': 210, 'departure_time': 16800, 'arrival_time': 17010, 'day': 'current_day', 'from_stop_id': '56-3', 'to_stop_id': '35-3', 'trip_id': '5-0-23', 'agency_name': 'Unknown'}]}"
163,60,11400,inter,right,98,[162],[60],500,375,0,0,11775,11835.0,15420.0,15480.0,3585.0,6.0,162,60,,,pt,4080.0,15480.0,4080.0,"{'duration': 3585, 'source_transfer_time': 0, 'waiting_time': 105, 'trip_time': 3480, 'num_transfers': 6, 'departure_time': 11835, 'departure_day': 'current_day', 'arrival_time': 15420, 'arrival_day': 'current_day', 'steps': [{'duration': 450, 'departure_time': 11940, 'arrival_time': 12390, 'day': 'current_day', 'from_stop_id': '162-3', 'to_stop_id': '148-3', 'trip_id': '6-1-12', 'agency_name': 'Unknown'}, {'duration': 30, 'departure_time': 12390, 'arrival_time': 12420, 'day': 'current_day', 'from_stop_id': '148-3', 'to_stop_id': '148-2', 'trip_id': 'walking', 'agency_name': 'Unknown'}, {'duration': 330, 'departure_time': 12630, 'arrival_time': 12960, 'day': 'current_day', 'from_stop_id': '148-2', 'to_stop_id': 'MH-R-2', 'trip_id': '4-1-16', 'agency_name': 'Unknown'}, {'duration': 30, 'departure_time': 12960, 'arrival_time': 12990, 'day': 'current_day', 'from_stop_id': 'MH-R-2', 'to_stop_id': 'MH-R-0', 'trip_id': 'walking', 'agency_name': 'Unknown'}, {'duration': 1500, 'departure_time': 13200, 'arrival_time': 14700, 'day': 'current_day', 'from_stop_id': 'MH-R-0', 'to_stop_id': 'MH-L-0', 'trip_id': '0-1-16', 'agency_name': 'Unknown'}, {'duration': 30, 'departure_time': 14700, 'arrival_time': 14730, 'day': 'current_day', 'from_stop_id': 'MH-L-0', 'to_stop_id': 'MH-L-1', 'trip_id': 'walking', 'agency_name': 'Unknown'}, {'duration': 480, 'departure_time': 14940, 'arrival_time': 15420, 'day': 'current_day', 'from_stop_id': 'MH-L-1', 'to_stop_id': '60-1', 'trip_id': '1-0-19', 'agency_name': 'Unknown'}]}"
142,72,4170,inter,right,99,[151],[54; 74],1500,1127,1000,751,5297,5357.0,8940.0,9000.0,3583.0,6.0,151,54,,,pt,5581.0,9751.0,5581.0,"{'duration': 3583, 'source_transfer_time': 0, 'waiting_time': 103, 'trip_time': 3480, 'num_transfers': 6, 'departure_time': 5357, 'departure_day': 'current_day', 'arrival_time': 8940, 'arrival_day': 'current_day', 'steps': [{'duration': 330, 'departure_time': 5460, 'arrival_time': 5790, 'day': 'current_day', 'from_stop_id': '151-3', 'to_stop_id': '148-3', 'trip_id': '6-1-1', 'agency_name': 'Unknown'}, {'duration': 30, 'departure_time': 5790, 'arrival_time': 5820, 'day': 'current_day', 'from_stop_id': '148-3', 'to_stop_id': '148-2', 'trip_id': 'walking', 'agency_name': 'Unknown'}, {'duration': 330, 'departure_time': 6030, 'arrival_time': 6360, 'day': 'current_day', 'from_stop_id': '148-2', 'to_stop_id': 'MH-R-2', 'trip_id': '4-1-5', 'agency_name': 'Unknown'}, {'duration': 30, 'departure_time': 6360, 'arrival_time': 6390, 'day': 'current_day', 'from_stop_id': 'MH-R-2', 'to_stop_id': 'MH-R-0', 'trip_id': 'walking', 'agency_name': 'Unknown'}, {'duration': 1500, 'departure_time': 6600, 'arrival_time': 8100, 'day': 'current_day', 'from_stop_id': 'MH-R-0', 'to_stop_id': 'MH-L-0', 'trip_id': '0-1-5', 'agency_name': 'Unknown'}, {'duration': 30, 'departure_time': 8100, 'arrival_time': 8130, 'day': 'current_day', 'from_stop_id': 'MH-L-0', 'to_stop_id': 'MH-L-1', 'trip_id': 'walking', 'agency_name': 'Unknown'}, {'duration': 600, 'departure_time': 8340, 'arrival_time': 8940, 'day': 'current_day', 'from_stop_id': 'MH-L-1', 'to_stop_id': '54-1', 'trip_id': '1-1-8', 'agency_name': 'Unknown'}]}"
