start,end,rq_time,rq_type,subnetwork,request_id,start_station_street_ids,end_station_street_ids,walk_start_to_station_street_distance,walk_start_to_station_street_tt,walk_station_to_end_street_distance,walk_station_to_end_street_tt,start_station_street_arrival_time,start_station_departure_time,end_station_arrival_time,end_station_street_arrival_time,pt_journey_duration,num_transfers,selected_start_station_id,selected_end_station_id,walking_time,walking_arrival_time,best_option
92,117,5280,intra,left,0,[91],[117],500,375,0,0,5655,5715.0,7410.0,7470.0,1695.0,2.0,91,117,3007.0,8287.0,pt
22,65,4260,intra,left,1,[24],[57; 64],1000,751,500,375,5011,5071.0,6060.0,6120.0,989.0,1.0,24,64,2631.0,6891.0,pt
40,113,11040,intra,left,2,[29; 41],[91],500,375,1000,751,11415,11475.0,12260.0,12320.0,785.0,0.0,29,91,3007.0,14047.0,pt
117,91,10230,intra,left,3,[117],[91],0,0,0,0,10230,10290.0,11660.0,11720.0,1370.0,2.0,117,91,2631.0,12861.0,pt
92,0,10740,intra,left,4,[91],[24],500,375,2000,1503,11115,11175.0,12860.0,12920.0,1685.0,0.0,91,24,6390.0,17130.0,pt
59,88,13140,intra,left,5,[59],[88],0,0,0,0,13140,13200.0,14360.0,14420.0,1160.0,0.0,59,88,2255.0,15395.0,pt
106,120,3960,intra,left,6,[85],[120],1500,1127,0,0,5087,5147.0,6420.0,6480.0,1273.0,2.0,85,A,3383.0,7343.0,pt
18,86,9120,intra,left,7,[29],[86],500,375,0,0,9495,9555.0,10960.0,11020.0,1405.0,0.0,29,86,4135.0,13255.0,pt
1,56,10410,intra,left,8,[24],[56],1500,1127,0,0,11537,11597.0,11960.0,12020.0,363.0,0.0,24,56,2255.0,12665.0,pt
11,37,11850,intra,left,9,[24],[26; 38],1500,1127,500,375,12977,13037.0,13660.0,13720.0,623.0,0.0,24,26,2255.0,14105.0,pt
102,119,7710,intra,left,10,[91],[119],500,375,0,0,8085,8145.0,9330.0,9390.0,1185.0,2.0,91,119,2255.0,9965.0,pt
80,56,5070,intra,left,11,[80],[56],0,0,0,0,5070,5130.0,6390.0,6450.0,1260.0,2.0,80,56,3007.0,8077.0,pt
63,104,7830,intra,left,12,[55; 64],[91],500,375,1500,1127,8205,8265.0,9260.0,9320.0,995.0,0.0,64,91,4511.0,12341.0,pt
33,77,10230,intra,left,13,[35; 54],[77],1000,751,0,0,10981,11041.0,12000.0,12060.0,959.0,2.0,54,77,3383.0,13613.0,pt
108,54,5490,intra,left,14,[86; 110],[54],1000,751,0,0,6241,6301.0,7770.0,7830.0,1469.0,2.0,86,54,3007.0,8497.0,pt
22,50,12480,intra,left,15,[24],[51; 58],1000,751,500,375,13231,13291.0,14260.0,14320.0,969.0,0.0,24,51,3383.0,15863.0,pt
99,52,9180,intra,left,16,[99],[51; 60],0,0,500,375,9180,9240.0,10680.0,10740.0,1440.0,2.0,99,60,3383.0,12563.0,pt
0,74,7920,intra,left,17,[24],[74],2000,1503,0,0,9423,9483.0,10360.0,10420.0,877.0,1.0,24,74,3383.0,11303.0,pt
4,111,11430,intra,left,18,[5],[110],500,375,500,375,11805,11865.0,12870.0,12930.0,1005.0,0.0,5,110,4511.0,15941.0,pt
40,4,13440,intra,left,19,[29; 41],[5],500,375,500,375,13815,13875.0,14670.0,14730.0,795.0,2.0,29,5,2255.0,15695.0,pt
64,1,12300,intra,left,20,[64],[24],0,0,1500,1127,12300,12360.0,12860.0,12920.0,500.0,1.0,64,24,2631.0,14931.0,pt
109,91,6840,intra,left,21,[110],[91],500,375,0,0,7215,7275.0,8660.0,8720.0,1385.0,2.0,110,91,2255.0,9095.0,pt
115,77,11010,intra,left,22,[91],[77],2000,1503,0,0,12513,12573.0,13440.0,13500.0,867.0,2.0,91,77,3007.0,14017.0,pt
114,15,10800,intra,left,23,[91],[16; 26],1500,1127,500,375,11927,11987.0,13260.0,13320.0,1273.0,0.0,91,26,5263.0,16063.0,pt
102,66,14220,intra,left,24,[91],[117; 119],500,375,500,375,14595,14655.0,15330.0,15390.0,675.0,2.0,91,119,2631.0,16851.0,pt
61,110,8010,intra,left,25,[61],[110],0,0,0,0,8010,8070.0,9270.0,9330.0,1200.0,2.0,61,110,3759.0,11769.0,pt
50,113,8880,intra,left,26,[51; 58],[91],500,375,1000,751,9255,9315.0,9860.0,9920.0,545.0,0.0,51,91,2631.0,11511.0,pt
81,96,12300,intra,left,27,[80],[85],500,375,500,375,12675,12735.0,13460.0,13520.0,725.0,0.0,80,85,3383.0,15683.0,pt
16,100,8700,intra,left,28,[16],[89; 99],0,0,500,375,8700,8760.0,9780.0,9840.0,1020.0,0.0,16,99,3383.0,12083.0,pt
56,112,4020,intra,left,29,[56],[90; 110],0,0,1000,751,4020,4080.0,4960.0,5020.0,880.0,0.0,56,90,3759.0,7779.0,pt
75,29,14010,intra,left,30,[74; 86],[29],500,375,0,0,14385,14445.0,15760.0,15820.0,1315.0,1.0,74,29,3383.0,17393.0,pt
36,91,5520,intra,left,31,[25; 35],[91],500,375,0,0,5895,5955.0,7460.0,7520.0,1505.0,0.0,25,91,3759.0,9279.0,pt
1,102,6210,intra,left,32,[24],[91],1500,1127,500,375,7337,7397.0,8660.0,8720.0,1263.0,0.0,24,91,6015.0,12225.0,pt
118,33,9900,intra,left,33,[118],[35; 54],0,0,1000,751,9900,9960.0,10770.0,10830.0,810.0,0.0,118,54,3007.0,12907.0,pt
16,57,13830,intra,left,34,[16],[57],0,0,0,0,13830,13890.0,15300.0,15360.0,1410.0,2.0,16,57,2255.0,16085.0,pt
112,94,13560,intra,left,35,[90; 110],[85],1000,751,1500,1127,14311,14371.0,15260.0,15320.0,889.0,0.0,90,85,3007.0,16567.0,pt
79,11,4260,intra,left,36,[80; 90],[24],500,375,1500,1127,4635,4695.0,6260.0,6320.0,1565.0,0.0,80,24,4887.0,9147.0,pt
41,66,6660,intra,left,37,[41],[117; 119],0,0,500,375,6660,6720.0,7710.0,7770.0,990.0,2.0,41,119,2631.0,9291.0,pt
48,105,11820,intra,left,38,[116; 117],[85],500,375,2000,1503,12195,12255.0,13460.0,13520.0,1205.0,2.0,116,85,3759.0,15579.0,pt
117,10,10890,intra,left,39,[117],[30],0,0,2000,1503,10890,10950.0,12260.0,12320.0,1310.0,2.0,117,30,4135.0,15025.0,pt
22,29,10410,intra,left,40,[24],[29],1000,751,0,0,11161,11221.0,12160.0,12220.0,939.0,0.0,24,29,2631.0,13041.0,pt
62,1,13380,intra,left,41,[54],[24],500,375,1500,1127,13755,13815.0,14660.0,14720.0,845.0,2.0,54,24,2631.0,16011.0,pt
24,102,12480,intra,left,42,[24],[91],0,0,500,375,12480,12540.0,14060.0,14120.0,1520.0,0.0,24,91,4887.0,17367.0,pt
81,7,3600,intra,left,43,[80],[5; 29],500,375,1000,751,3975,4035.0,5160.0,5220.0,1125.0,0.0,80,29,3383.0,6983.0,pt
111,58,12330,intra,left,44,[110],[58],500,375,0,0,12705,12765.0,14100.0,14160.0,1335.0,2.0,110,58,2255.0,14585.0,pt
16,87,5430,intra,left,45,[16],[87],0,0,0,0,5430,5490.0,7260.0,7320.0,1770.0,2.0,16,87,3007.0,8437.0,pt
36,98,12480,intra,left,46,[25; 35],[87; 99],500,375,500,375,12855,12915.0,13660.0,13720.0,745.0,1.0,35,87,2631.0,15111.0,pt
43,56,6990,intra,left,47,[41; 61],[56],1000,751,0,0,7741,7801.0,8790.0,8850.0,989.0,0.0,61,56,3759.0,10749.0,pt
18,84,9660,intra,left,48,[29],[85],500,375,500,375,10035,10095.0,11660.0,11720.0,1565.0,0.0,29,85,4887.0,14547.0,pt
33,86,7230,intra,left,49,[35; 54],[86],1000,751,0,0,7981,8041.0,8760.0,8820.0,719.0,1.0,35,86,3007.0,10237.0,pt
85,49,11490,intra,left,50,[85],[116; 118],0,0,500,375,11490,11550.0,12510.0,12570.0,960.0,2.0,85,116,3007.0,14497.0,pt
82,99,11580,intra,left,51,[61; 80],[99],1000,751,0,0,12331,12391.0,13380.0,13440.0,989.0,2.0,80,99,2631.0,14211.0,pt
67,97,12150,intra,left,52,[118; 119],[86],500,375,500,375,12525,12585.0,13560.0,13620.0,975.0,2.0,118,86,2255.0,14405.0,pt
58,34,7860,intra,left,53,[58],[35],0,0,500,375,7860,7920.0,9160.0,9220.0,1240.0,2.0,58,35,3007.0,10867.0,pt
11,70,13650,intra,left,54,[24],[60; 69],1500,1127,500,375,14777,14837.0,16260.0,16320.0,1423.0,0.0,24,69,5263.0,18913.0,pt
29,97,10380,intra,left,55,[29],[86],0,0,500,375,10380,10440.0,11760.0,11820.0,1320.0,1.0,29,86,4135.0,14515.0,pt
52,25,7350,intra,left,56,[51; 60],[25],500,375,0,0,7725,7785.0,8560.0,8620.0,775.0,0.0,51,25,3007.0,10357.0,pt
70,111,6810,intra,left,57,[60; 69],[110],500,375,500,375,7185,7245.0,8070.0,8130.0,825.0,2.0,69,110,2631.0,9441.0,pt
28,85,4650,intra,left,58,[28],[85],0,0,0,0,4650,4710.0,6260.0,6320.0,1550.0,0.0,28,85,3759.0,8409.0,pt
86,10,7350,intra,left,59,[86],[30],0,0,2000,1503,7350,7410.0,8660.0,8720.0,1250.0,0.0,86,30,5639.0,12989.0,pt
21,123,8220,inter,left,60,[30],[145],1500,1127,1000,751,9347,9407.0,13460.0,13520.0,4053.0,8.0,30,145,,,pt
25,184,6150,inter,left,61,[25],[176; 185],0,0,500,375,6150,6210.0,9480.0,9540.0,3270.0,6.0,25,176,,,pt
30,213,6060,inter,left,62,[30],[212],0,0,500,375,6060,6120.0,9860.0,9920.0,3740.0,8.0,30,212,,,pt
40,214,12780,inter,left,63,[29; 41],[212],500,375,1000,751,13155,13215.0,17060.0,17120.0,3845.0,8.0,29,212,,,pt
40,170,13200,inter,left,64,[29; 41],[237; 239],500,375,500,375,13575,13635.0,18210.0,18270.0,4575.0,6.0,29,239,,,pt
55,197,9660,inter,left,65,[55],[198; 208],0,0,500,375,9660,9720.0,13200.0,13260.0,3480.0,4.0,55,198,,,pt
46,130,7500,inter,left,66,[46],[151],0,0,1500,1127,7500,7560.0,11660.0,11720.0,4100.0,8.0,46,151,,,pt
41,171,5370,inter,left,67,[41],[172; 179],0,0,500,375,5370,5430.0,9300.0,9360.0,3870.0,6.0,41,179,,,pt
23,157,5970,inter,left,68,[24],[146; 156],500,375,500,375,6345,6405.0,11560.0,11620.0,5155.0,8.0,24,156,,,pt
7,156,10830,inter,left,69,[5; 29],[156],1000,751,0,0,11581,11641.0,15160.0,15220.0,3519.0,6.0,5,156,,,pt
16,169,4830,inter,left,70,[16],[237; 238],0,0,500,375,4830,4890.0,9210.0,9270.0,4320.0,4.0,16,238,,,pt
111,141,4080,inter,left,71,[110],[151],500,375,1000,751,4455,4515.0,8060.0,8120.0,3545.0,6.0,110,151,,,pt
67,124,4410,inter,left,72,[118; 119],[126; 146],500,375,1000,751,4785,4845.0,8070.0,8130.0,3225.0,4.0,119,126,,,pt
6,205,4950,inter,left,73,[5],[206],500,375,500,375,5325,5385.0,9860.0,9920.0,4475.0,6.0,5,206,,,pt
94,129,5790,inter,left,74,[85],[151],1500,1127,1000,751,6917,6977.0,11660.0,11720.0,4683.0,8.0,85,151,,,pt
78,201,13590,inter,left,75,[77; 89],[201],500,375,0,0,13965,14025.0,16960.0,17020.0,2935.0,6.0,77,201,,,pt
14,189,6120,inter,left,76,[25],[179; 190],500,375,500,375,6495,6555.0,11100.0,11160.0,4545.0,6.0,25,179,,,pt
75,201,7050,inter,left,77,[74; 86],[201],500,375,0,0,7425,7485.0,11560.0,11620.0,4075.0,8.0,74,201,,,pt
91,180,12060,inter,left,78,[91],[180],0,0,0,0,12060,12120.0,16590.0,16650.0,4470.0,6.0,91,180,,,pt
40,143,3750,inter,left,79,[29; 41],[145],500,375,1000,751,4125,4185.0,8060.0,8120.0,3875.0,8.0,29,145,,,pt
26,144,14100,inter,left,80,[26],[145],0,0,500,375,14100,14160.0,18860.0,18920.0,4700.0,8.0,26,145,,,pt
29,227,7620,inter,left,81,[29],[206],0,0,1500,1127,7620,7680.0,11660.0,11720.0,3980.0,8.0,29,206,,,pt
46,235,7140,inter,left,82,[46],[212],0,0,1500,1127,7140,7200.0,11660.0,11720.0,4460.0,8.0,46,212,,,pt
54,143,7110,inter,left,83,[54],[145],0,0,1000,751,7110,7170.0,11660.0,11720.0,4490.0,6.0,54,145,,,pt
108,221,9570,inter,left,84,[86; 110],[210; 220],1000,751,500,375,10321,10381.0,15180.0,15240.0,4799.0,6.0,86,220,,,pt
12,170,12960,inter,left,85,[24],[237; 239],1000,751,500,375,13711,13771.0,18210.0,18270.0,4439.0,6.0,24,239,,,pt
104,191,9090,inter,left,86,[91],[181; 190],1500,1127,500,375,10217,10277.0,14880.0,14940.0,4603.0,6.0,91,181,,,pt
100,190,7530,inter,left,87,[89; 99],[190],500,375,0,0,7905,7965.0,11460.0,11520.0,3495.0,8.0,89,190,,,pt
63,175,10320,inter,left,88,[55; 64],[175],500,375,0,0,10695,10755.0,14970.0,15030.0,4215.0,4.0,55,175,,,pt
92,156,7920,inter,left,89,[91],[156],500,375,0,0,8295,8355.0,13360.0,13420.0,5005.0,8.0,91,156,,,pt
12,211,9540,inter,left,90,[24],[211],1000,751,0,0,10291,10351.0,15360.0,15420.0,5009.0,8.0,24,211,,,pt
78,144,8160,inter,left,91,[77; 89],[145],500,375,500,375,8535,8595.0,11660.0,11720.0,3065.0,6.0,77,145,,,pt
25,172,8280,inter,left,92,[25],[172],0,0,0,0,8280,8340.0,13260.0,13320.0,4920.0,8.0,25,172,,,pt
49,184,9540,inter,left,93,[116; 118],[176; 185],500,375,500,375,9915,9975.0,13080.0,13140.0,3105.0,4.0,116,176,,,pt
100,161,9990,inter,left,94,[89; 99],[150; 162],500,375,500,375,10365,10425.0,15160.0,15220.0,4735.0,8.0,89,162,,,pt
83,212,12330,inter,left,95,[85],[212],1000,751,0,0,13081,13141.0,17060.0,17120.0,3919.0,8.0,85,212,,,pt
7,172,7860,inter,left,96,[5; 29],[172],1000,751,0,0,8611,8671.0,13260.0,13320.0,4589.0,6.0,5,172,,,pt
29,202,8730,inter,left,97,[29],[201],0,0,500,375,8730,8790.0,13360.0,13420.0,4570.0,8.0,29,201,,,pt
113,137,3630,inter,left,98,[91],[137],1000,751,0,0,4381,4441.0,7980.0,8040.0,3539.0,6.0,91,137,,,pt
15,235,5970,inter,left,99,[16; 26],[212],500,375,1500,1127,6345,6405.0,9860.0,9920.0,3455.0,6.0,16,212,,,pt
48,194,10800,inter,left,100,[116; 117],[195],500,375,500,375,11175,11235.0,15160.0,15220.0,3925.0,6.0,116,195,,,pt
104,159,9780,inter,left,101,[91],[159],1500,1127,0,0,10907,10967.0,15000.0,15060.0,4033.0,6.0,91,159,,,pt
70,158,12060,inter,left,102,[60; 69],[147; 159],500,375,500,375,12435,12495.0,16800.0,16860.0,4305.0,4.0,60,159,,,pt
30,215,3930,inter,left,103,[30],[206],0,0,1500,1127,3930,3990.0,8060.0,8120.0,4070.0,8.0,30,206,,,pt
7,156,13800,inter,left,104,[5; 29],[156],1000,751,0,0,14551,14611.0,18760.0,18820.0,4149.0,6.0,5,156,,,pt
82,164,3960,inter,left,105,[61; 80],[162; 182],1000,751,1000,751,4711,4771.0,9570.0,9630.0,4799.0,4.0,61,182,,,pt
32,129,6150,inter,left,106,[30],[151],1000,751,1000,751,6901,6961.0,11660.0,11720.0,4699.0,8.0,30,151,,,pt
104,166,9780,inter,left,107,[91],[167; 176],1500,1127,500,375,10907,10967.0,14880.0,14940.0,3913.0,6.0,91,176,,,pt
42,173,10860,inter,left,108,[41],[172; 181],500,375,500,375,11235,11295.0,14880.0,14940.0,3585.0,6.0,41,181,,,pt
14,234,10920,inter,left,109,[25],[212],500,375,1000,751,11295,11355.0,15260.0,15320.0,3905.0,8.0,25,212,,,pt
101,179,4170,inter,left,110,[90],[179],500,375,0,0,4545,4605.0,9300.0,9360.0,4695.0,6.0,90,179,,,pt
88,137,10860,inter,left,111,[88],[137],0,0,0,0,10860,10920.0,15180.0,15240.0,4260.0,4.0,88,137,,,pt
34,181,7140,inter,left,112,[35],[181],500,375,0,0,7515,7575.0,11280.0,11340.0,3705.0,6.0,35,181,,,pt
12,189,5430,inter,left,113,[24],[179; 190],1000,751,500,375,6181,6241.0,9300.0,9360.0,3059.0,6.0,24,179,,,pt
94,175,6180,inter,left,114,[85],[175],1500,1127,0,0,7307,7367.0,11370.0,11430.0,4003.0,6.0,85,175,,,pt
9,225,9690,inter,left,115,[30],[212],1500,1127,1500,1127,10817,10877.0,15260.0,15320.0,4383.0,8.0,30,212,,,pt
20,131,9810,inter,left,116,[30],[151],1000,751,2000,1503,10561,10621.0,15260.0,15320.0,4639.0,8.0,30,151,,,pt
51,141,12630,inter,left,117,[51],[151],0,0,1000,751,12630,12690.0,17060.0,17120.0,4370.0,8.0,51,151,,,pt
35,175,11460,inter,left,118,[35],[175],0,0,0,0,11460,11520.0,14970.0,15030.0,3450.0,6.0,35,175,,,pt
62,234,9690,inter,left,119,[54],[212],500,375,1000,751,10065,10125.0,15260.0,15320.0,5135.0,6.0,54,212,,,pt
25,128,13020,inter,left,120,[25],[126; 150],0,0,1000,751,13020,13080.0,17070.0,17130.0,3990.0,6.0,25,126,,,pt
110,151,4650,inter,left,121,[110],[151],0,0,0,0,4650,4710.0,8060.0,8120.0,3350.0,6.0,110,151,,,pt
101,174,5880,inter,left,122,[90],[182],500,375,500,375,6255,6315.0,9570.0,9630.0,3255.0,6.0,90,182,,,pt
68,130,12600,inter,left,123,[58; 69],[151],500,375,1500,1127,12975,13035.0,17060.0,17120.0,4025.0,6.0,58,151,,,pt
12,224,5580,inter,left,124,[24],[212],1000,751,1000,751,6331,6391.0,11660.0,11720.0,5269.0,8.0,24,212,,,pt
82,171,7350,inter,left,125,[61; 80],[172; 179],1000,751,500,375,8101,8161.0,12900.0,12960.0,4739.0,4.0,61,179,,,pt
86,221,9000,inter,left,126,[86],[210; 220],0,0,500,375,9000,9060.0,13380.0,13440.0,4320.0,6.0,86,220,,,pt
84,202,5070,inter,left,127,[85],[201],500,375,500,375,5445,5505.0,9760.0,9820.0,4255.0,8.0,85,201,,,pt
1,195,12060,inter,left,128,[24],[195],1500,1127,0,0,13187,13247.0,16960.0,17020.0,3713.0,8.0,24,195,,,pt
97,229,8070,inter,left,129,[86],[207; 231],500,375,1000,751,8445,8505.0,13470.0,13530.0,4965.0,6.0,86,231,,,pt
103,169,8760,inter,left,130,[91],[237; 238],1000,751,500,375,9511,9571.0,12810.0,12870.0,3239.0,6.0,91,238,,,pt
12,189,5670,inter,left,131,[24],[179; 190],1000,751,500,375,6421,6481.0,11100.0,11160.0,4619.0,6.0,24,179,,,pt
84,192,7170,inter,left,132,[85],[182],500,375,500,375,7545,7605.0,11370.0,11430.0,3765.0,6.0,85,182,,,pt
113,149,10200,inter,left,133,[91],[149],1000,751,0,0,10951,11011.0,15460.0,15520.0,4449.0,8.0,91,149,,,pt
13,130,9480,inter,left,134,[24],[151],500,375,1500,1127,9855,9915.0,15260.0,15320.0,5345.0,8.0,24,151,,,pt
49,163,6630,inter,left,135,[116; 118],[162],500,375,500,375,7005,7065.0,11560.0,11620.0,4495.0,6.0,116,162,,,pt
63,133,14250,inter,left,136,[55; 64],[145],500,375,1000,751,14625,14685.0,18860.0,18920.0,4175.0,6.0,55,145,,,pt
112,165,6360,inter,left,137,[90; 110],[175],1000,751,500,375,7111,7171.0,11370.0,11430.0,4199.0,6.0,90,175,,,pt
83,210,14280,inter,left,138,[85],[210],1000,751,0,0,15031,15091.0,19060.0,19120.0,3969.0,8.0,85,210,,,pt
115,152,10830,inter,left,139,[91],[151],2000,1503,500,375,12333,12393.0,17060.0,17120.0,4667.0,8.0,91,151,,,pt
101,212,4650,inter,left,140,[90],[212],500,375,0,0,5025,5085.0,9860.0,9920.0,4775.0,8.0,90,212,,,pt
29,198,13650,inter,left,141,[29],[198],0,0,0,0,13650,13710.0,18600.0,18660.0,4890.0,6.0,29,198,,,pt
23,130,6090,inter,left,142,[24],[151],500,375,1500,1127,6465,6525.0,11660.0,11720.0,5135.0,8.0,24,151,,,pt
65,222,12210,inter,left,143,[57; 64],[211],500,375,500,375,12585,12645.0,17160.0,17220.0,4515.0,6.0,57,211,,,pt
51,207,8130,inter,left,144,[51],[207],0,0,0,0,8130,8190.0,13560.0,13620.0,5370.0,8.0,51,207,,,pt
64,145,10650,inter,left,145,[64],[145],0,0,0,0,10650,10710.0,15260.0,15320.0,4550.0,8.0,64,145,,,pt
110,133,13350,inter,left,146,[110],[145],0,0,1000,751,13350,13410.0,17060.0,17120.0,3650.0,6.0,110,145,,,pt
45,213,8310,inter,left,147,[46; 55],[212],500,375,500,375,8685,8745.0,13460.0,13520.0,4715.0,8.0,46,212,,,pt
71,196,10710,inter,left,148,[61],[195; 207],500,375,500,375,11085,11145.0,15160.0,15220.0,4015.0,6.0,61,195,,,pt
80,130,7380,inter,left,149,[80],[151],0,0,1500,1127,7380,7440.0,11660.0,11720.0,4220.0,8.0,80,151,,,pt
81,149,5880,inter,left,150,[80],[149],500,375,0,0,6255,6315.0,11860.0,11920.0,5545.0,8.0,80,149,,,pt
80,140,12870,inter,left,151,[80],[151],0,0,500,375,12870,12930.0,17060.0,17120.0,4130.0,8.0,80,151,,,pt
15,191,13410,inter,left,152,[16; 26],[181; 190],500,375,500,375,13785,13845.0,16680.0,16740.0,2835.0,4.0,16,181,,,pt
83,162,9660,inter,left,153,[85],[162],1000,751,0,0,10411,10471.0,15160.0,15220.0,4689.0,8.0,85,162,,,pt
14,226,12990,inter,left,154,[25],[206],500,375,2000,1503,13365,13425.0,17060.0,17120.0,3635.0,8.0,25,206,,,pt
89,157,8610,inter,left,155,[89],[146; 156],0,0,500,375,8610,8670.0,13360.0,13420.0,4690.0,8.0,89,156,,,pt
28,202,12150,inter,left,156,[28],[201],0,0,500,375,12150,12210.0,16960.0,17020.0,4750.0,8.0,28,201,,,pt
5,161,10320,inter,left,157,[5],[150; 162],0,0,500,375,10320,10380.0,15160.0,15220.0,4780.0,6.0,5,162,,,pt
23,166,8730,inter,left,158,[24],[167; 176],500,375,500,375,9105,9165.0,13080.0,13140.0,3915.0,6.0,24,176,,,pt
75,122,14160,inter,left,159,[74; 86],[145],500,375,1500,1127,14535,14595.0,18860.0,18920.0,4265.0,8.0,74,145,,,pt
15,150,6930,inter,left,160,[16; 26],[150],500,375,0,0,7305,7365.0,11760.0,11820.0,4395.0,6.0,16,150,,,pt
84,216,10740,inter,left,161,[85],[206],500,375,1000,751,11115,11175.0,15260.0,15320.0,4085.0,8.0,85,206,,,pt
34,210,6360,inter,left,162,[35],[210],500,375,0,0,6735,6795.0,11860.0,11920.0,5065.0,8.0,35,210,,,pt
83,215,8130,inter,left,163,[85],[206],1000,751,1500,1127,8881,8941.0,13460.0,13520.0,4519.0,8.0,85,206,,,pt
18,235,12360,inter,left,164,[29],[212],500,375,1500,1127,12735,12795.0,17060.0,17120.0,4265.0,8.0,29,212,,,pt
75,124,9300,inter,left,165,[74; 86],[126; 146],500,375,1000,751,9675,9735.0,13470.0,13530.0,3735.0,6.0,74,126,,,pt
28,122,6390,inter,left,166,[28],[145],0,0,1500,1127,6390,6450.0,9860.0,9920.0,3410.0,8.0,28,145,,,pt
81,194,8970,inter,left,167,[80],[195],500,375,500,375,9345,9405.0,13360.0,13420.0,3955.0,8.0,80,195,,,pt
75,196,12150,inter,left,168,[74; 86],[195; 207],500,375,500,375,12525,12585.0,16960.0,17020.0,4375.0,8.0,74,195,,,pt
28,226,10050,inter,left,169,[28],[206],0,0,2000,1503,10050,10110.0,15260.0,15320.0,5150.0,8.0,28,206,,,pt
93,153,4590,inter,left,170,[91],[151],1000,751,1000,751,5341,5401.0,9860.0,9920.0,4459.0,8.0,91,151,,,pt
82,196,12540,inter,left,171,[61; 80],[195; 207],1000,751,500,375,13291,13351.0,16960.0,17020.0,3609.0,6.0,61,195,,,pt
22,235,4380,inter,left,172,[24],[212],1000,751,1500,1127,5131,5191.0,9860.0,9920.0,4669.0,8.0,24,212,,,pt
82,211,6450,inter,left,173,[61; 80],[211],1000,751,0,0,7201,7261.0,11760.0,11820.0,4499.0,6.0,61,211,,,pt
67,141,5310,inter,left,174,[118; 119],[151],500,375,1000,751,5685,5745.0,9860.0,9920.0,4115.0,6.0,118,151,,,pt
43,182,10560,inter,left,175,[41; 61],[182],1000,751,0,0,11311,11371.0,14970.0,15030.0,3599.0,6.0,41,182,,,pt
15,182,12510,inter,left,176,[16; 26],[182],500,375,0,0,12885,12945.0,16770.0,16830.0,3825.0,4.0,16,182,,,pt
92,222,8250,inter,left,177,[91],[211],500,375,500,375,8625,8685.0,13560.0,13620.0,4875.0,8.0,91,211,,,pt
99,127,7170,inter,left,178,[99],[126],0,0,500,375,7170,7230.0,11670.0,11730.0,4440.0,4.0,99,126,,,pt
88,189,8580,inter,left,179,[88],[179; 190],0,0,500,375,8580,8640.0,12900.0,12960.0,4260.0,4.0,88,179,,,pt
74,132,12660,inter,left,180,[74],[145],0,0,1500,1127,12660,12720.0,17060.0,17120.0,4340.0,8.0,74,145,,,pt
105,125,10530,inter,left,181,[85],[126],2000,1503,500,375,12033,12093.0,17070.0,17130.0,4977.0,6.0,85,126,,,pt
63,235,8010,inter,left,182,[55; 64],[212],500,375,1500,1127,8385,8445.0,13460.0,13520.0,5015.0,6.0,55,212,,,pt
38,205,9150,inter,left,183,[38],[206],0,0,500,375,9150,9210.0,13460.0,13520.0,4250.0,6.0,38,206,,,pt
21,191,5490,inter,left,184,[30],[181; 190],1500,1127,500,375,6617,6677.0,11280.0,11340.0,4603.0,6.0,30,181,,,pt
67,131,12840,inter,left,185,[118; 119],[151],500,375,2000,1503,13215,13275.0,17060.0,17120.0,3785.0,6.0,118,151,,,pt
70,124,7170,inter,left,186,[60; 69],[126; 146],500,375,1000,751,7545,7605.0,11670.0,11730.0,4065.0,4.0,60,126,,,pt
79,173,8850,inter,left,187,[80; 90],[172; 181],500,375,500,375,9225,9285.0,13080.0,13140.0,3795.0,6.0,80,181,,,pt
95,201,4380,inter,left,188,[85],[201],1000,751,0,0,5131,5191.0,9760.0,9820.0,4569.0,8.0,85,201,,,pt
56,213,12300,inter,left,189,[56],[212],0,0,500,375,12300,12360.0,17060.0,17120.0,4700.0,6.0,56,212,,,pt
76,148,6900,inter,left,190,[77; 87],[148],500,375,0,0,7275,7335.0,11490.0,11550.0,4155.0,4.0,77,148,,,pt
15,134,11460,inter,left,191,[16; 26],[145],500,375,500,375,11835,11895.0,15260.0,15320.0,3365.0,6.0,16,145,,,pt
59,236,11100,inter,left,192,[59],[212],0,0,2000,1503,11100,11160.0,15260.0,15320.0,4100.0,6.0,59,212,,,pt
73,133,7650,inter,left,193,[74],[145],500,375,1000,751,8025,8085.0,13460.0,13520.0,5375.0,8.0,74,145,,,pt
15,162,5610,inter,left,194,[16; 26],[162],500,375,0,0,5985,6045.0,9760.0,9820.0,3715.0,6.0,16,162,,,pt
105,200,5040,inter,left,195,[85],[201; 211],2000,1503,500,375,6543,6603.0,11560.0,11620.0,4957.0,8.0,85,201,,,pt
12,121,7290,inter,left,196,[24],[145],1000,751,2000,1503,8041,8101.0,13460.0,13520.0,5359.0,8.0,24,145,,,pt
106,217,14310,inter,left,197,[85],[206],1500,1127,500,375,15437,15497.0,20660.0,20720.0,5163.0,8.0,85,206,,,pt
38,187,13770,inter,left,198,[38],[238; 240],0,0,500,375,13770,13830.0,16410.0,16470.0,2580.0,4.0,38,238,,,pt
95,179,12660,inter,left,199,[85],[179],1000,751,0,0,13411,13471.0,18300.0,18360.0,4829.0,6.0,85,179,,,pt
133,230,9000,intra,right,200,[145],[231],1000,751,500,375,9751,9811.0,11070.0,11130.0,1259.0,2.0,145,231,4511.0,13511.0,pt
219,172,12990,intra,right,201,[208; 220],[172],500,375,0,0,13365,13425.0,14460.0,14520.0,1035.0,0.0,208,172,3383.0,16373.0,pt
179,227,8430,intra,right,202,[179],[206],0,0,1500,1127,8430,8490.0,9860.0,9920.0,1370.0,2.0,179,206,4135.0,12565.0,pt
207,234,8310,intra,right,203,[207],[212],0,0,1000,751,8310,8370.0,9260.0,9320.0,890.0,0.0,207,212,2631.0,10941.0,pt
191,138,4680,intra,right,204,[181; 190],[137; 149],500,375,500,375,5055,5115.0,5860.0,5920.0,745.0,2.0,181,149,3007.0,7687.0,pt
122,139,11640,intra,right,205,[145],[150],1500,1127,500,375,12767,12827.0,13360.0,13420.0,533.0,0.0,145,150,2631.0,14271.0,pt
226,171,14370,intra,right,206,[206],[172; 179],2000,1503,500,375,15873,15933.0,17460.0,17520.0,1527.0,0.0,206,172,4887.0,19257.0,pt
127,228,8790,intra,right,207,[126],[206],500,375,1000,751,9165,9225.0,11060.0,11120.0,1835.0,2.0,126,206,5263.0,14053.0,pt
163,169,7740,intra,right,208,[162],[237; 238],500,375,500,375,8115,8175.0,9330.0,9390.0,1155.0,2.0,162,237,2255.0,9995.0,pt
195,133,5520,intra,right,209,[195],[145],0,0,1000,751,5520,5580.0,6260.0,6320.0,680.0,1.0,195,145,2631.0,8151.0,pt
142,209,13050,intra,right,210,[151],[209],1500,1127,0,0,14177,14237.0,15560.0,15620.0,1323.0,0.0,151,209,4511.0,17561.0,pt
169,191,10050,intra,right,211,[237; 238],[181; 190],500,375,500,375,10425,10485.0,11280.0,11340.0,795.0,2.0,237,181,2631.0,12681.0,pt
154,138,4860,intra,right,212,[156; 175],[137; 149],1000,751,500,375,5611,5671.0,6660.0,6720.0,989.0,0.0,156,149,3007.0,7867.0,pt
238,133,10140,intra,right,213,[238],[145],0,0,1000,751,10140,10200.0,11060.0,11120.0,860.0,2.0,238,145,2631.0,12771.0,pt
130,237,7740,intra,right,214,[151],[237],1500,1127,0,0,8867,8927.0,9930.0,9990.0,1003.0,2.0,151,237,3007.0,10747.0,pt
190,154,7050,intra,right,215,[190],[156; 175],0,0,1000,751,7050,7110.0,8560.0,8620.0,1450.0,1.0,190,156,4135.0,11185.0,pt
235,188,13050,intra,right,216,[212],[239; 240],1500,1127,500,375,14177,14237.0,15330.0,15390.0,1093.0,2.0,212,240,2631.0,15681.0,pt
233,193,12810,intra,right,217,[211; 231],[175; 195],1000,751,1000,751,13561,13621.0,14760.0,14820.0,1139.0,0.0,211,195,3759.0,16569.0,pt
135,231,5580,intra,right,218,[146],[231],500,375,0,0,5955,6015.0,7470.0,7530.0,1455.0,2.0,146,231,4135.0,9715.0,pt
169,226,10560,intra,right,219,[237; 238],[206],500,375,2000,1503,10935,10995.0,11660.0,11720.0,665.0,2.0,238,206,3759.0,14319.0,pt
171,123,11400,intra,right,220,[172; 179],[145],500,375,1000,751,11775,11835.0,12860.0,12920.0,1025.0,0.0,172,145,3383.0,14783.0,pt
126,192,6420,intra,right,221,[126],[182],0,0,500,375,6420,6480.0,7770.0,7830.0,1290.0,2.0,126,182,4135.0,10555.0,pt
231,239,4680,intra,right,222,[231],[239],0,0,0,0,4680,4740.0,5610.0,5670.0,870.0,2.0,231,239,2255.0,6935.0,pt
153,167,13410,intra,right,223,[151],[167],1000,751,0,0,14161,14221.0,15460.0,15520.0,1239.0,0.0,151,167,3759.0,17169.0,pt
203,137,12240,intra,right,224,[182; 201],[137],1000,751,0,0,12991,13051.0,14580.0,14640.0,1529.0,2.0,182,137,4135.0,16375.0,pt
192,184,10230,intra,right,225,[182],[176; 185],500,375,500,375,10605,10665.0,11880.0,11940.0,1215.0,0.0,182,176,3383.0,13613.0,pt
130,233,4290,intra,right,226,[151],[211; 231],1500,1127,1000,751,5417,5477.0,6360.0,6420.0,883.0,0.0,151,211,4511.0,8801.0,pt
205,134,8130,intra,right,227,[206],[145],500,375,500,375,8505,8565.0,9260.0,9320.0,695.0,1.0,206,145,3007.0,11137.0,pt
164,154,10830,intra,right,228,[162; 182],[156; 175],1000,751,1000,751,11581,11641.0,12570.0,12630.0,929.0,0.0,182,175,3759.0,14589.0,pt
179,141,6180,intra,right,229,[179],[151],0,0,1000,751,6180,6240.0,6860.0,6920.0,620.0,2.0,179,151,2255.0,8435.0,pt
177,128,11790,intra,right,230,[177],[126; 150],0,0,1000,751,11790,11850.0,12760.0,12820.0,910.0,0.0,177,150,3759.0,15549.0,pt
220,176,8670,intra,right,231,[220],[176],0,0,0,0,8670,8730.0,10080.0,10140.0,1350.0,2.0,220,176,3007.0,11677.0,pt
167,203,5700,intra,right,232,[167],[182; 201],0,0,1000,751,5700,5760.0,6960.0,7020.0,1200.0,1.0,167,201,4135.0,9835.0,pt
165,141,12330,intra,right,233,[175],[151],500,375,1000,751,12705,12765.0,14060.0,14120.0,1295.0,2.0,175,151,4511.0,16841.0,pt
195,132,4290,intra,right,234,[195],[145],0,0,1500,1127,4290,4350.0,5060.0,5120.0,710.0,1.0,195,145,3007.0,7297.0,pt
166,180,11580,intra,right,235,[167; 176],[180],500,375,0,0,11955,12015.0,12990.0,13050.0,975.0,0.0,176,180,3007.0,14587.0,pt
142,180,12090,intra,right,236,[151],[180],1500,1127,0,0,13217,13277.0,13760.0,13820.0,483.0,0.0,151,180,2255.0,14345.0,pt
237,221,3780,intra,right,237,[237],[210; 220],0,0,500,375,3780,3840.0,4380.0,4440.0,540.0,0.0,237,220,2255.0,6035.0,pt
152,213,11850,intra,right,238,[151],[212],500,375,500,375,12225,12285.0,13460.0,13520.0,1175.0,0.0,151,212,2255.0,14105.0,pt
156,210,13410,intra,right,239,[156],[210],0,0,0,0,13410,13470.0,14460.0,14520.0,990.0,1.0,156,210,3383.0,16793.0,pt
139,169,13140,intra,right,240,[150],[237; 238],500,375,500,375,13515,13575.0,14730.0,14790.0,1155.0,2.0,150,237,2255.0,15395.0,pt
129,214,8310,intra,right,241,[151],[212],1000,751,1000,751,9061,9121.0,9860.0,9920.0,739.0,0.0,151,212,3759.0,12069.0,pt
201,177,4230,intra,right,242,[201],[177],0,0,0,0,4230,4290.0,5360.0,5420.0,1070.0,0.0,201,177,3007.0,7237.0,pt
235,184,4620,intra,right,243,[212],[176; 185],1500,1127,500,375,5747,5807.0,7060.0,7120.0,1253.0,0.0,212,185,4511.0,9131.0,pt
181,207,4200,intra,right,244,[181],[207],0,0,0,0,4200,4260.0,5560.0,5620.0,1300.0,2.0,181,207,3383.0,7583.0,pt
175,220,9120,intra,right,245,[175],[220],0,0,0,0,9120,9180.0,10380.0,10440.0,1200.0,2.0,175,220,3383.0,12503.0,pt
181,185,11220,intra,right,246,[181],[185],0,0,0,0,11220,11280.0,12660.0,12720.0,1380.0,2.0,181,185,3007.0,14227.0,pt
210,174,6210,intra,right,247,[210],[182],0,0,500,375,6210,6270.0,7770.0,7830.0,1500.0,2.0,210,182,3007.0,9217.0,pt
158,210,6720,intra,right,248,[147; 159],[210],500,375,0,0,7095,7155.0,8460.0,8520.0,1305.0,1.0,147,210,2631.0,9351.0,pt
186,144,13770,intra,right,249,[178; 185],[145],500,375,500,375,14145,14205.0,14660.0,14720.0,455.0,1.0,185,145,2255.0,16025.0,pt
194,236,9420,intra,right,250,[195],[212],500,375,2000,1503,9795,9855.0,11060.0,11120.0,1205.0,0.0,195,212,4511.0,13931.0,pt
177,211,10770,intra,right,251,[177],[211],0,0,0,0,10770,10830.0,12160.0,12220.0,1330.0,0.0,177,211,3007.0,13777.0,pt
188,145,8940,intra,right,252,[239; 240],[145],500,375,0,0,9315,9375.0,10460.0,10520.0,1085.0,2.0,239,145,3007.0,11947.0,pt
124,200,13680,intra,right,253,[126; 146],[201; 211],1000,751,500,375,14431,14491.0,15760.0,15820.0,1269.0,0.0,146,201,4135.0,17815.0,pt
227,172,4830,intra,right,254,[206],[172],1500,1127,0,0,5957,6017.0,7260.0,7320.0,1243.0,0.0,206,172,4887.0,9717.0,pt
205,125,6960,intra,right,255,[206],[126],500,375,500,375,7335,7395.0,8670.0,8730.0,1275.0,2.0,206,126,4135.0,11095.0,pt
220,146,14310,intra,right,256,[220],[146],0,0,0,0,14310,14370.0,15760.0,15820.0,1390.0,2.0,220,146,3383.0,17693.0,pt
154,206,9570,intra,right,257,[156; 175],[206],1000,751,0,0,10321,10381.0,11060.0,11120.0,679.0,1.0,156,206,2631.0,12201.0,pt
236,128,7500,intra,right,258,[212],[126; 150],2000,1503,1000,751,9003,9063.0,9960.0,10020.0,897.0,0.0,212,150,4887.0,12387.0,pt
188,140,7680,intra,right,259,[239; 240],[151],500,375,500,375,8055,8115.0,9260.0,9320.0,1145.0,2.0,239,151,2631.0,10311.0,pt
156,62,13740,inter,right,260,[156],[54],0,0,500,375,13740,13800.0,18570.0,18630.0,4770.0,6.0,156,54,,,pt
129,59,4020,inter,right,261,[151],[59],1000,751,0,0,4771,4831.0,9390.0,9450.0,4559.0,6.0,151,59,,,pt
121,51,7710,inter,right,262,[145],[51],2000,1503,0,0,9213,9273.0,13260.0,13320.0,3987.0,8.0,145,51,,,pt
163,13,8250,inter,right,263,[162],[24],500,375,500,375,8625,8685.0,13460.0,13520.0,4775.0,8.0,162,24,,,pt
125,103,9870,inter,right,264,[126],[91],500,375,1000,751,10245,10305.0,15260.0,15320.0,4955.0,6.0,126,91,,,pt
231,74,4710,inter,right,265,[231],[74],0,0,0,0,4710,4770.0,7960.0,8020.0,3190.0,6.0,231,74,,,pt
134,8,13860,inter,right,266,[145],[30],500,375,1000,751,14235,14295.0,18860.0,18920.0,4565.0,8.0,145,30,,,pt
150,23,10050,inter,right,267,[150],[24],0,0,500,375,10050,10110.0,15260.0,15320.0,5150.0,8.0,150,24,,,pt
203,109,14190,inter,right,268,[182; 201],[110],1000,751,500,375,14941,15001.0,18870.0,18930.0,3869.0,4.0,182,110,,,pt
168,38,8790,inter,right,269,[167; 178],[38],500,375,0,0,9165,9225.0,13200.0,13260.0,3975.0,6.0,167,38,,,pt
163,86,12120,inter,right,270,[162],[86],500,375,0,0,12495,12555.0,17160.0,17220.0,4605.0,8.0,162,86,,,pt
139,97,6600,inter,right,271,[150],[86],500,375,500,375,6975,7035.0,11760.0,11820.0,4725.0,8.0,150,86,,,pt
126,81,12090,inter,right,272,[126],[80],0,0,500,375,12090,12150.0,16960.0,17020.0,4810.0,6.0,126,80,,,pt
234,63,9540,inter,right,273,[212],[55; 64],1000,751,500,375,10291,10351.0,14880.0,14940.0,4529.0,6.0,212,55,,,pt
164,59,3840,inter,right,274,[162; 182],[59],1000,751,0,0,4591,4651.0,9390.0,9450.0,4739.0,6.0,162,59,,,pt
207,80,5430,inter,right,275,[207],[80],0,0,0,0,5430,5490.0,9760.0,9820.0,4270.0,8.0,207,80,,,pt
162,14,5820,inter,right,276,[162],[25],0,0,500,375,5820,5880.0,9960.0,10020.0,4080.0,8.0,162,25,,,pt
231,107,5580,inter,right,277,[231],[85],0,0,1000,751,5580,5640.0,9860.0,9920.0,4220.0,6.0,231,85,,,pt
130,38,8190,inter,right,278,[151],[38],1500,1127,0,0,9317,9377.0,13200.0,13260.0,3823.0,6.0,151,38,,,pt
218,96,6450,inter,right,279,[207],[85],500,375,500,375,6825,6885.0,11660.0,11720.0,4775.0,8.0,207,85,,,pt
211,63,9810,inter,right,280,[211],[55; 64],0,0,500,375,9810,9870.0,13080.0,13140.0,3210.0,6.0,211,55,,,pt
137,25,9120,inter,right,281,[137],[25],0,0,0,0,9120,9180.0,13560.0,13620.0,4380.0,6.0,137,25,,,pt
129,33,13020,inter,right,282,[151],[35; 54],1000,751,1000,751,13771,13831.0,18570.0,18630.0,4739.0,6.0,151,54,,,pt
159,52,6360,inter,right,283,[159],[51; 60],0,0,500,375,6360,6420.0,9480.0,9540.0,3060.0,4.0,159,60,,,pt
152,16,6420,inter,right,284,[151],[16],500,375,0,0,6795,6855.0,11580.0,11640.0,4725.0,6.0,151,16,,,pt
146,29,5010,inter,right,285,[146],[29],0,0,0,0,5010,5070.0,9960.0,10020.0,4890.0,8.0,146,29,,,pt
155,69,9990,inter,right,286,[156],[69],500,375,0,0,10365,10425.0,15060.0,15120.0,4635.0,8.0,156,69,,,pt
167,49,4560,inter,right,287,[167],[116; 118],0,0,500,375,4560,4620.0,9210.0,9270.0,4590.0,6.0,167,118,,,pt
222,22,9750,inter,right,288,[211],[24],500,375,1000,751,10125,10185.0,15260.0,15320.0,5075.0,8.0,211,24,,,pt
146,49,8070,inter,right,289,[146],[116; 118],0,0,500,375,8070,8130.0,11010.0,11070.0,2880.0,6.0,146,118,,,pt
127,66,14250,inter,right,290,[126],[117; 119],500,375,500,375,14625,14685.0,18210.0,18270.0,3525.0,4.0,126,117,,,pt
139,26,5640,inter,right,291,[150],[26],500,375,0,0,6015,6075.0,10060.0,10120.0,3985.0,8.0,150,26,,,pt
212,12,5670,inter,right,292,[212],[24],0,0,1000,751,5670,5730.0,9860.0,9920.0,4130.0,8.0,212,24,,,pt
195,39,5220,inter,right,293,[195],[28; 38],0,0,500,375,5220,5280.0,9600.0,9660.0,4320.0,6.0,195,38,,,pt
156,54,4110,inter,right,294,[156],[54],0,0,0,0,4110,4170.0,7770.0,7830.0,3600.0,6.0,156,54,,,pt
198,112,6210,inter,right,295,[198],[90; 110],0,0,1000,751,6210,6270.0,9870.0,9930.0,3600.0,4.0,198,110,,,pt
171,13,12030,inter,right,296,[172; 179],[24],500,375,500,375,12405,12465.0,17060.0,17120.0,4595.0,8.0,172,24,,,pt
148,110,8580,inter,right,297,[148],[110],0,0,0,0,8580,8640.0,13470.0,13530.0,4830.0,4.0,148,110,,,pt
181,95,12540,inter,right,298,[181],[85],0,0,1000,751,12540,12600.0,17060.0,17120.0,4460.0,6.0,181,85,,,pt
220,76,12180,inter,right,299,[220],[77; 87],0,0,500,375,12180,12240.0,16800.0,16860.0,4560.0,4.0,220,77,,,pt
165,17,4110,inter,right,300,[175],[16; 28],500,375,500,375,4485,4545.0,9780.0,9840.0,5235.0,4.0,175,16,,,pt
188,33,4740,inter,right,301,[239; 240],[35; 54],500,375,1000,751,5115,5175.0,9570.0,9630.0,4395.0,4.0,239,54,,,pt
214,24,4650,inter,right,302,[212],[24],1000,751,0,0,5401,5461.0,9860.0,9920.0,4399.0,8.0,212,24,,,pt
218,95,6150,inter,right,303,[207],[85],500,375,1000,751,6525,6585.0,11660.0,11720.0,5075.0,8.0,207,85,,,pt
171,93,6030,inter,right,304,[172; 179],[91],500,375,1000,751,6405,6465.0,9860.0,9920.0,3395.0,6.0,179,91,,,pt
139,103,10800,inter,right,305,[150],[91],500,375,1000,751,11175,11235.0,15260.0,15320.0,4025.0,8.0,150,91,,,pt
160,3,5580,inter,right,306,[149; 159],[5; 25],500,375,1000,751,5955,6015.0,9870.0,9930.0,3855.0,6.0,149,5,,,pt
162,103,4050,inter,right,307,[162],[91],0,0,1000,751,4050,4110.0,8060.0,8120.0,3950.0,8.0,162,91,,,pt
126,35,13410,inter,right,308,[126],[35],0,0,0,0,13410,13470.0,16960.0,17020.0,3490.0,6.0,126,35,,,pt
212,47,11760,inter,right,309,[212],[46; 57],0,0,500,375,11760,11820.0,16500.0,16560.0,4680.0,6.0,212,57,,,pt
187,69,4050,inter,right,310,[238; 240],[69],500,375,0,0,4425,4485.0,7860.0,7920.0,3375.0,6.0,238,69,,,pt
127,3,9360,inter,right,311,[126],[5; 25],500,375,1000,751,9735,9795.0,13470.0,13530.0,3675.0,4.0,126,5,,,pt
181,40,12810,inter,right,312,[181],[29; 41],0,0,500,375,12810,12870.0,16960.0,17020.0,4090.0,6.0,181,41,,,pt
194,70,9360,inter,right,313,[195],[60; 69],500,375,500,375,9735,9795.0,14880.0,14940.0,5085.0,6.0,195,60,,,pt
224,103,13260,inter,right,314,[212],[91],1000,751,1000,751,14011,14071.0,18860.0,18920.0,4789.0,8.0,212,91,,,pt
155,55,6990,inter,right,315,[156],[55],500,375,0,0,7365,7425.0,11280.0,11340.0,3855.0,6.0,156,55,,,pt
214,31,9540,inter,right,316,[212],[30],1000,751,500,375,10291,10351.0,15260.0,15320.0,4909.0,8.0,212,30,,,pt
168,42,9450,inter,right,317,[167; 178],[41],500,375,500,375,9825,9885.0,13360.0,13420.0,3475.0,6.0,178,41,,,pt
165,53,4830,inter,right,318,[175],[61],500,375,500,375,5205,5265.0,9570.0,9630.0,4305.0,4.0,175,61,,,pt
228,14,4920,inter,right,319,[206],[25],1000,751,500,375,5671,5731.0,9960.0,10020.0,4229.0,8.0,206,25,,,pt
135,0,10050,inter,right,320,[146],[24],500,375,2000,1503,10425,10485.0,15260.0,15320.0,4775.0,8.0,146,24,,,pt
170,76,5730,inter,right,321,[237; 239],[77; 87],500,375,500,375,6105,6165.0,9600.0,9660.0,3435.0,4.0,237,77,,,pt
151,1,12600,inter,right,322,[151],[24],0,0,1500,1127,12600,12660.0,17060.0,17120.0,4400.0,8.0,151,24,,,pt
215,29,5160,inter,right,323,[206],[29],1500,1127,0,0,6287,6347.0,11760.0,11820.0,5413.0,8.0,206,29,,,pt
155,75,5070,inter,right,324,[156],[74; 86],500,375,500,375,5445,5505.0,9760.0,9820.0,4255.0,8.0,156,74,,,pt
132,112,4590,inter,right,325,[145],[90; 110],1500,1127,1000,751,5717,5777.0,9870.0,9930.0,4093.0,6.0,145,110,,,pt
222,5,4320,inter,right,326,[211],[5],500,375,0,0,4695,4755.0,9870.0,9930.0,5115.0,6.0,211,5,,,pt
164,57,9450,inter,right,327,[162; 182],[57],1000,751,0,0,10201,10261.0,14700.0,14760.0,4439.0,6.0,162,57,,,pt
164,95,11850,inter,right,328,[162; 182],[85],1000,751,1000,751,12601,12661.0,17060.0,17120.0,4399.0,8.0,162,85,,,pt
134,7,5160,inter,right,329,[145],[5; 29],500,375,1000,751,5535,5595.0,9870.0,9930.0,4275.0,6.0,145,5,,,pt
198,85,5880,inter,right,330,[198],[85],0,0,0,0,5880,5940.0,9860.0,9920.0,3920.0,6.0,198,85,,,pt
218,106,14190,inter,right,331,[207],[85],500,375,1500,1127,14565,14625.0,18860.0,18920.0,4235.0,8.0,207,85,,,pt
212,82,7080,inter,right,332,[212],[61; 80],0,0,1000,751,7080,7140.0,11370.0,11430.0,4230.0,6.0,212,61,,,pt
121,96,7080,inter,right,333,[145],[85],2000,1503,500,375,8583,8643.0,13460.0,13520.0,4817.0,8.0,145,85,,,pt
192,73,9150,inter,right,334,[182],[74],500,375,500,375,9525,9585.0,13360.0,13420.0,3775.0,6.0,182,74,,,pt
212,31,5220,inter,right,335,[212],[30],0,0,500,375,5220,5280.0,9860.0,9920.0,4580.0,8.0,212,30,,,pt
171,75,7740,inter,right,336,[172; 179],[74; 86],500,375,500,375,8115,8175.0,11560.0,11620.0,3385.0,6.0,179,74,,,pt
185,83,14010,inter,right,337,[185],[85],0,0,1000,751,14010,14070.0,18860.0,18920.0,4790.0,8.0,185,85,,,pt
182,31,9780,inter,right,338,[182],[30],0,0,500,375,9780,9840.0,13460.0,13520.0,3620.0,6.0,182,30,,,pt
211,90,11790,inter,right,339,[211],[90],0,0,0,0,11790,11850.0,17160.0,17220.0,5310.0,8.0,211,90,,,pt
215,108,13170,inter,right,340,[206],[86; 110],1500,1127,1000,751,14297,14357.0,18870.0,18930.0,4513.0,6.0,206,110,,,pt
197,75,10920,inter,right,341,[198; 208],[74; 86],500,375,500,375,11295,11355.0,15160.0,15220.0,3805.0,6.0,198,74,,,pt
165,52,6960,inter,right,342,[175],[51; 60],500,375,500,375,7335,7395.0,11280.0,11340.0,3885.0,4.0,175,60,,,pt
182,24,11160,inter,right,343,[182],[24],0,0,0,0,11160,11220.0,15260.0,15320.0,4040.0,6.0,182,24,,,pt
196,36,8490,inter,right,344,[195; 207],[25; 35],500,375,500,375,8865,8925.0,13360.0,13420.0,4435.0,8.0,195,35,,,pt
157,65,5610,inter,right,345,[146; 156],[57; 64],500,375,500,375,5985,6045.0,9300.0,9360.0,3255.0,6.0,146,57,,,pt
122,59,5010,inter,right,346,[145],[59],1500,1127,0,0,6137,6197.0,9390.0,9450.0,3193.0,6.0,145,59,,,pt
209,109,7920,inter,right,347,[209],[110],0,0,500,375,7920,7980.0,11670.0,11730.0,3690.0,4.0,209,110,,,pt
193,10,7080,inter,right,348,[175; 195],[30],1000,751,2000,1503,7831,7891.0,11660.0,11720.0,3769.0,6.0,175,30,,,pt
139,43,10350,inter,right,349,[150],[41; 61],500,375,1000,751,10725,10785.0,14970.0,15030.0,4185.0,6.0,150,61,,,pt
180,47,8070,inter,right,350,[180],[46; 57],0,0,500,375,8070,8130.0,11100.0,11160.0,2970.0,4.0,180,57,,,pt
226,52,8550,inter,right,351,[206],[51; 60],2000,1503,500,375,10053,10113.0,14880.0,14940.0,4767.0,6.0,206,60,,,pt
185,110,12570,inter,right,352,[185],[110],0,0,0,0,12570,12630.0,17070.0,17130.0,4440.0,6.0,185,110,,,pt
155,12,14400,inter,right,353,[156],[24],500,375,1000,751,14775,14835.0,18860.0,18920.0,4025.0,8.0,156,24,,,pt
152,110,11040,inter,right,354,[151],[110],500,375,0,0,11415,11475.0,15270.0,15330.0,3795.0,6.0,151,110,,,pt
135,30,6900,inter,right,355,[146],[30],500,375,0,0,7275,7335.0,11660.0,11720.0,4325.0,8.0,146,30,,,pt
176,76,7830,inter,right,356,[176],[77; 87],0,0,500,375,7830,7890.0,11400.0,11460.0,3510.0,4.0,176,77,,,pt
196,34,12540,inter,right,357,[195; 207],[35],500,375,500,375,12915,12975.0,16960.0,17020.0,3985.0,8.0,195,35,,,pt
145,15,7890,inter,right,358,[145],[16; 26],0,0,500,375,7890,7950.0,11580.0,11640.0,3630.0,6.0,145,16,,,pt
147,111,8430,inter,right,359,[147],[110],0,0,500,375,8430,8490.0,13470.0,13530.0,4980.0,6.0,147,110,,,pt
144,12,14070,inter,right,360,[145],[24],500,375,1000,751,14445,14505.0,18860.0,18920.0,4355.0,8.0,145,24,,,pt
128,18,5130,inter,right,361,[126; 150],[29],1000,751,500,375,5881,5941.0,9960.0,10020.0,4019.0,6.0,126,29,,,pt
160,43,4320,inter,right,362,[149; 159],[41; 61],500,375,1000,751,4695,4755.0,7770.0,7830.0,3015.0,4.0,159,61,,,pt
162,115,9390,inter,right,363,[162],[91],0,0,2000,1503,9390,9450.0,13460.0,13520.0,4010.0,8.0,162,91,,,pt
229,112,10380,inter,right,364,[207; 231],[90; 110],1000,751,1000,751,11131,11191.0,15270.0,15330.0,4079.0,6.0,207,110,,,pt
161,103,9300,inter,right,365,[150; 162],[91],500,375,1000,751,9675,9735.0,13460.0,13520.0,3725.0,8.0,150,91,,,pt
192,12,5940,inter,right,366,[182],[24],500,375,1000,751,6315,6375.0,11660.0,11720.0,5285.0,6.0,182,24,,,pt
211,39,5550,inter,right,367,[211],[28; 38],0,0,500,375,5550,5610.0,9600.0,9660.0,3990.0,6.0,211,38,,,pt
147,106,11460,inter,right,368,[147],[85],0,0,1500,1127,11460,11520.0,15260.0,15320.0,3740.0,8.0,147,85,,,pt
131,76,9090,inter,right,369,[151],[77; 87],2000,1503,500,375,10593,10653.0,15000.0,15060.0,4347.0,6.0,151,77,,,pt
226,63,4290,inter,right,370,[206],[55; 64],2000,1503,500,375,5793,5853.0,9480.0,9540.0,3627.0,6.0,206,55,,,pt
147,60,9360,inter,right,371,[147],[60],0,0,0,0,9360,9420.0,13080.0,13140.0,3660.0,6.0,147,60,,,pt
172,43,5970,inter,right,372,[172],[41; 61],0,0,1000,751,5970,6030.0,9570.0,9630.0,3540.0,6.0,172,61,,,pt
173,112,8970,inter,right,373,[172; 181],[90; 110],500,375,1000,751,9345,9405.0,13470.0,13530.0,4065.0,6.0,172,110,,,pt
164,13,4080,inter,right,374,[162; 182],[24],1000,751,500,375,4831,4891.0,9860.0,9920.0,4969.0,8.0,162,24,,,pt
236,93,13740,inter,right,375,[212],[91],2000,1503,1000,751,15243,15303.0,20660.0,20720.0,5357.0,8.0,212,91,,,pt
152,114,5220,inter,right,376,[151],[91],500,375,1500,1127,5595,5655.0,9860.0,9920.0,4205.0,8.0,151,91,,,pt
150,90,13620,inter,right,377,[150],[90],0,0,0,0,13620,13680.0,18960.0,19020.0,5280.0,8.0,150,90,,,pt
197,37,9300,inter,right,378,[198; 208],[26; 38],500,375,500,375,9675,9735.0,13200.0,13260.0,3465.0,4.0,198,38,,,pt
219,0,5430,inter,right,379,[208; 220],[24],500,375,2000,1503,5805,5865.0,9860.0,9920.0,3995.0,8.0,208,24,,,pt
211,112,5160,inter,right,380,[211],[90; 110],0,0,1000,751,5160,5220.0,9870.0,9930.0,4650.0,6.0,211,110,,,pt
137,36,4020,inter,right,381,[137],[25; 35],0,0,500,375,4020,4080.0,7960.0,8020.0,3880.0,6.0,137,35,,,pt
137,12,6330,inter,right,382,[137],[24],0,0,1000,751,6330,6390.0,9860.0,9920.0,3470.0,6.0,137,24,,,pt
167,38,7590,inter,right,383,[167],[38],0,0,0,0,7590,7650.0,11400.0,11460.0,3750.0,6.0,167,38,,,pt
196,45,6810,inter,right,384,[195; 207],[46; 55],500,375,500,375,7185,7245.0,11280.0,11340.0,4035.0,6.0,195,55,,,pt
134,96,12270,inter,right,385,[145],[85],500,375,500,375,12645,12705.0,17060.0,17120.0,4355.0,8.0,145,85,,,pt
214,48,7200,inter,right,386,[212],[116; 117],1000,751,500,375,7951,8011.0,11010.0,11070.0,2999.0,6.0,212,117,,,pt
194,24,14400,inter,right,387,[195],[24],500,375,0,0,14775,14835.0,18860.0,18920.0,4025.0,8.0,195,24,,,pt
186,56,11670,inter,right,388,[178; 185],[56],500,375,0,0,12045,12105.0,16590.0,16650.0,4485.0,4.0,178,56,,,pt
143,59,9120,inter,right,389,[145],[59],1000,751,0,0,9871,9931.0,14790.0,14850.0,4859.0,6.0,145,59,,,pt
141,64,13890,inter,right,390,[151],[64],1000,751,0,0,14641,14701.0,18660.0,18720.0,3959.0,8.0,151,64,,,pt
142,94,3840,inter,right,391,[151],[85],1500,1127,1500,1127,4967,5027.0,9860.0,9920.0,4833.0,8.0,151,85,,,pt
234,91,6690,inter,right,392,[212],[91],1000,751,0,0,7441,7501.0,11660.0,11720.0,4159.0,8.0,212,91,,,pt
158,33,5640,inter,right,393,[147; 159],[35; 54],500,375,1000,751,6015,6075.0,9570.0,9630.0,3495.0,6.0,147,54,,,pt
133,34,6300,inter,right,394,[145],[35],1000,751,500,375,7051,7111.0,11560.0,11620.0,4449.0,8.0,145,35,,,pt
192,67,8550,inter,right,395,[182],[118; 119],500,375,500,375,8925,8985.0,12810.0,12870.0,3825.0,4.0,182,118,,,pt
226,82,3630,inter,right,396,[206],[61; 80],2000,1503,1000,751,5133,5193.0,9570.0,9630.0,4377.0,6.0,206,61,,,pt
197,37,6330,inter,right,397,[198; 208],[26; 38],500,375,500,375,6705,6765.0,9600.0,9660.0,2835.0,4.0,198,38,,,pt
144,44,4260,inter,right,398,[145],[54],500,375,500,375,4635,4695.0,9570.0,9630.0,4875.0,6.0,145,54,,,pt
234,111,4320,inter,right,399,[212],[110],1000,751,500,375,5071,5131.0,9870.0,9930.0,4739.0,6.0,212,110,,,pt
